                                      1 ;--------------------------------------------------------
                                      2 ; File Created by SDCC : free open source ANSI-C Compiler
                                      3 ; Version 4.0.0 #11528 (MINGW64)
                                      4 ;--------------------------------------------------------
                                      5 	.module 89C51Board
                                      6 	.optsdcc -mmcs51 --model-large
                                      7 	
                                      8 ;--------------------------------------------------------
                                      9 ; Public variables in this module
                                     10 ;--------------------------------------------------------
                                     11 	.globl _main
                                     12 	.globl _Rtc_WriteClock
                                     13 	.globl _Rtc_ReadClock
                                     14 	.globl _Rtc_Initialise
                                     15 	.globl _DirectWriteToDisplay
                                     16 	.globl _InitialiseLcd
                                     17 	.globl _UserProgram
                                     18 	.globl _P5_7
                                     19 	.globl _P5_6
                                     20 	.globl _P5_5
                                     21 	.globl _P5_4
                                     22 	.globl _P5_3
                                     23 	.globl _P5_2
                                     24 	.globl _P5_1
                                     25 	.globl _P5_0
                                     26 	.globl _P4_7
                                     27 	.globl _P4_6
                                     28 	.globl _P4_5
                                     29 	.globl _P4_4
                                     30 	.globl _P4_3
                                     31 	.globl _P4_2
                                     32 	.globl _P4_1
                                     33 	.globl _P4_0
                                     34 	.globl _PX0L
                                     35 	.globl _PT0L
                                     36 	.globl _PX1L
                                     37 	.globl _PT1L
                                     38 	.globl _PSL
                                     39 	.globl _PT2L
                                     40 	.globl _PPCL
                                     41 	.globl _EC
                                     42 	.globl _CCF0
                                     43 	.globl _CCF1
                                     44 	.globl _CCF2
                                     45 	.globl _CCF3
                                     46 	.globl _CCF4
                                     47 	.globl _CR
                                     48 	.globl _CF
                                     49 	.globl _TF2
                                     50 	.globl _EXF2
                                     51 	.globl _RCLK
                                     52 	.globl _TCLK
                                     53 	.globl _EXEN2
                                     54 	.globl _TR2
                                     55 	.globl _C_T2
                                     56 	.globl _CP_RL2
                                     57 	.globl _T2CON_7
                                     58 	.globl _T2CON_6
                                     59 	.globl _T2CON_5
                                     60 	.globl _T2CON_4
                                     61 	.globl _T2CON_3
                                     62 	.globl _T2CON_2
                                     63 	.globl _T2CON_1
                                     64 	.globl _T2CON_0
                                     65 	.globl _PT2
                                     66 	.globl _ET2
                                     67 	.globl _CY
                                     68 	.globl _AC
                                     69 	.globl _F0
                                     70 	.globl _RS1
                                     71 	.globl _RS0
                                     72 	.globl _OV
                                     73 	.globl _F1
                                     74 	.globl _P
                                     75 	.globl _PS
                                     76 	.globl _PT1
                                     77 	.globl _PX1
                                     78 	.globl _PT0
                                     79 	.globl _PX0
                                     80 	.globl _RD
                                     81 	.globl _WR
                                     82 	.globl _T1
                                     83 	.globl _T0
                                     84 	.globl _INT1
                                     85 	.globl _INT0
                                     86 	.globl _TXD
                                     87 	.globl _RXD
                                     88 	.globl _P3_7
                                     89 	.globl _P3_6
                                     90 	.globl _P3_5
                                     91 	.globl _P3_4
                                     92 	.globl _P3_3
                                     93 	.globl _P3_2
                                     94 	.globl _P3_1
                                     95 	.globl _P3_0
                                     96 	.globl _EA
                                     97 	.globl _ES
                                     98 	.globl _ET1
                                     99 	.globl _EX1
                                    100 	.globl _ET0
                                    101 	.globl _EX0
                                    102 	.globl _P2_7
                                    103 	.globl _P2_6
                                    104 	.globl _P2_5
                                    105 	.globl _P2_4
                                    106 	.globl _P2_3
                                    107 	.globl _P2_2
                                    108 	.globl _P2_1
                                    109 	.globl _P2_0
                                    110 	.globl _SM0
                                    111 	.globl _SM1
                                    112 	.globl _SM2
                                    113 	.globl _REN
                                    114 	.globl _TB8
                                    115 	.globl _RB8
                                    116 	.globl _TI
                                    117 	.globl _RI
                                    118 	.globl _P1_7
                                    119 	.globl _P1_6
                                    120 	.globl _P1_5
                                    121 	.globl _P1_4
                                    122 	.globl _P1_3
                                    123 	.globl _P1_2
                                    124 	.globl _P1_1
                                    125 	.globl _P1_0
                                    126 	.globl _TF1
                                    127 	.globl _TR1
                                    128 	.globl _TF0
                                    129 	.globl _TR0
                                    130 	.globl _IE1
                                    131 	.globl _IT1
                                    132 	.globl _IE0
                                    133 	.globl _IT0
                                    134 	.globl _P0_7
                                    135 	.globl _P0_6
                                    136 	.globl _P0_5
                                    137 	.globl _P0_4
                                    138 	.globl _P0_3
                                    139 	.globl _P0_2
                                    140 	.globl _P0_1
                                    141 	.globl _P0_0
                                    142 	.globl _EECON
                                    143 	.globl _KBF
                                    144 	.globl _KBE
                                    145 	.globl _KBLS
                                    146 	.globl _BRL
                                    147 	.globl _BDRCON
                                    148 	.globl _T2MOD
                                    149 	.globl _SPDAT
                                    150 	.globl _SPSTA
                                    151 	.globl _SPCON
                                    152 	.globl _SADEN
                                    153 	.globl _SADDR
                                    154 	.globl _WDTPRG
                                    155 	.globl _WDTRST
                                    156 	.globl _P5
                                    157 	.globl _P4
                                    158 	.globl _IPH1
                                    159 	.globl _IPL1
                                    160 	.globl _IPH0
                                    161 	.globl _IPL0
                                    162 	.globl _IEN1
                                    163 	.globl _IEN0
                                    164 	.globl _CMOD
                                    165 	.globl _CL
                                    166 	.globl _CH
                                    167 	.globl _CCON
                                    168 	.globl _CCAPM4
                                    169 	.globl _CCAPM3
                                    170 	.globl _CCAPM2
                                    171 	.globl _CCAPM1
                                    172 	.globl _CCAPM0
                                    173 	.globl _CCAP4L
                                    174 	.globl _CCAP3L
                                    175 	.globl _CCAP2L
                                    176 	.globl _CCAP1L
                                    177 	.globl _CCAP0L
                                    178 	.globl _CCAP4H
                                    179 	.globl _CCAP3H
                                    180 	.globl _CCAP2H
                                    181 	.globl _CCAP1H
                                    182 	.globl _CCAP0H
                                    183 	.globl _CKCON1
                                    184 	.globl _CKCON0
                                    185 	.globl _CKRL
                                    186 	.globl _AUXR1
                                    187 	.globl _AUXR
                                    188 	.globl _TH2
                                    189 	.globl _TL2
                                    190 	.globl _RCAP2H
                                    191 	.globl _RCAP2L
                                    192 	.globl _T2CON
                                    193 	.globl _B
                                    194 	.globl _ACC
                                    195 	.globl _PSW
                                    196 	.globl _IP
                                    197 	.globl _P3
                                    198 	.globl _IE
                                    199 	.globl _P2
                                    200 	.globl _SBUF
                                    201 	.globl _SCON
                                    202 	.globl _P1
                                    203 	.globl _TH1
                                    204 	.globl _TH0
                                    205 	.globl _TL1
                                    206 	.globl _TL0
                                    207 	.globl _TMOD
                                    208 	.globl _TCON
                                    209 	.globl _PCON
                                    210 	.globl _DPH
                                    211 	.globl _DPL
                                    212 	.globl _SP
                                    213 	.globl _P0
                                    214 	.globl _timers
                                    215 	.globl _pCrashDump
                                    216 	.globl _pSetOutputPortValues
                                    217 	.globl _pGetInputPortValues
                                    218 	.globl _pGetKeyState
                                    219 	.globl _pWriteDisplayBuffer
                                    220 	.globl _pSetRtc
                                    221 	.globl _pGetRtc
                                    222 	.globl _pEnableTimer
                                    223 	.globl _pRegisterForTimer
                                    224 	.globl _Hardware_ScheduleUserCalls
                                    225 	.globl _Hardware_InitialiseHardware
                                    226 	.globl _Hardware_RegisterForTimer
                                    227 	.globl _Hardware_EnableTimer
                                    228 	.globl _Hardware_WriteDisplayBuffer
                                    229 	.globl _Hardware_SetRtc
                                    230 	.globl _Hardware_GetRtc
                                    231 	.globl _Hardware_GetKeyState
                                    232 	.globl _Hardware_GetInputPortValues
                                    233 	.globl _Hardware_SetOutputPortValues
                                    234 	.globl _Hardware_CrashDump
                                    235 ;--------------------------------------------------------
                                    236 ; special function registers
                                    237 ;--------------------------------------------------------
                                    238 	.area RSEG    (ABS,DATA)
      000000                        239 	.org 0x0000
                           000080   240 _P0	=	0x0080
                           000081   241 _SP	=	0x0081
                           000082   242 _DPL	=	0x0082
                           000083   243 _DPH	=	0x0083
                           000087   244 _PCON	=	0x0087
                           000088   245 _TCON	=	0x0088
                           000089   246 _TMOD	=	0x0089
                           00008A   247 _TL0	=	0x008a
                           00008B   248 _TL1	=	0x008b
                           00008C   249 _TH0	=	0x008c
                           00008D   250 _TH1	=	0x008d
                           000090   251 _P1	=	0x0090
                           000098   252 _SCON	=	0x0098
                           000099   253 _SBUF	=	0x0099
                           0000A0   254 _P2	=	0x00a0
                           0000A8   255 _IE	=	0x00a8
                           0000B0   256 _P3	=	0x00b0
                           0000B8   257 _IP	=	0x00b8
                           0000D0   258 _PSW	=	0x00d0
                           0000E0   259 _ACC	=	0x00e0
                           0000F0   260 _B	=	0x00f0
                           0000C8   261 _T2CON	=	0x00c8
                           0000CA   262 _RCAP2L	=	0x00ca
                           0000CB   263 _RCAP2H	=	0x00cb
                           0000CC   264 _TL2	=	0x00cc
                           0000CD   265 _TH2	=	0x00cd
                           00008E   266 _AUXR	=	0x008e
                           0000A2   267 _AUXR1	=	0x00a2
                           000097   268 _CKRL	=	0x0097
                           00008F   269 _CKCON0	=	0x008f
                           0000AF   270 _CKCON1	=	0x00af
                           0000FA   271 _CCAP0H	=	0x00fa
                           0000FB   272 _CCAP1H	=	0x00fb
                           0000FC   273 _CCAP2H	=	0x00fc
                           0000FD   274 _CCAP3H	=	0x00fd
                           0000FE   275 _CCAP4H	=	0x00fe
                           0000EA   276 _CCAP0L	=	0x00ea
                           0000EB   277 _CCAP1L	=	0x00eb
                           0000EC   278 _CCAP2L	=	0x00ec
                           0000ED   279 _CCAP3L	=	0x00ed
                           0000EE   280 _CCAP4L	=	0x00ee
                           0000DA   281 _CCAPM0	=	0x00da
                           0000DB   282 _CCAPM1	=	0x00db
                           0000DC   283 _CCAPM2	=	0x00dc
                           0000DD   284 _CCAPM3	=	0x00dd
                           0000DE   285 _CCAPM4	=	0x00de
                           0000D8   286 _CCON	=	0x00d8
                           0000F9   287 _CH	=	0x00f9
                           0000E9   288 _CL	=	0x00e9
                           0000D9   289 _CMOD	=	0x00d9
                           0000A8   290 _IEN0	=	0x00a8
                           0000B1   291 _IEN1	=	0x00b1
                           0000B8   292 _IPL0	=	0x00b8
                           0000B7   293 _IPH0	=	0x00b7
                           0000B2   294 _IPL1	=	0x00b2
                           0000B3   295 _IPH1	=	0x00b3
                           0000C0   296 _P4	=	0x00c0
                           0000E8   297 _P5	=	0x00e8
                           0000A6   298 _WDTRST	=	0x00a6
                           0000A7   299 _WDTPRG	=	0x00a7
                           0000A9   300 _SADDR	=	0x00a9
                           0000B9   301 _SADEN	=	0x00b9
                           0000C3   302 _SPCON	=	0x00c3
                           0000C4   303 _SPSTA	=	0x00c4
                           0000C5   304 _SPDAT	=	0x00c5
                           0000C9   305 _T2MOD	=	0x00c9
                           00009B   306 _BDRCON	=	0x009b
                           00009A   307 _BRL	=	0x009a
                           00009C   308 _KBLS	=	0x009c
                           00009D   309 _KBE	=	0x009d
                           00009E   310 _KBF	=	0x009e
                           0000D2   311 _EECON	=	0x00d2
                                    312 ;--------------------------------------------------------
                                    313 ; special function bits
                                    314 ;--------------------------------------------------------
                                    315 	.area RSEG    (ABS,DATA)
      000000                        316 	.org 0x0000
                           000080   317 _P0_0	=	0x0080
                           000081   318 _P0_1	=	0x0081
                           000082   319 _P0_2	=	0x0082
                           000083   320 _P0_3	=	0x0083
                           000084   321 _P0_4	=	0x0084
                           000085   322 _P0_5	=	0x0085
                           000086   323 _P0_6	=	0x0086
                           000087   324 _P0_7	=	0x0087
                           000088   325 _IT0	=	0x0088
                           000089   326 _IE0	=	0x0089
                           00008A   327 _IT1	=	0x008a
                           00008B   328 _IE1	=	0x008b
                           00008C   329 _TR0	=	0x008c
                           00008D   330 _TF0	=	0x008d
                           00008E   331 _TR1	=	0x008e
                           00008F   332 _TF1	=	0x008f
                           000090   333 _P1_0	=	0x0090
                           000091   334 _P1_1	=	0x0091
                           000092   335 _P1_2	=	0x0092
                           000093   336 _P1_3	=	0x0093
                           000094   337 _P1_4	=	0x0094
                           000095   338 _P1_5	=	0x0095
                           000096   339 _P1_6	=	0x0096
                           000097   340 _P1_7	=	0x0097
                           000098   341 _RI	=	0x0098
                           000099   342 _TI	=	0x0099
                           00009A   343 _RB8	=	0x009a
                           00009B   344 _TB8	=	0x009b
                           00009C   345 _REN	=	0x009c
                           00009D   346 _SM2	=	0x009d
                           00009E   347 _SM1	=	0x009e
                           00009F   348 _SM0	=	0x009f
                           0000A0   349 _P2_0	=	0x00a0
                           0000A1   350 _P2_1	=	0x00a1
                           0000A2   351 _P2_2	=	0x00a2
                           0000A3   352 _P2_3	=	0x00a3
                           0000A4   353 _P2_4	=	0x00a4
                           0000A5   354 _P2_5	=	0x00a5
                           0000A6   355 _P2_6	=	0x00a6
                           0000A7   356 _P2_7	=	0x00a7
                           0000A8   357 _EX0	=	0x00a8
                           0000A9   358 _ET0	=	0x00a9
                           0000AA   359 _EX1	=	0x00aa
                           0000AB   360 _ET1	=	0x00ab
                           0000AC   361 _ES	=	0x00ac
                           0000AF   362 _EA	=	0x00af
                           0000B0   363 _P3_0	=	0x00b0
                           0000B1   364 _P3_1	=	0x00b1
                           0000B2   365 _P3_2	=	0x00b2
                           0000B3   366 _P3_3	=	0x00b3
                           0000B4   367 _P3_4	=	0x00b4
                           0000B5   368 _P3_5	=	0x00b5
                           0000B6   369 _P3_6	=	0x00b6
                           0000B7   370 _P3_7	=	0x00b7
                           0000B0   371 _RXD	=	0x00b0
                           0000B1   372 _TXD	=	0x00b1
                           0000B2   373 _INT0	=	0x00b2
                           0000B3   374 _INT1	=	0x00b3
                           0000B4   375 _T0	=	0x00b4
                           0000B5   376 _T1	=	0x00b5
                           0000B6   377 _WR	=	0x00b6
                           0000B7   378 _RD	=	0x00b7
                           0000B8   379 _PX0	=	0x00b8
                           0000B9   380 _PT0	=	0x00b9
                           0000BA   381 _PX1	=	0x00ba
                           0000BB   382 _PT1	=	0x00bb
                           0000BC   383 _PS	=	0x00bc
                           0000D0   384 _P	=	0x00d0
                           0000D1   385 _F1	=	0x00d1
                           0000D2   386 _OV	=	0x00d2
                           0000D3   387 _RS0	=	0x00d3
                           0000D4   388 _RS1	=	0x00d4
                           0000D5   389 _F0	=	0x00d5
                           0000D6   390 _AC	=	0x00d6
                           0000D7   391 _CY	=	0x00d7
                           0000AD   392 _ET2	=	0x00ad
                           0000BD   393 _PT2	=	0x00bd
                           0000C8   394 _T2CON_0	=	0x00c8
                           0000C9   395 _T2CON_1	=	0x00c9
                           0000CA   396 _T2CON_2	=	0x00ca
                           0000CB   397 _T2CON_3	=	0x00cb
                           0000CC   398 _T2CON_4	=	0x00cc
                           0000CD   399 _T2CON_5	=	0x00cd
                           0000CE   400 _T2CON_6	=	0x00ce
                           0000CF   401 _T2CON_7	=	0x00cf
                           0000C8   402 _CP_RL2	=	0x00c8
                           0000C9   403 _C_T2	=	0x00c9
                           0000CA   404 _TR2	=	0x00ca
                           0000CB   405 _EXEN2	=	0x00cb
                           0000CC   406 _TCLK	=	0x00cc
                           0000CD   407 _RCLK	=	0x00cd
                           0000CE   408 _EXF2	=	0x00ce
                           0000CF   409 _TF2	=	0x00cf
                           0000DF   410 _CF	=	0x00df
                           0000DE   411 _CR	=	0x00de
                           0000DC   412 _CCF4	=	0x00dc
                           0000DB   413 _CCF3	=	0x00db
                           0000DA   414 _CCF2	=	0x00da
                           0000D9   415 _CCF1	=	0x00d9
                           0000D8   416 _CCF0	=	0x00d8
                           0000AE   417 _EC	=	0x00ae
                           0000BE   418 _PPCL	=	0x00be
                           0000BD   419 _PT2L	=	0x00bd
                           0000BC   420 _PSL	=	0x00bc
                           0000BB   421 _PT1L	=	0x00bb
                           0000BA   422 _PX1L	=	0x00ba
                           0000B9   423 _PT0L	=	0x00b9
                           0000B8   424 _PX0L	=	0x00b8
                           0000C0   425 _P4_0	=	0x00c0
                           0000C1   426 _P4_1	=	0x00c1
                           0000C2   427 _P4_2	=	0x00c2
                           0000C3   428 _P4_3	=	0x00c3
                           0000C4   429 _P4_4	=	0x00c4
                           0000C5   430 _P4_5	=	0x00c5
                           0000C6   431 _P4_6	=	0x00c6
                           0000C7   432 _P4_7	=	0x00c7
                           0000E8   433 _P5_0	=	0x00e8
                           0000E9   434 _P5_1	=	0x00e9
                           0000EA   435 _P5_2	=	0x00ea
                           0000EB   436 _P5_3	=	0x00eb
                           0000EC   437 _P5_4	=	0x00ec
                           0000ED   438 _P5_5	=	0x00ed
                           0000EE   439 _P5_6	=	0x00ee
                           0000EF   440 _P5_7	=	0x00ef
                                    441 ;--------------------------------------------------------
                                    442 ; overlayable register banks
                                    443 ;--------------------------------------------------------
                                    444 	.area REG_BANK_0	(REL,OVR,DATA)
      000000                        445 	.ds 8
                                    446 ;--------------------------------------------------------
                                    447 ; internal ram data
                                    448 ;--------------------------------------------------------
                                    449 	.area DSEG    (DATA)
                                    450 ;--------------------------------------------------------
                                    451 ; overlayable items in internal ram 
                                    452 ;--------------------------------------------------------
                                    453 ;--------------------------------------------------------
                                    454 ; Stack segment in internal ram 
                                    455 ;--------------------------------------------------------
                                    456 	.area	SSEG
      000000                        457 __start__stack:
      000000                        458 	.ds	1
                                    459 
                                    460 ;--------------------------------------------------------
                                    461 ; indirectly addressable internal ram data
                                    462 ;--------------------------------------------------------
                                    463 	.area ISEG    (DATA)
                                    464 ;--------------------------------------------------------
                                    465 ; absolute internal ram data
                                    466 ;--------------------------------------------------------
                                    467 	.area IABS    (ABS,DATA)
                                    468 	.area IABS    (ABS,DATA)
                                    469 ;--------------------------------------------------------
                                    470 ; bit data
                                    471 ;--------------------------------------------------------
                                    472 	.area BSEG    (BIT)
                                    473 ;--------------------------------------------------------
                                    474 ; paged external ram data
                                    475 ;--------------------------------------------------------
                                    476 	.area PSEG    (PAG,XDATA)
                                    477 ;--------------------------------------------------------
                                    478 ; external ram data
                                    479 ;--------------------------------------------------------
                                    480 	.area XSEG    (XDATA)
      000000                        481 _pRegisterForTimer::
      000000                        482 	.ds 2
      000002                        483 _pEnableTimer::
      000002                        484 	.ds 2
      000004                        485 _pGetRtc::
      000004                        486 	.ds 2
      000006                        487 _pSetRtc::
      000006                        488 	.ds 2
      000008                        489 _pWriteDisplayBuffer::
      000008                        490 	.ds 2
      00000A                        491 _pGetKeyState::
      00000A                        492 	.ds 2
      00000C                        493 _pGetInputPortValues::
      00000C                        494 	.ds 2
      00000E                        495 _pSetOutputPortValues::
      00000E                        496 	.ds 2
      000010                        497 _pCrashDump::
      000010                        498 	.ds 2
      000012                        499 _timers::
      000012                        500 	.ds 90
                                    501 ;--------------------------------------------------------
                                    502 ; absolute external ram data
                                    503 ;--------------------------------------------------------
                                    504 	.area XABS    (ABS,XDATA)
                                    505 ;--------------------------------------------------------
                                    506 ; external initialized ram data
                                    507 ;--------------------------------------------------------
                                    508 	.area XISEG   (XDATA)
                                    509 	.area HOME    (CODE)
                                    510 	.area GSINIT0 (CODE)
                                    511 	.area GSINIT1 (CODE)
                                    512 	.area GSINIT2 (CODE)
                                    513 	.area GSINIT3 (CODE)
                                    514 	.area GSINIT4 (CODE)
                                    515 	.area GSINIT5 (CODE)
                                    516 	.area GSINIT  (CODE)
                                    517 	.area GSFINAL (CODE)
                                    518 	.area CSEG    (CODE)
                                    519 ;--------------------------------------------------------
                                    520 ; interrupt vector 
                                    521 ;--------------------------------------------------------
                                    522 	.area HOME    (CODE)
      000000                        523 __interrupt_vect:
      000000 02r00r00         [24]  524 	ljmp	__sdcc_gsinit_startup
                                    525 ;--------------------------------------------------------
                                    526 ; global & static initialisations
                                    527 ;--------------------------------------------------------
                                    528 	.area HOME    (CODE)
                                    529 	.area GSINIT  (CODE)
                                    530 	.area GSFINAL (CODE)
                                    531 	.area GSINIT  (CODE)
                                    532 	.globl __sdcc_gsinit_startup
                                    533 	.globl __sdcc_program_startup
                                    534 	.globl __start__stack
                                    535 	.globl __mcs51_genXINIT
                                    536 	.globl __mcs51_genXRAMCLEAR
                                    537 	.globl __mcs51_genRAMCLEAR
                                    538 	.area GSFINAL (CODE)
      000000 02r00r03         [24]  539 	ljmp	__sdcc_program_startup
                                    540 ;--------------------------------------------------------
                                    541 ; Home
                                    542 ;--------------------------------------------------------
                                    543 	.area HOME    (CODE)
                                    544 	.area HOME    (CODE)
      000003                        545 __sdcc_program_startup:
      000003 02r00r00         [24]  546 	ljmp	_main
                                    547 ;	return from main will return to caller
                                    548 ;--------------------------------------------------------
                                    549 ; code
                                    550 ;--------------------------------------------------------
                                    551 	.area CSEG    (CODE)
                                    552 ;------------------------------------------------------------
                                    553 ;Allocation info for local variables in function 'main'
                                    554 ;------------------------------------------------------------
                                    555 ;	89C51Board.c:60: void main(void)
                                    556 ;	-----------------------------------------
                                    557 ;	 function main
                                    558 ;	-----------------------------------------
      000000                        559 _main:
                           000007   560 	ar7 = 0x07
                           000006   561 	ar6 = 0x06
                           000005   562 	ar5 = 0x05
                           000004   563 	ar4 = 0x04
                           000003   564 	ar3 = 0x03
                           000002   565 	ar2 = 0x02
                           000001   566 	ar1 = 0x01
                           000000   567 	ar0 = 0x00
                                    568 ;	89C51Board.c:62: CKCON0 = 0x01;						// Initial X2 Mode (BUS Clock = 58.9824 MHz) 
      000000 75 8F 01         [24]  569 	mov	_CKCON0,#0x01
                                    570 ;	89C51Board.c:66: Hardware_InitialiseHardware();
      000003 12r01rD7         [24]  571 	lcall	_Hardware_InitialiseHardware
                                    572 ;	89C51Board.c:74: UserProgram();
      000006 12r00r00         [24]  573 	lcall	_UserProgram
                                    574 ;	89C51Board.c:76: Hardware_ScheduleUserCalls();
                                    575 ;	89C51Board.c:78: }   
      000009 02r00r0C         [24]  576 	ljmp	_Hardware_ScheduleUserCalls
                                    577 ;------------------------------------------------------------
                                    578 ;Allocation info for local variables in function 'Hardware_ScheduleUserCalls'
                                    579 ;------------------------------------------------------------
                                    580 ;timerCounter              Allocated to stack - _bp +8
                                    581 ;c                         Allocated to stack - _bp +4
                                    582 ;pTimer                    Allocated to stack - _bp +10
                                    583 ;sloc0                     Allocated to stack - _bp +1
                                    584 ;------------------------------------------------------------
                                    585 ;	89C51Board.c:81: void Hardware_ScheduleUserCalls() REENTRANT
                                    586 ;	-----------------------------------------
                                    587 ;	 function Hardware_ScheduleUserCalls
                                    588 ;	-----------------------------------------
      00000C                        589 _Hardware_ScheduleUserCalls:
      00000C C0*00            [24]  590 	push	_bp
      00000E E5 81            [12]  591 	mov	a,sp
      000010 F5*00            [12]  592 	mov	_bp,a
      000012 24 0C            [12]  593 	add	a,#0x0c
      000014 F5 81            [12]  594 	mov	sp,a
                                    595 ;	89C51Board.c:88: for (timerCounter = 0; timerCounter < MAX_TIMERS; ++timerCounter)
      000016                        596 00121$:
      000016 E5*00            [12]  597 	mov	a,_bp
      000018 24 08            [12]  598 	add	a,#0x08
      00001A F8               [12]  599 	mov	r0,a
      00001B E4               [12]  600 	clr	a
      00001C F6               [12]  601 	mov	@r0,a
      00001D 08               [12]  602 	inc	r0
      00001E F6               [12]  603 	mov	@r0,a
      00001F 7C 00            [12]  604 	mov	r4,#0x00
      000021 7D 00            [12]  605 	mov	r5,#0x00
      000023                        606 00111$:
                                    607 ;	89C51Board.c:90: TimerSetup *pTimer = timers + timerCounter;
      000023 EC               [12]  608 	mov	a,r4
      000024 24r12            [12]  609 	add	a,#_timers
      000026 FA               [12]  610 	mov	r2,a
      000027 ED               [12]  611 	mov	a,r5
      000028 34s00            [12]  612 	addc	a,#(_timers >> 8)
      00002A FB               [12]  613 	mov	r3,a
      00002B E5*00            [12]  614 	mov	a,_bp
      00002D 24 0A            [12]  615 	add	a,#0x0a
      00002F F8               [12]  616 	mov	r0,a
      000030 A6 02            [24]  617 	mov	@r0,ar2
      000032 08               [12]  618 	inc	r0
      000033 A6 03            [24]  619 	mov	@r0,ar3
      000035 08               [12]  620 	inc	r0
      000036 76 00            [12]  621 	mov	@r0,#0x00
                                    622 ;	89C51Board.c:91: if (pTimer->cookie != 0 && pTimer->periodMilliseconds <= pTimer->ticksSoFar && pTimer->enabled)
      000038 E5*00            [12]  623 	mov	a,_bp
      00003A 24 0A            [12]  624 	add	a,#0x0a
      00003C F8               [12]  625 	mov	r0,a
      00003D 86 82            [24]  626 	mov	dpl,@r0
      00003F 08               [12]  627 	inc	r0
      000040 86 83            [24]  628 	mov	dph,@r0
      000042 08               [12]  629 	inc	r0
      000043 86 F0            [24]  630 	mov	b,@r0
      000045 12r00r00         [24]  631 	lcall	__gptrget
      000048 FE               [12]  632 	mov	r6,a
      000049 A3               [24]  633 	inc	dptr
      00004A 12r00r00         [24]  634 	lcall	__gptrget
      00004D FF               [12]  635 	mov	r7,a
      00004E 4E               [12]  636 	orl	a,r6
      00004F 70 03            [24]  637 	jnz	00151$
      000051 02r01r31         [24]  638 	ljmp	00102$
      000054                        639 00151$:
      000054 E5*00            [12]  640 	mov	a,_bp
      000056 24 0A            [12]  641 	add	a,#0x0a
      000058 F8               [12]  642 	mov	r0,a
      000059 74 02            [12]  643 	mov	a,#0x02
      00005B 26               [12]  644 	add	a,@r0
      00005C FB               [12]  645 	mov	r3,a
      00005D E4               [12]  646 	clr	a
      00005E 08               [12]  647 	inc	r0
      00005F 36               [12]  648 	addc	a,@r0
      000060 FE               [12]  649 	mov	r6,a
      000061 08               [12]  650 	inc	r0
      000062 86 07            [24]  651 	mov	ar7,@r0
      000064 8B 82            [24]  652 	mov	dpl,r3
      000066 8E 83            [24]  653 	mov	dph,r6
      000068 8F F0            [24]  654 	mov	b,r7
      00006A 12r00r00         [24]  655 	lcall	__gptrget
      00006D FB               [12]  656 	mov	r3,a
      00006E A3               [24]  657 	inc	dptr
      00006F 12r00r00         [24]  658 	lcall	__gptrget
      000072 FE               [12]  659 	mov	r6,a
      000073 E5*00            [12]  660 	mov	a,_bp
      000075 24 0A            [12]  661 	add	a,#0x0a
      000077 F8               [12]  662 	mov	r0,a
      000078 A9*00            [24]  663 	mov	r1,_bp
      00007A 09               [12]  664 	inc	r1
      00007B 74 04            [12]  665 	mov	a,#0x04
      00007D 26               [12]  666 	add	a,@r0
      00007E F7               [12]  667 	mov	@r1,a
      00007F E4               [12]  668 	clr	a
      000080 08               [12]  669 	inc	r0
      000081 36               [12]  670 	addc	a,@r0
      000082 09               [12]  671 	inc	r1
      000083 F7               [12]  672 	mov	@r1,a
      000084 08               [12]  673 	inc	r0
      000085 09               [12]  674 	inc	r1
      000086 E6               [12]  675 	mov	a,@r0
      000087 F7               [12]  676 	mov	@r1,a
      000088 A8*00            [24]  677 	mov	r0,_bp
      00008A 08               [12]  678 	inc	r0
      00008B 86 82            [24]  679 	mov	dpl,@r0
      00008D 08               [12]  680 	inc	r0
      00008E 86 83            [24]  681 	mov	dph,@r0
      000090 08               [12]  682 	inc	r0
      000091 86 F0            [24]  683 	mov	b,@r0
      000093 12r00r00         [24]  684 	lcall	__gptrget
      000096 FA               [12]  685 	mov	r2,a
      000097 A3               [24]  686 	inc	dptr
      000098 12r00r00         [24]  687 	lcall	__gptrget
      00009B FF               [12]  688 	mov	r7,a
      00009C C3               [12]  689 	clr	c
      00009D EA               [12]  690 	mov	a,r2
      00009E 9B               [12]  691 	subb	a,r3
      00009F EF               [12]  692 	mov	a,r7
      0000A0 64 80            [12]  693 	xrl	a,#0x80
      0000A2 8E F0            [24]  694 	mov	b,r6
      0000A4 63 F0 80         [24]  695 	xrl	b,#0x80
      0000A7 95 F0            [12]  696 	subb	a,b
      0000A9 50 03            [24]  697 	jnc	00152$
      0000AB 02r01r31         [24]  698 	ljmp	00102$
      0000AE                        699 00152$:
      0000AE E5*00            [12]  700 	mov	a,_bp
      0000B0 24 0A            [12]  701 	add	a,#0x0a
      0000B2 F8               [12]  702 	mov	r0,a
      0000B3 74 06            [12]  703 	mov	a,#0x06
      0000B5 26               [12]  704 	add	a,@r0
      0000B6 FB               [12]  705 	mov	r3,a
      0000B7 E4               [12]  706 	clr	a
      0000B8 08               [12]  707 	inc	r0
      0000B9 36               [12]  708 	addc	a,@r0
      0000BA FE               [12]  709 	mov	r6,a
      0000BB 08               [12]  710 	inc	r0
      0000BC 86 07            [24]  711 	mov	ar7,@r0
      0000BE 8B 82            [24]  712 	mov	dpl,r3
      0000C0 8E 83            [24]  713 	mov	dph,r6
      0000C2 8F F0            [24]  714 	mov	b,r7
      0000C4 12r00r00         [24]  715 	lcall	__gptrget
      0000C7 60 68            [24]  716 	jz	00102$
                                    717 ;	89C51Board.c:94: pTimer->ticksSoFar = 0;
      0000C9 A8*00            [24]  718 	mov	r0,_bp
      0000CB 08               [12]  719 	inc	r0
      0000CC 86 82            [24]  720 	mov	dpl,@r0
      0000CE 08               [12]  721 	inc	r0
      0000CF 86 83            [24]  722 	mov	dph,@r0
      0000D1 08               [12]  723 	inc	r0
      0000D2 86 F0            [24]  724 	mov	b,@r0
      0000D4 E4               [12]  725 	clr	a
      0000D5 12r00r00         [24]  726 	lcall	__gptrput
      0000D8 A3               [24]  727 	inc	dptr
      0000D9 12r00r00         [24]  728 	lcall	__gptrput
                                    729 ;	89C51Board.c:95: pTimer->callback(pTimer->cookie);
      0000DC E5*00            [12]  730 	mov	a,_bp
      0000DE 24 0A            [12]  731 	add	a,#0x0a
      0000E0 F8               [12]  732 	mov	r0,a
      0000E1 74 07            [12]  733 	mov	a,#0x07
      0000E3 26               [12]  734 	add	a,@r0
      0000E4 FB               [12]  735 	mov	r3,a
      0000E5 E4               [12]  736 	clr	a
      0000E6 08               [12]  737 	inc	r0
      0000E7 36               [12]  738 	addc	a,@r0
      0000E8 FE               [12]  739 	mov	r6,a
      0000E9 08               [12]  740 	inc	r0
      0000EA 86 07            [24]  741 	mov	ar7,@r0
      0000EC 8B 82            [24]  742 	mov	dpl,r3
      0000EE 8E 83            [24]  743 	mov	dph,r6
      0000F0 8F F0            [24]  744 	mov	b,r7
      0000F2 12r00r00         [24]  745 	lcall	__gptrget
      0000F5 FB               [12]  746 	mov	r3,a
      0000F6 A3               [24]  747 	inc	dptr
      0000F7 12r00r00         [24]  748 	lcall	__gptrget
      0000FA FE               [12]  749 	mov	r6,a
      0000FB E5*00            [12]  750 	mov	a,_bp
      0000FD 24 0A            [12]  751 	add	a,#0x0a
      0000FF F8               [12]  752 	mov	r0,a
      000100 86 82            [24]  753 	mov	dpl,@r0
      000102 08               [12]  754 	inc	r0
      000103 86 83            [24]  755 	mov	dph,@r0
      000105 08               [12]  756 	inc	r0
      000106 86 F0            [24]  757 	mov	b,@r0
      000108 12r00r00         [24]  758 	lcall	__gptrget
      00010B FA               [12]  759 	mov	r2,a
      00010C A3               [24]  760 	inc	dptr
      00010D 12r00r00         [24]  761 	lcall	__gptrget
      000110 FF               [12]  762 	mov	r7,a
      000111 C0 06            [24]  763 	push	ar6
      000113 C0 05            [24]  764 	push	ar5
      000115 C0 04            [24]  765 	push	ar4
      000117 C0 03            [24]  766 	push	ar3
      000119 12r01r1E         [24]  767 	lcall	00154$
      00011C 80 09            [24]  768 	sjmp	00155$
      00011E                        769 00154$:
      00011E C0 03            [24]  770 	push	ar3
      000120 C0 06            [24]  771 	push	ar6
      000122 8A 82            [24]  772 	mov	dpl,r2
      000124 8F 83            [24]  773 	mov	dph,r7
      000126 22               [24]  774 	ret
      000127                        775 00155$:
      000127 D0 03            [24]  776 	pop	ar3
      000129 D0 04            [24]  777 	pop	ar4
      00012B D0 05            [24]  778 	pop	ar5
      00012D D0 06            [24]  779 	pop	ar6
      00012F 80 3B            [24]  780 	sjmp	00112$
      000131                        781 00102$:
                                    782 ;	89C51Board.c:99: pTimer->ticksSoFar++;
      000131 C0 04            [24]  783 	push	ar4
      000133 C0 05            [24]  784 	push	ar5
      000135 E5*00            [12]  785 	mov	a,_bp
      000137 24 0A            [12]  786 	add	a,#0x0a
      000139 F8               [12]  787 	mov	r0,a
      00013A 74 04            [12]  788 	mov	a,#0x04
      00013C 26               [12]  789 	add	a,@r0
      00013D FB               [12]  790 	mov	r3,a
      00013E E4               [12]  791 	clr	a
      00013F 08               [12]  792 	inc	r0
      000140 36               [12]  793 	addc	a,@r0
      000141 FE               [12]  794 	mov	r6,a
      000142 08               [12]  795 	inc	r0
      000143 86 07            [24]  796 	mov	ar7,@r0
      000145 8B 82            [24]  797 	mov	dpl,r3
      000147 8E 83            [24]  798 	mov	dph,r6
      000149 8F F0            [24]  799 	mov	b,r7
      00014B 12r00r00         [24]  800 	lcall	__gptrget
      00014E FA               [12]  801 	mov	r2,a
      00014F A3               [24]  802 	inc	dptr
      000150 12r00r00         [24]  803 	lcall	__gptrget
      000153 FD               [12]  804 	mov	r5,a
      000154 0A               [12]  805 	inc	r2
      000155 BA 00 01         [24]  806 	cjne	r2,#0x00,00156$
      000158 0D               [12]  807 	inc	r5
      000159                        808 00156$:
      000159 8B 82            [24]  809 	mov	dpl,r3
      00015B 8E 83            [24]  810 	mov	dph,r6
      00015D 8F F0            [24]  811 	mov	b,r7
      00015F EA               [12]  812 	mov	a,r2
      000160 12r00r00         [24]  813 	lcall	__gptrput
      000163 A3               [24]  814 	inc	dptr
      000164 ED               [12]  815 	mov	a,r5
      000165 12r00r00         [24]  816 	lcall	__gptrput
                                    817 ;	89C51Board.c:104: for (c = 0; c < 100; ++c)
      000168 D0 05            [24]  818 	pop	ar5
      00016A D0 04            [24]  819 	pop	ar4
                                    820 ;	89C51Board.c:99: pTimer->ticksSoFar++;
      00016C                        821 00112$:
                                    822 ;	89C51Board.c:88: for (timerCounter = 0; timerCounter < MAX_TIMERS; ++timerCounter)
      00016C 74 09            [12]  823 	mov	a,#0x09
      00016E 2C               [12]  824 	add	a,r4
      00016F FC               [12]  825 	mov	r4,a
      000170 E4               [12]  826 	clr	a
      000171 3D               [12]  827 	addc	a,r5
      000172 FD               [12]  828 	mov	r5,a
      000173 E5*00            [12]  829 	mov	a,_bp
      000175 24 08            [12]  830 	add	a,#0x08
      000177 F8               [12]  831 	mov	r0,a
      000178 06               [12]  832 	inc	@r0
      000179 B6 00 02         [24]  833 	cjne	@r0,#0x00,00157$
      00017C 08               [12]  834 	inc	r0
      00017D 06               [12]  835 	inc	@r0
      00017E                        836 00157$:
      00017E E5*00            [12]  837 	mov	a,_bp
      000180 24 08            [12]  838 	add	a,#0x08
      000182 F8               [12]  839 	mov	r0,a
      000183 C3               [12]  840 	clr	c
      000184 E6               [12]  841 	mov	a,@r0
      000185 94 0A            [12]  842 	subb	a,#0x0a
      000187 08               [12]  843 	inc	r0
      000188 E6               [12]  844 	mov	a,@r0
      000189 64 80            [12]  845 	xrl	a,#0x80
      00018B 94 80            [12]  846 	subb	a,#0x80
      00018D 50 03            [24]  847 	jnc	00158$
      00018F 02r00r23         [24]  848 	ljmp	00111$
      000192                        849 00158$:
                                    850 ;	89C51Board.c:104: for (c = 0; c < 100; ++c)
      000192 E5*00            [12]  851 	mov	a,_bp
      000194 24 04            [12]  852 	add	a,#0x04
      000196 F8               [12]  853 	mov	r0,a
      000197 76 64            [12]  854 	mov	@r0,#0x64
      000199 E4               [12]  855 	clr	a
      00019A 08               [12]  856 	inc	r0
      00019B F6               [12]  857 	mov	@r0,a
      00019C 08               [12]  858 	inc	r0
      00019D F6               [12]  859 	mov	@r0,a
      00019E 08               [12]  860 	inc	r0
      00019F F6               [12]  861 	mov	@r0,a
      0001A0                        862 00115$:
      0001A0 E5*00            [12]  863 	mov	a,_bp
      0001A2 24 04            [12]  864 	add	a,#0x04
      0001A4 F8               [12]  865 	mov	r0,a
      0001A5 E6               [12]  866 	mov	a,@r0
      0001A6 24 FF            [12]  867 	add	a,#0xff
      0001A8 FA               [12]  868 	mov	r2,a
      0001A9 08               [12]  869 	inc	r0
      0001AA E6               [12]  870 	mov	a,@r0
      0001AB 34 FF            [12]  871 	addc	a,#0xff
      0001AD FB               [12]  872 	mov	r3,a
      0001AE 08               [12]  873 	inc	r0
      0001AF E6               [12]  874 	mov	a,@r0
      0001B0 34 FF            [12]  875 	addc	a,#0xff
      0001B2 FE               [12]  876 	mov	r6,a
      0001B3 08               [12]  877 	inc	r0
      0001B4 E6               [12]  878 	mov	a,@r0
      0001B5 34 FF            [12]  879 	addc	a,#0xff
      0001B7 FF               [12]  880 	mov	r7,a
      0001B8 E5*00            [12]  881 	mov	a,_bp
      0001BA 24 04            [12]  882 	add	a,#0x04
      0001BC F8               [12]  883 	mov	r0,a
      0001BD A6 02            [24]  884 	mov	@r0,ar2
      0001BF 08               [12]  885 	inc	r0
      0001C0 A6 03            [24]  886 	mov	@r0,ar3
      0001C2 08               [12]  887 	inc	r0
      0001C3 A6 06            [24]  888 	mov	@r0,ar6
      0001C5 08               [12]  889 	inc	r0
      0001C6 A6 07            [24]  890 	mov	@r0,ar7
      0001C8 EA               [12]  891 	mov	a,r2
      0001C9 4B               [12]  892 	orl	a,r3
      0001CA 4E               [12]  893 	orl	a,r6
      0001CB 4F               [12]  894 	orl	a,r7
      0001CC 70 D2            [24]  895 	jnz	00115$
      0001CE 02r00r16         [24]  896 	ljmp	00121$
                                    897 ;	89C51Board.c:109: }
      0001D1 85*00 81         [24]  898 	mov	sp,_bp
      0001D4 D0*00            [24]  899 	pop	_bp
      0001D6 22               [24]  900 	ret
                                    901 ;------------------------------------------------------------
                                    902 ;Allocation info for local variables in function 'Hardware_InitialiseHardware'
                                    903 ;------------------------------------------------------------
                                    904 ;i                         Allocated to registers r6 r7 
                                    905 ;------------------------------------------------------------
                                    906 ;	89C51Board.c:112: void Hardware_InitialiseHardware() REENTRANT
                                    907 ;	-----------------------------------------
                                    908 ;	 function Hardware_InitialiseHardware
                                    909 ;	-----------------------------------------
      0001D7                        910 _Hardware_InitialiseHardware:
                                    911 ;	89C51Board.c:116: for (i = 0; i < MAX_TIMERS; ++i)
      0001D7 7E 00            [12]  912 	mov	r6,#0x00
      0001D9 7F 00            [12]  913 	mov	r7,#0x00
      0001DB 7C 00            [12]  914 	mov	r4,#0x00
      0001DD 7D 00            [12]  915 	mov	r5,#0x00
      0001DF                        916 00102$:
                                    917 ;	89C51Board.c:118: timers[i].cookie = 0;
      0001DF EC               [12]  918 	mov	a,r4
      0001E0 24r12            [12]  919 	add	a,#_timers
      0001E2 F5 82            [12]  920 	mov	dpl,a
      0001E4 ED               [12]  921 	mov	a,r5
      0001E5 34s00            [12]  922 	addc	a,#(_timers >> 8)
      0001E7 F5 83            [12]  923 	mov	dph,a
      0001E9 E4               [12]  924 	clr	a
      0001EA F0               [24]  925 	movx	@dptr,a
      0001EB A3               [24]  926 	inc	dptr
      0001EC F0               [24]  927 	movx	@dptr,a
                                    928 ;	89C51Board.c:116: for (i = 0; i < MAX_TIMERS; ++i)
      0001ED 74 09            [12]  929 	mov	a,#0x09
      0001EF 2C               [12]  930 	add	a,r4
      0001F0 FC               [12]  931 	mov	r4,a
      0001F1 E4               [12]  932 	clr	a
      0001F2 3D               [12]  933 	addc	a,r5
      0001F3 FD               [12]  934 	mov	r5,a
      0001F4 0E               [12]  935 	inc	r6
      0001F5 BE 00 01         [24]  936 	cjne	r6,#0x00,00115$
      0001F8 0F               [12]  937 	inc	r7
      0001F9                        938 00115$:
      0001F9 C3               [12]  939 	clr	c
      0001FA EE               [12]  940 	mov	a,r6
      0001FB 94 0A            [12]  941 	subb	a,#0x0a
      0001FD EF               [12]  942 	mov	a,r7
      0001FE 64 80            [12]  943 	xrl	a,#0x80
      000200 94 80            [12]  944 	subb	a,#0x80
      000202 40 DB            [24]  945 	jc	00102$
                                    946 ;	89C51Board.c:122: pRegisterForTimer = Hardware_RegisterForTimer;
      000204 7Er76            [12]  947 	mov	r6,#_Hardware_RegisterForTimer
      000206 7Fs02            [12]  948 	mov	r7,#(_Hardware_RegisterForTimer >> 8)
      000208 90r00r00         [24]  949 	mov	dptr,#_pRegisterForTimer
      00020B EE               [12]  950 	mov	a,r6
      00020C F0               [24]  951 	movx	@dptr,a
      00020D EF               [12]  952 	mov	a,r7
      00020E A3               [24]  953 	inc	dptr
      00020F F0               [24]  954 	movx	@dptr,a
                                    955 ;	89C51Board.c:123: pEnableTimer = Hardware_EnableTimer;
      000210 7Er6E            [12]  956 	mov	r6,#_Hardware_EnableTimer
      000212 7Fs03            [12]  957 	mov	r7,#(_Hardware_EnableTimer >> 8)
      000214 90r00r02         [24]  958 	mov	dptr,#_pEnableTimer
      000217 EE               [12]  959 	mov	a,r6
      000218 F0               [24]  960 	movx	@dptr,a
      000219 EF               [12]  961 	mov	a,r7
      00021A A3               [24]  962 	inc	dptr
      00021B F0               [24]  963 	movx	@dptr,a
                                    964 ;	89C51Board.c:124: pGetRtc = Hardware_GetRtc;
      00021C 7Er1B            [12]  965 	mov	r6,#_Hardware_GetRtc
      00021E 7Fs04            [12]  966 	mov	r7,#(_Hardware_GetRtc >> 8)
      000220 90r00r04         [24]  967 	mov	dptr,#_pGetRtc
      000223 EE               [12]  968 	mov	a,r6
      000224 F0               [24]  969 	movx	@dptr,a
      000225 EF               [12]  970 	mov	a,r7
      000226 A3               [24]  971 	inc	dptr
      000227 F0               [24]  972 	movx	@dptr,a
                                    973 ;	89C51Board.c:125: pSetRtc = Hardware_SetRtc;
      000228 7Er18            [12]  974 	mov	r6,#_Hardware_SetRtc
      00022A 7Fs04            [12]  975 	mov	r7,#(_Hardware_SetRtc >> 8)
      00022C 90r00r06         [24]  976 	mov	dptr,#_pSetRtc
      00022F EE               [12]  977 	mov	a,r6
      000230 F0               [24]  978 	movx	@dptr,a
      000231 EF               [12]  979 	mov	a,r7
      000232 A3               [24]  980 	inc	dptr
      000233 F0               [24]  981 	movx	@dptr,a
                                    982 ;	89C51Board.c:126: pWriteDisplayBuffer = Hardware_WriteDisplayBuffer;
      000234 7Er15            [12]  983 	mov	r6,#_Hardware_WriteDisplayBuffer
      000236 7Fs04            [12]  984 	mov	r7,#(_Hardware_WriteDisplayBuffer >> 8)
      000238 90r00r08         [24]  985 	mov	dptr,#_pWriteDisplayBuffer
      00023B EE               [12]  986 	mov	a,r6
      00023C F0               [24]  987 	movx	@dptr,a
      00023D EF               [12]  988 	mov	a,r7
      00023E A3               [24]  989 	inc	dptr
      00023F F0               [24]  990 	movx	@dptr,a
                                    991 ;	89C51Board.c:127: pGetKeyState = Hardware_GetKeyState;
      000240 7Er1E            [12]  992 	mov	r6,#_Hardware_GetKeyState
      000242 7Fs04            [12]  993 	mov	r7,#(_Hardware_GetKeyState >> 8)
      000244 90r00r0A         [24]  994 	mov	dptr,#_pGetKeyState
      000247 EE               [12]  995 	mov	a,r6
      000248 F0               [24]  996 	movx	@dptr,a
      000249 EF               [12]  997 	mov	a,r7
      00024A A3               [24]  998 	inc	dptr
      00024B F0               [24]  999 	movx	@dptr,a
                                   1000 ;	89C51Board.c:128: pGetInputPortValues = Hardware_GetInputPortValues;
      00024C 7ErE1            [12] 1001 	mov	r6,#_Hardware_GetInputPortValues
      00024E 7Fs04            [12] 1002 	mov	r7,#(_Hardware_GetInputPortValues >> 8)
      000250 90r00r0C         [24] 1003 	mov	dptr,#_pGetInputPortValues
      000253 EE               [12] 1004 	mov	a,r6
      000254 F0               [24] 1005 	movx	@dptr,a
      000255 EF               [12] 1006 	mov	a,r7
      000256 A3               [24] 1007 	inc	dptr
      000257 F0               [24] 1008 	movx	@dptr,a
                                   1009 ;	89C51Board.c:129: pSetOutputPortValues = Hardware_SetOutputPortValues;
      000258 7Er11            [12] 1010 	mov	r6,#_Hardware_SetOutputPortValues
      00025A 7Fs05            [12] 1011 	mov	r7,#(_Hardware_SetOutputPortValues >> 8)
      00025C 90r00r0E         [24] 1012 	mov	dptr,#_pSetOutputPortValues
      00025F EE               [12] 1013 	mov	a,r6
      000260 F0               [24] 1014 	movx	@dptr,a
      000261 EF               [12] 1015 	mov	a,r7
      000262 A3               [24] 1016 	inc	dptr
      000263 F0               [24] 1017 	movx	@dptr,a
                                   1018 ;	89C51Board.c:130: pCrashDump = Hardware_CrashDump;
      000264 7Er15            [12] 1019 	mov	r6,#_Hardware_CrashDump
      000266 7Fs05            [12] 1020 	mov	r7,#(_Hardware_CrashDump >> 8)
      000268 90r00r10         [24] 1021 	mov	dptr,#_pCrashDump
      00026B EE               [12] 1022 	mov	a,r6
      00026C F0               [24] 1023 	movx	@dptr,a
      00026D EF               [12] 1024 	mov	a,r7
      00026E A3               [24] 1025 	inc	dptr
      00026F F0               [24] 1026 	movx	@dptr,a
                                   1027 ;	89C51Board.c:134: InitialiseLcd();
      000270 12r00r00         [24] 1028 	lcall	_InitialiseLcd
                                   1029 ;	89C51Board.c:135: Rtc_Initialise();
                                   1030 ;	89C51Board.c:137: }
      000273 02r00r00         [24] 1031 	ljmp	_Rtc_Initialise
                                   1032 ;------------------------------------------------------------
                                   1033 ;Allocation info for local variables in function 'Hardware_RegisterForTimer'
                                   1034 ;------------------------------------------------------------
                                   1035 ;milliSeconds              Allocated to stack - _bp -4
                                   1036 ;callback                  Allocated to stack - _bp -6
                                   1037 ;cookie                    Allocated to stack - _bp +1
                                   1038 ;i                         Allocated to registers r4 r5 
                                   1039 ;sloc0                     Allocated to stack - _bp +5
                                   1040 ;sloc1                     Allocated to stack - _bp +3
                                   1041 ;------------------------------------------------------------
                                   1042 ;	89C51Board.c:140: void Hardware_RegisterForTimer(int cookie, int milliSeconds, CallbackDelegate callback) REENTRANT
                                   1043 ;	-----------------------------------------
                                   1044 ;	 function Hardware_RegisterForTimer
                                   1045 ;	-----------------------------------------
      000276                       1046 _Hardware_RegisterForTimer:
      000276 C0*00            [24] 1047 	push	_bp
      000278 85 81*00         [24] 1048 	mov	_bp,sp
      00027B C0 82            [24] 1049 	push	dpl
      00027D C0 83            [24] 1050 	push	dph
      00027F 05 81            [12] 1051 	inc	sp
      000281 05 81            [12] 1052 	inc	sp
                                   1053 ;	89C51Board.c:144: for (i = 0; i < MAX_TIMERS; ++i)
      000283 7C 00            [12] 1054 	mov	r4,#0x00
      000285 7D 00            [12] 1055 	mov	r5,#0x00
      000287 7A 00            [12] 1056 	mov	r2,#0x00
      000289 7B 00            [12] 1057 	mov	r3,#0x00
      00028B 7F 00            [12] 1058 	mov	r7,#0x00
      00028D 7E 00            [12] 1059 	mov	r6,#0x00
      00028F                       1060 00105$:
                                   1061 ;	89C51Board.c:146: if (timers[i].cookie == 0 || timers[i].cookie == cookie)
      00028F EF               [12] 1062 	mov	a,r7
      000290 24r12            [12] 1063 	add	a,#_timers
      000292 F5 82            [12] 1064 	mov	dpl,a
      000294 EE               [12] 1065 	mov	a,r6
      000295 34s00            [12] 1066 	addc	a,#(_timers >> 8)
      000297 F5 83            [12] 1067 	mov	dph,a
      000299 E5*00            [12] 1068 	mov	a,_bp
      00029B 24 03            [12] 1069 	add	a,#0x03
      00029D F8               [12] 1070 	mov	r0,a
      00029E E0               [24] 1071 	movx	a,@dptr
      00029F F6               [12] 1072 	mov	@r0,a
      0002A0 A3               [24] 1073 	inc	dptr
      0002A1 E0               [24] 1074 	movx	a,@dptr
      0002A2 08               [12] 1075 	inc	r0
      0002A3 F6               [12] 1076 	mov	@r0,a
      0002A4 E5*00            [12] 1077 	mov	a,_bp
      0002A6 24 03            [12] 1078 	add	a,#0x03
      0002A8 F8               [12] 1079 	mov	r0,a
      0002A9 E6               [12] 1080 	mov	a,@r0
      0002AA 08               [12] 1081 	inc	r0
      0002AB 46               [12] 1082 	orl	a,@r0
      0002AC 60 1A            [24] 1083 	jz	00101$
      0002AE E5*00            [12] 1084 	mov	a,_bp
      0002B0 24 03            [12] 1085 	add	a,#0x03
      0002B2 F8               [12] 1086 	mov	r0,a
      0002B3 A9*00            [24] 1087 	mov	r1,_bp
      0002B5 09               [12] 1088 	inc	r1
      0002B6 86 F0            [24] 1089 	mov	b,@r0
      0002B8 E7               [12] 1090 	mov	a,@r1
      0002B9 B5 F0 0A         [24] 1091 	cjne	a,b,00122$
      0002BC 08               [12] 1092 	inc	r0
      0002BD 86 F0            [24] 1093 	mov	b,@r0
      0002BF 09               [12] 1094 	inc	r1
      0002C0 E7               [12] 1095 	mov	a,@r1
      0002C1 B5 F0 02         [24] 1096 	cjne	a,b,00122$
      0002C4 80 02            [24] 1097 	sjmp	00123$
      0002C6                       1098 00122$:
      0002C6 80 6C            [24] 1099 	sjmp	00106$
      0002C8                       1100 00123$:
      0002C8                       1101 00101$:
                                   1102 ;	89C51Board.c:148: timers[i].cookie = cookie;
      0002C8 90r00r00         [24] 1103 	mov	dptr,#__mulint_PARM_2
      0002CB EC               [12] 1104 	mov	a,r4
      0002CC F0               [24] 1105 	movx	@dptr,a
      0002CD ED               [12] 1106 	mov	a,r5
      0002CE A3               [24] 1107 	inc	dptr
      0002CF F0               [24] 1108 	movx	@dptr,a
      0002D0 90 00 09         [24] 1109 	mov	dptr,#0x0009
      0002D3 12r00r00         [24] 1110 	lcall	__mulint
      0002D6 AE 82            [24] 1111 	mov	r6,dpl
      0002D8 AF 83            [24] 1112 	mov	r7,dph
      0002DA EE               [12] 1113 	mov	a,r6
      0002DB 24r12            [12] 1114 	add	a,#_timers
      0002DD F5 82            [12] 1115 	mov	dpl,a
      0002DF EF               [12] 1116 	mov	a,r7
      0002E0 34s00            [12] 1117 	addc	a,#(_timers >> 8)
      0002E2 F5 83            [12] 1118 	mov	dph,a
      0002E4 A8*00            [24] 1119 	mov	r0,_bp
      0002E6 08               [12] 1120 	inc	r0
      0002E7 E6               [12] 1121 	mov	a,@r0
      0002E8 F0               [24] 1122 	movx	@dptr,a
      0002E9 08               [12] 1123 	inc	r0
      0002EA E6               [12] 1124 	mov	a,@r0
      0002EB A3               [24] 1125 	inc	dptr
      0002EC F0               [24] 1126 	movx	@dptr,a
                                   1127 ;	89C51Board.c:149: timers[i].periodMilliseconds = milliSeconds;
      0002ED EE               [12] 1128 	mov	a,r6
      0002EE 24r12            [12] 1129 	add	a,#_timers
      0002F0 FE               [12] 1130 	mov	r6,a
      0002F1 EF               [12] 1131 	mov	a,r7
      0002F2 34s00            [12] 1132 	addc	a,#(_timers >> 8)
      0002F4 FF               [12] 1133 	mov	r7,a
      0002F5 8E 82            [24] 1134 	mov	dpl,r6
      0002F7 8F 83            [24] 1135 	mov	dph,r7
      0002F9 A3               [24] 1136 	inc	dptr
      0002FA A3               [24] 1137 	inc	dptr
      0002FB E5*00            [12] 1138 	mov	a,_bp
      0002FD 24 FC            [12] 1139 	add	a,#0xfc
      0002FF F8               [12] 1140 	mov	r0,a
      000300 E6               [12] 1141 	mov	a,@r0
      000301 F0               [24] 1142 	movx	@dptr,a
      000302 08               [12] 1143 	inc	r0
      000303 E6               [12] 1144 	mov	a,@r0
      000304 A3               [24] 1145 	inc	dptr
      000305 F0               [24] 1146 	movx	@dptr,a
                                   1147 ;	89C51Board.c:150: timers[i].ticksSoFar = 0;
      000306 8E 82            [24] 1148 	mov	dpl,r6
      000308 8F 83            [24] 1149 	mov	dph,r7
      00030A A3               [24] 1150 	inc	dptr
      00030B A3               [24] 1151 	inc	dptr
      00030C A3               [24] 1152 	inc	dptr
      00030D A3               [24] 1153 	inc	dptr
      00030E E4               [12] 1154 	clr	a
      00030F F0               [24] 1155 	movx	@dptr,a
      000310 A3               [24] 1156 	inc	dptr
      000311 F0               [24] 1157 	movx	@dptr,a
                                   1158 ;	89C51Board.c:151: timers[i].enabled = 1;
      000312 74 06            [12] 1159 	mov	a,#0x06
      000314 2E               [12] 1160 	add	a,r6
      000315 F5 82            [12] 1161 	mov	dpl,a
      000317 E4               [12] 1162 	clr	a
      000318 3F               [12] 1163 	addc	a,r7
      000319 F5 83            [12] 1164 	mov	dph,a
      00031B 74 01            [12] 1165 	mov	a,#0x01
      00031D F0               [24] 1166 	movx	@dptr,a
                                   1167 ;	89C51Board.c:152: timers[i].callback = callback;
      00031E 74 07            [12] 1168 	mov	a,#0x07
      000320 2E               [12] 1169 	add	a,r6
      000321 F5 82            [12] 1170 	mov	dpl,a
      000323 E4               [12] 1171 	clr	a
      000324 3F               [12] 1172 	addc	a,r7
      000325 F5 83            [12] 1173 	mov	dph,a
      000327 E5*00            [12] 1174 	mov	a,_bp
      000329 24 FA            [12] 1175 	add	a,#0xfa
      00032B F8               [12] 1176 	mov	r0,a
      00032C E6               [12] 1177 	mov	a,@r0
      00032D F0               [24] 1178 	movx	@dptr,a
      00032E 08               [12] 1179 	inc	r0
      00032F E6               [12] 1180 	mov	a,@r0
      000330 A3               [24] 1181 	inc	dptr
      000331 F0               [24] 1182 	movx	@dptr,a
                                   1183 ;	89C51Board.c:153: return;
      000332 80 34            [24] 1184 	sjmp	00107$
      000334                       1185 00106$:
                                   1186 ;	89C51Board.c:144: for (i = 0; i < MAX_TIMERS; ++i)
      000334 74 09            [12] 1187 	mov	a,#0x09
      000336 2F               [12] 1188 	add	a,r7
      000337 FF               [12] 1189 	mov	r7,a
      000338 E4               [12] 1190 	clr	a
      000339 3E               [12] 1191 	addc	a,r6
      00033A FE               [12] 1192 	mov	r6,a
      00033B 0A               [12] 1193 	inc	r2
      00033C BA 00 01         [24] 1194 	cjne	r2,#0x00,00124$
      00033F 0B               [12] 1195 	inc	r3
      000340                       1196 00124$:
      000340 8A 04            [24] 1197 	mov	ar4,r2
      000342 8B 05            [24] 1198 	mov	ar5,r3
      000344 C3               [12] 1199 	clr	c
      000345 EA               [12] 1200 	mov	a,r2
      000346 94 0A            [12] 1201 	subb	a,#0x0a
      000348 EB               [12] 1202 	mov	a,r3
      000349 64 80            [12] 1203 	xrl	a,#0x80
      00034B 94 80            [12] 1204 	subb	a,#0x80
      00034D 50 03            [24] 1205 	jnc	00125$
      00034F 02r02r8F         [24] 1206 	ljmp	00105$
      000352                       1207 00125$:
                                   1208 ;	89C51Board.c:157: pCrashDump("OutOfTimers");
      000352 12r03r57         [24] 1209 	lcall	00126$
      000355 80 11            [24] 1210 	sjmp	00127$
      000357                       1211 00126$:
      000357 90r00r10         [24] 1212 	mov	dptr,#_pCrashDump
      00035A E0               [24] 1213 	movx	a,@dptr
      00035B C0 E0            [24] 1214 	push	acc
      00035D A3               [24] 1215 	inc	dptr
      00035E E0               [24] 1216 	movx	a,@dptr
      00035F C0 E0            [24] 1217 	push	acc
      000361 90r00r00         [24] 1218 	mov	dptr,#___str_0
      000364 75 F0 80         [24] 1219 	mov	b,#0x80
      000367 22               [24] 1220 	ret
      000368                       1221 00127$:
      000368                       1222 00107$:
                                   1223 ;	89C51Board.c:159: }
      000368 85*00 81         [24] 1224 	mov	sp,_bp
      00036B D0*00            [24] 1225 	pop	_bp
      00036D 22               [24] 1226 	ret
                                   1227 ;------------------------------------------------------------
                                   1228 ;Allocation info for local variables in function 'Hardware_EnableTimer'
                                   1229 ;------------------------------------------------------------
                                   1230 ;enabled                   Allocated to stack - _bp -4
                                   1231 ;cookie                    Allocated to registers r6 r7 
                                   1232 ;i                         Allocated to registers r4 r5 
                                   1233 ;sloc0                     Allocated to stack - _bp +3
                                   1234 ;sloc1                     Allocated to stack - _bp +1
                                   1235 ;sloc2                     Allocated to stack - _bp +9
                                   1236 ;------------------------------------------------------------
                                   1237 ;	89C51Board.c:162: void Hardware_EnableTimer(int cookie, int enabled) REENTRANT
                                   1238 ;	-----------------------------------------
                                   1239 ;	 function Hardware_EnableTimer
                                   1240 ;	-----------------------------------------
      00036E                       1241 _Hardware_EnableTimer:
      00036E C0*00            [24] 1242 	push	_bp
      000370 E5 81            [12] 1243 	mov	a,sp
      000372 F5*00            [12] 1244 	mov	_bp,a
      000374 24 04            [12] 1245 	add	a,#0x04
      000376 F5 81            [12] 1246 	mov	sp,a
      000378 AE 82            [24] 1247 	mov	r6,dpl
      00037A AF 83            [24] 1248 	mov	r7,dph
                                   1249 ;	89C51Board.c:165: for (i = 0; i < MAX_TIMERS; ++i)
      00037C E4               [12] 1250 	clr	a
      00037D FC               [12] 1251 	mov	r4,a
      00037E FD               [12] 1252 	mov	r5,a
      00037F FA               [12] 1253 	mov	r2,a
      000380 FB               [12] 1254 	mov	r3,a
      000381 E5*00            [12] 1255 	mov	a,_bp
      000383 24 03            [12] 1256 	add	a,#0x03
      000385 F8               [12] 1257 	mov	r0,a
      000386 E4               [12] 1258 	clr	a
      000387 F6               [12] 1259 	mov	@r0,a
      000388 08               [12] 1260 	inc	r0
      000389 F6               [12] 1261 	mov	@r0,a
      00038A                       1262 00105$:
                                   1263 ;	89C51Board.c:167: if (timers[i].cookie == 0 || timers[i].cookie == cookie)
      00038A E5*00            [12] 1264 	mov	a,_bp
      00038C 24 03            [12] 1265 	add	a,#0x03
      00038E F8               [12] 1266 	mov	r0,a
      00038F E6               [12] 1267 	mov	a,@r0
      000390 24r12            [12] 1268 	add	a,#_timers
      000392 F5 82            [12] 1269 	mov	dpl,a
      000394 08               [12] 1270 	inc	r0
      000395 E6               [12] 1271 	mov	a,@r0
      000396 34s00            [12] 1272 	addc	a,#(_timers >> 8)
      000398 F5 83            [12] 1273 	mov	dph,a
      00039A A8*00            [24] 1274 	mov	r0,_bp
      00039C 08               [12] 1275 	inc	r0
      00039D E0               [24] 1276 	movx	a,@dptr
      00039E F6               [12] 1277 	mov	@r0,a
      00039F A3               [24] 1278 	inc	dptr
      0003A0 E0               [24] 1279 	movx	a,@dptr
      0003A1 08               [12] 1280 	inc	r0
      0003A2 F6               [12] 1281 	mov	@r0,a
      0003A3 A8*00            [24] 1282 	mov	r0,_bp
      0003A5 08               [12] 1283 	inc	r0
      0003A6 E6               [12] 1284 	mov	a,@r0
      0003A7 08               [12] 1285 	inc	r0
      0003A8 46               [12] 1286 	orl	a,@r0
      0003A9 60 10            [24] 1287 	jz	00101$
      0003AB A8*00            [24] 1288 	mov	r0,_bp
      0003AD 08               [12] 1289 	inc	r0
      0003AE E6               [12] 1290 	mov	a,@r0
      0003AF B5 06 07         [24] 1291 	cjne	a,ar6,00118$
      0003B2 08               [12] 1292 	inc	r0
      0003B3 E6               [12] 1293 	mov	a,@r0
      0003B4 B5 07 02         [24] 1294 	cjne	a,ar7,00118$
      0003B7 80 02            [24] 1295 	sjmp	00119$
      0003B9                       1296 00118$:
      0003B9 80 30            [24] 1297 	sjmp	00106$
      0003BB                       1298 00119$:
      0003BB                       1299 00101$:
                                   1300 ;	89C51Board.c:169: timers[i].enabled = enabled;
      0003BB 90r00r00         [24] 1301 	mov	dptr,#__mulint_PARM_2
      0003BE EC               [12] 1302 	mov	a,r4
      0003BF F0               [24] 1303 	movx	@dptr,a
      0003C0 ED               [12] 1304 	mov	a,r5
      0003C1 A3               [24] 1305 	inc	dptr
      0003C2 F0               [24] 1306 	movx	@dptr,a
      0003C3 90 00 09         [24] 1307 	mov	dptr,#0x0009
      0003C6 12r00r00         [24] 1308 	lcall	__mulint
      0003C9 AF 82            [24] 1309 	mov	r7,dpl
      0003CB AE 83            [24] 1310 	mov	r6,dph
      0003CD EF               [12] 1311 	mov	a,r7
      0003CE 24r12            [12] 1312 	add	a,#_timers
      0003D0 FF               [12] 1313 	mov	r7,a
      0003D1 EE               [12] 1314 	mov	a,r6
      0003D2 34s00            [12] 1315 	addc	a,#(_timers >> 8)
      0003D4 FE               [12] 1316 	mov	r6,a
      0003D5 74 06            [12] 1317 	mov	a,#0x06
      0003D7 2F               [12] 1318 	add	a,r7
      0003D8 FF               [12] 1319 	mov	r7,a
      0003D9 E4               [12] 1320 	clr	a
      0003DA 3E               [12] 1321 	addc	a,r6
      0003DB FE               [12] 1322 	mov	r6,a
      0003DC E5*00            [12] 1323 	mov	a,_bp
      0003DE 24 FC            [12] 1324 	add	a,#0xfc
      0003E0 F8               [12] 1325 	mov	r0,a
      0003E1 86 05            [24] 1326 	mov	ar5,@r0
      0003E3 8F 82            [24] 1327 	mov	dpl,r7
      0003E5 8E 83            [24] 1328 	mov	dph,r6
      0003E7 ED               [12] 1329 	mov	a,r5
      0003E8 F0               [24] 1330 	movx	@dptr,a
                                   1331 ;	89C51Board.c:170: return;
      0003E9 80 24            [24] 1332 	sjmp	00107$
      0003EB                       1333 00106$:
                                   1334 ;	89C51Board.c:165: for (i = 0; i < MAX_TIMERS; ++i)
      0003EB E5*00            [12] 1335 	mov	a,_bp
      0003ED 24 03            [12] 1336 	add	a,#0x03
      0003EF F8               [12] 1337 	mov	r0,a
      0003F0 74 09            [12] 1338 	mov	a,#0x09
      0003F2 26               [12] 1339 	add	a,@r0
      0003F3 F6               [12] 1340 	mov	@r0,a
      0003F4 E4               [12] 1341 	clr	a
      0003F5 08               [12] 1342 	inc	r0
      0003F6 36               [12] 1343 	addc	a,@r0
      0003F7 F6               [12] 1344 	mov	@r0,a
      0003F8 0A               [12] 1345 	inc	r2
      0003F9 BA 00 01         [24] 1346 	cjne	r2,#0x00,00120$
      0003FC 0B               [12] 1347 	inc	r3
      0003FD                       1348 00120$:
      0003FD 8A 04            [24] 1349 	mov	ar4,r2
      0003FF 8B 05            [24] 1350 	mov	ar5,r3
      000401 C3               [12] 1351 	clr	c
      000402 EA               [12] 1352 	mov	a,r2
      000403 94 0A            [12] 1353 	subb	a,#0x0a
      000405 EB               [12] 1354 	mov	a,r3
      000406 64 80            [12] 1355 	xrl	a,#0x80
      000408 94 80            [12] 1356 	subb	a,#0x80
      00040A 50 03            [24] 1357 	jnc	00121$
      00040C 02r03r8A         [24] 1358 	ljmp	00105$
      00040F                       1359 00121$:
      00040F                       1360 00107$:
                                   1361 ;	89C51Board.c:173: }
      00040F 85*00 81         [24] 1362 	mov	sp,_bp
      000412 D0*00            [24] 1363 	pop	_bp
      000414 22               [24] 1364 	ret
                                   1365 ;------------------------------------------------------------
                                   1366 ;Allocation info for local variables in function 'Hardware_WriteDisplayBuffer'
                                   1367 ;------------------------------------------------------------
                                   1368 ;buffer                    Allocated to registers r5 r6 r7 
                                   1369 ;------------------------------------------------------------
                                   1370 ;	89C51Board.c:176: void Hardware_WriteDisplayBuffer(unsigned char* buffer) REENTRANT
                                   1371 ;	-----------------------------------------
                                   1372 ;	 function Hardware_WriteDisplayBuffer
                                   1373 ;	-----------------------------------------
      000415                       1374 _Hardware_WriteDisplayBuffer:
                                   1375 ;	89C51Board.c:178: DirectWriteToDisplay(buffer);
                                   1376 ;	89C51Board.c:179: }
      000415 02r00r00         [24] 1377 	ljmp	_DirectWriteToDisplay
                                   1378 ;------------------------------------------------------------
                                   1379 ;Allocation info for local variables in function 'Hardware_SetRtc'
                                   1380 ;------------------------------------------------------------
                                   1381 ;dts                       Allocated to registers r5 r6 r7 
                                   1382 ;------------------------------------------------------------
                                   1383 ;	89C51Board.c:181: void Hardware_SetRtc(DateTimeStruct* dts) REENTRANT
                                   1384 ;	-----------------------------------------
                                   1385 ;	 function Hardware_SetRtc
                                   1386 ;	-----------------------------------------
      000418                       1387 _Hardware_SetRtc:
                                   1388 ;	89C51Board.c:183: Rtc_WriteClock(dts);
                                   1389 ;	89C51Board.c:184: }
      000418 02r00r00         [24] 1390 	ljmp	_Rtc_WriteClock
                                   1391 ;------------------------------------------------------------
                                   1392 ;Allocation info for local variables in function 'Hardware_GetRtc'
                                   1393 ;------------------------------------------------------------
                                   1394 ;dts                       Allocated to registers r5 r6 r7 
                                   1395 ;------------------------------------------------------------
                                   1396 ;	89C51Board.c:186: void Hardware_GetRtc(DateTimeStruct* dts) REENTRANT
                                   1397 ;	-----------------------------------------
                                   1398 ;	 function Hardware_GetRtc
                                   1399 ;	-----------------------------------------
      00041B                       1400 _Hardware_GetRtc:
                                   1401 ;	89C51Board.c:188: Rtc_ReadClock(dts);
                                   1402 ;	89C51Board.c:189: }
      00041B 02r00r00         [24] 1403 	ljmp	_Rtc_ReadClock
                                   1404 ;------------------------------------------------------------
                                   1405 ;Allocation info for local variables in function 'Hardware_GetKeyState'
                                   1406 ;------------------------------------------------------------
                                   1407 ;keys                      Allocated to stack - _bp +1
                                   1408 ;rowCount                  Allocated to registers r4 
                                   1409 ;colCount                  Allocated to stack - _bp +4
                                   1410 ;portValue                 Allocated to registers 
                                   1411 ;sloc0                     Allocated to stack - _bp +4
                                   1412 ;------------------------------------------------------------
                                   1413 ;	89C51Board.c:191: void Hardware_GetKeyState(int *keys) REENTRANT
                                   1414 ;	-----------------------------------------
                                   1415 ;	 function Hardware_GetKeyState
                                   1416 ;	-----------------------------------------
      00041E                       1417 _Hardware_GetKeyState:
      00041E C0*00            [24] 1418 	push	_bp
      000420 85 81*00         [24] 1419 	mov	_bp,sp
      000423 C0 82            [24] 1420 	push	dpl
      000425 C0 83            [24] 1421 	push	dph
      000427 C0 F0            [24] 1422 	push	b
      000429 05 81            [12] 1423 	inc	sp
                                   1424 ;	89C51Board.c:195: *keys = 0;
      00042B A8*00            [24] 1425 	mov	r0,_bp
      00042D 08               [12] 1426 	inc	r0
      00042E 86 82            [24] 1427 	mov	dpl,@r0
      000430 08               [12] 1428 	inc	r0
      000431 86 83            [24] 1429 	mov	dph,@r0
      000433 08               [12] 1430 	inc	r0
      000434 86 F0            [24] 1431 	mov	b,@r0
      000436 E4               [12] 1432 	clr	a
      000437 12r00r00         [24] 1433 	lcall	__gptrput
      00043A A3               [24] 1434 	inc	dptr
      00043B 12r00r00         [24] 1435 	lcall	__gptrput
                                   1436 ;	89C51Board.c:197: for (rowCount = 0; rowCount < 4; ++rowCount)
      00043E 7C 00            [12] 1437 	mov	r4,#0x00
      000440 7B 00            [12] 1438 	mov	r3,#0x00
      000442                       1439 00107$:
                                   1440 ;	89C51Board.c:199: P1 = ~(0x80 >> rowCount) | 0xf;
      000442 C0 04            [24] 1441 	push	ar4
      000444 8B F0            [24] 1442 	mov	b,r3
      000446 05 F0            [12] 1443 	inc	b
      000448 7A 80            [12] 1444 	mov	r2,#0x80
      00044A E4               [12] 1445 	clr	a
      00044B FC               [12] 1446 	mov	r4,a
      00044C 33               [12] 1447 	rlc	a
      00044D 92 D2            [24] 1448 	mov	ov,c
      00044F 80 08            [24] 1449 	sjmp	00128$
      000451                       1450 00127$:
      000451 A2 D2            [12] 1451 	mov	c,ov
      000453 EC               [12] 1452 	mov	a,r4
      000454 13               [12] 1453 	rrc	a
      000455 FC               [12] 1454 	mov	r4,a
      000456 EA               [12] 1455 	mov	a,r2
      000457 13               [12] 1456 	rrc	a
      000458 FA               [12] 1457 	mov	r2,a
      000459                       1458 00128$:
      000459 D5 F0 F5         [24] 1459 	djnz	b,00127$
      00045C EA               [12] 1460 	mov	a,r2
      00045D F4               [12] 1461 	cpl	a
      00045E FA               [12] 1462 	mov	r2,a
      00045F 74 0F            [12] 1463 	mov	a,#0x0f
      000461 4A               [12] 1464 	orl	a,r2
      000462 F5 90            [12] 1465 	mov	_P1,a
                                   1466 ;	89C51Board.c:200: for (colCount = 0; colCount < 4; ++colCount)
      000464 E5*00            [12] 1467 	mov	a,_bp
      000466 24 04            [12] 1468 	add	a,#0x04
      000468 F8               [12] 1469 	mov	r0,a
      000469 76 00            [12] 1470 	mov	@r0,#0x00
      00046B 7F 00            [12] 1471 	mov	r7,#0x00
                                   1472 ;	89C51Board.c:197: for (rowCount = 0; rowCount < 4; ++rowCount)
      00046D D0 04            [24] 1473 	pop	ar4
                                   1474 ;	89C51Board.c:200: for (colCount = 0; colCount < 4; ++colCount)
      00046F                       1475 00105$:
                                   1476 ;	89C51Board.c:202: portValue = ~P1 & (0x01 << colCount);
      00046F C0 04            [24] 1477 	push	ar4
      000471 E5 90            [12] 1478 	mov	a,_P1
      000473 F4               [12] 1479 	cpl	a
      000474 FA               [12] 1480 	mov	r2,a
      000475 8F 04            [24] 1481 	mov	ar4,r7
      000477 8C F0            [24] 1482 	mov	b,r4
      000479 05 F0            [12] 1483 	inc	b
      00047B 74 01            [12] 1484 	mov	a,#0x01
      00047D 80 02            [24] 1485 	sjmp	00131$
      00047F                       1486 00129$:
      00047F 25 E0            [12] 1487 	add	a,acc
      000481                       1488 00131$:
      000481 D5 F0 FB         [24] 1489 	djnz	b,00129$
      000484 5A               [12] 1490 	anl	a,r2
                                   1491 ;	89C51Board.c:203: if (portValue)
      000485 D0 04            [24] 1492 	pop	ar4
      000487 60 3A            [24] 1493 	jz	00106$
                                   1494 ;	89C51Board.c:205: *keys = rowCount * 4 + colCount + 1;
      000489 8C 02            [24] 1495 	mov	ar2,r4
      00048B 7F 00            [12] 1496 	mov	r7,#0x00
      00048D EA               [12] 1497 	mov	a,r2
      00048E 2A               [12] 1498 	add	a,r2
      00048F FA               [12] 1499 	mov	r2,a
      000490 EF               [12] 1500 	mov	a,r7
      000491 33               [12] 1501 	rlc	a
      000492 FF               [12] 1502 	mov	r7,a
      000493 EA               [12] 1503 	mov	a,r2
      000494 2A               [12] 1504 	add	a,r2
      000495 FA               [12] 1505 	mov	r2,a
      000496 EF               [12] 1506 	mov	a,r7
      000497 33               [12] 1507 	rlc	a
      000498 FF               [12] 1508 	mov	r7,a
      000499 E5*00            [12] 1509 	mov	a,_bp
      00049B 24 04            [12] 1510 	add	a,#0x04
      00049D F8               [12] 1511 	mov	r0,a
      00049E 86 05            [24] 1512 	mov	ar5,@r0
      0004A0 7E 00            [12] 1513 	mov	r6,#0x00
      0004A2 ED               [12] 1514 	mov	a,r5
      0004A3 2A               [12] 1515 	add	a,r2
      0004A4 FA               [12] 1516 	mov	r2,a
      0004A5 EE               [12] 1517 	mov	a,r6
      0004A6 3F               [12] 1518 	addc	a,r7
      0004A7 FF               [12] 1519 	mov	r7,a
      0004A8 0A               [12] 1520 	inc	r2
      0004A9 BA 00 01         [24] 1521 	cjne	r2,#0x00,00133$
      0004AC 0F               [12] 1522 	inc	r7
      0004AD                       1523 00133$:
      0004AD A8*00            [24] 1524 	mov	r0,_bp
      0004AF 08               [12] 1525 	inc	r0
      0004B0 86 82            [24] 1526 	mov	dpl,@r0
      0004B2 08               [12] 1527 	inc	r0
      0004B3 86 83            [24] 1528 	mov	dph,@r0
      0004B5 08               [12] 1529 	inc	r0
      0004B6 86 F0            [24] 1530 	mov	b,@r0
      0004B8 EA               [12] 1531 	mov	a,r2
      0004B9 12r00r00         [24] 1532 	lcall	__gptrput
      0004BC A3               [24] 1533 	inc	dptr
      0004BD EF               [12] 1534 	mov	a,r7
      0004BE 12r00r00         [24] 1535 	lcall	__gptrput
                                   1536 ;	89C51Board.c:206: return;
      0004C1 80 18            [24] 1537 	sjmp	00109$
      0004C3                       1538 00106$:
                                   1539 ;	89C51Board.c:200: for (colCount = 0; colCount < 4; ++colCount)
      0004C3 0F               [12] 1540 	inc	r7
      0004C4 E5*00            [12] 1541 	mov	a,_bp
      0004C6 24 04            [12] 1542 	add	a,#0x04
      0004C8 F8               [12] 1543 	mov	r0,a
      0004C9 A6 07            [24] 1544 	mov	@r0,ar7
      0004CB BF 04 00         [24] 1545 	cjne	r7,#0x04,00134$
      0004CE                       1546 00134$:
      0004CE 40 9F            [24] 1547 	jc	00105$
                                   1548 ;	89C51Board.c:197: for (rowCount = 0; rowCount < 4; ++rowCount)
      0004D0 0B               [12] 1549 	inc	r3
      0004D1 8B 04            [24] 1550 	mov	ar4,r3
      0004D3 BB 04 00         [24] 1551 	cjne	r3,#0x04,00136$
      0004D6                       1552 00136$:
      0004D6 50 03            [24] 1553 	jnc	00137$
      0004D8 02r04r42         [24] 1554 	ljmp	00107$
      0004DB                       1555 00137$:
      0004DB                       1556 00109$:
                                   1557 ;	89C51Board.c:211: }
      0004DB 85*00 81         [24] 1558 	mov	sp,_bp
      0004DE D0*00            [24] 1559 	pop	_bp
      0004E0 22               [24] 1560 	ret
                                   1561 ;------------------------------------------------------------
                                   1562 ;Allocation info for local variables in function 'Hardware_GetInputPortValues'
                                   1563 ;------------------------------------------------------------
                                   1564 ;pValue                    Allocated to registers r5 r6 r7 
                                   1565 ;------------------------------------------------------------
                                   1566 ;	89C51Board.c:214: void Hardware_GetInputPortValues(unsigned char *pValue) REENTRANT
                                   1567 ;	-----------------------------------------
                                   1568 ;	 function Hardware_GetInputPortValues
                                   1569 ;	-----------------------------------------
      0004E1                       1570 _Hardware_GetInputPortValues:
      0004E1 AD 82            [24] 1571 	mov	r5,dpl
      0004E3 AE 83            [24] 1572 	mov	r6,dph
      0004E5 AF F0            [24] 1573 	mov	r7,b
                                   1574 ;	89C51Board.c:216: P3 = 0xfC;
      0004E7 75 B0 FC         [24] 1575 	mov	_P3,#0xfc
                                   1576 ;	89C51Board.c:217: *pValue = P3 & 0x3C;
      0004EA AC B0            [24] 1577 	mov	r4,_P3
      0004EC 53 04 3C         [24] 1578 	anl	ar4,#0x3c
      0004EF 8D 82            [24] 1579 	mov	dpl,r5
      0004F1 8E 83            [24] 1580 	mov	dph,r6
      0004F3 8F F0            [24] 1581 	mov	b,r7
                                   1582 ;	89C51Board.c:218: *pValue = ~ (*pValue); // This hardware has logic 1 as pulled down
      0004F5 EC               [12] 1583 	mov	a,r4
      0004F6 12r00r00         [24] 1584 	lcall	__gptrput
      0004F9 F4               [12] 1585 	cpl	a
      0004FA FC               [12] 1586 	mov	r4,a
      0004FB 8D 82            [24] 1587 	mov	dpl,r5
      0004FD 8E 83            [24] 1588 	mov	dph,r6
      0004FF 8F F0            [24] 1589 	mov	b,r7
      000501 12r00r00         [24] 1590 	lcall	__gptrput
                                   1591 ;	89C51Board.c:219: *pValue &= ~ (0x40); // Do not use zone5
      000504 53 04 BF         [24] 1592 	anl	ar4,#0xbf
      000507 8D 82            [24] 1593 	mov	dpl,r5
      000509 8E 83            [24] 1594 	mov	dph,r6
      00050B 8F F0            [24] 1595 	mov	b,r7
      00050D EC               [12] 1596 	mov	a,r4
                                   1597 ;	89C51Board.c:221: }
      00050E 02r00r00         [24] 1598 	ljmp	__gptrput
                                   1599 ;------------------------------------------------------------
                                   1600 ;Allocation info for local variables in function 'Hardware_SetOutputPortValues'
                                   1601 ;------------------------------------------------------------
                                   1602 ;value                     Allocated to registers 
                                   1603 ;------------------------------------------------------------
                                   1604 ;	89C51Board.c:223: void Hardware_SetOutputPortValues(unsigned char value) REENTRANT
                                   1605 ;	-----------------------------------------
                                   1606 ;	 function Hardware_SetOutputPortValues
                                   1607 ;	-----------------------------------------
      000511                       1608 _Hardware_SetOutputPortValues:
      000511 85 82 A0         [24] 1609 	mov	_P2,dpl
                                   1610 ;	89C51Board.c:225: P2 = value;	
                                   1611 ;	89C51Board.c:226: }
      000514 22               [24] 1612 	ret
                                   1613 ;------------------------------------------------------------
                                   1614 ;Allocation info for local variables in function 'Hardware_CrashDump'
                                   1615 ;------------------------------------------------------------
                                   1616 ;message                   Allocated to registers 
                                   1617 ;buffer                    Allocated to stack - _bp +3
                                   1618 ;i                         Allocated to registers r2 r3 
                                   1619 ;sloc0                     Allocated to stack - _bp +1
                                   1620 ;sloc1                     Allocated to stack - _bp +2
                                   1621 ;------------------------------------------------------------
                                   1622 ;	89C51Board.c:228: void Hardware_CrashDump(unsigned char* message) REENTRANT
                                   1623 ;	-----------------------------------------
                                   1624 ;	 function Hardware_CrashDump
                                   1625 ;	-----------------------------------------
      000515                       1626 _Hardware_CrashDump:
      000515 C0*00            [24] 1627 	push	_bp
      000517 E5 81            [12] 1628 	mov	a,sp
      000519 F5*00            [12] 1629 	mov	_bp,a
      00051B 24 23            [12] 1630 	add	a,#0x23
      00051D F5 81            [12] 1631 	mov	sp,a
      00051F AD 82            [24] 1632 	mov	r5,dpl
      000521 AE 83            [24] 1633 	mov	r6,dph
      000523 AF F0            [24] 1634 	mov	r7,b
                                   1635 ;	89C51Board.c:232: for (i = 0; i < SCREEN_BUFFER_SIZE; ++i)
      000525 E5*00            [12] 1636 	mov	a,_bp
      000527 24 03            [12] 1637 	add	a,#0x03
      000529 FC               [12] 1638 	mov	r4,a
      00052A A8*00            [24] 1639 	mov	r0,_bp
      00052C 08               [12] 1640 	inc	r0
      00052D A6 04            [24] 1641 	mov	@r0,ar4
      00052F 7A 00            [12] 1642 	mov	r2,#0x00
      000531 7B 00            [12] 1643 	mov	r3,#0x00
      000533                       1644 00108$:
                                   1645 ;	89C51Board.c:234: if (*message != 0)
      000533 8D 82            [24] 1646 	mov	dpl,r5
      000535 8E 83            [24] 1647 	mov	dph,r6
      000537 8F F0            [24] 1648 	mov	b,r7
      000539 A8*00            [24] 1649 	mov	r0,_bp
      00053B 08               [12] 1650 	inc	r0
      00053C 08               [12] 1651 	inc	r0
      00053D 12r00r00         [24] 1652 	lcall	__gptrget
      000540 F6               [12] 1653 	mov	@r0,a
      000541 A8*00            [24] 1654 	mov	r0,_bp
      000543 08               [12] 1655 	inc	r0
      000544 08               [12] 1656 	inc	r0
      000545 E6               [12] 1657 	mov	a,@r0
      000546 60 13            [24] 1658 	jz	00102$
                                   1659 ;	89C51Board.c:236: buffer[i] = *message;
      000548 A8*00            [24] 1660 	mov	r0,_bp
      00054A 08               [12] 1661 	inc	r0
      00054B EA               [12] 1662 	mov	a,r2
      00054C 26               [12] 1663 	add	a,@r0
      00054D F8               [12] 1664 	mov	r0,a
      00054E A9*00            [24] 1665 	mov	r1,_bp
      000550 09               [12] 1666 	inc	r1
      000551 09               [12] 1667 	inc	r1
      000552 E7               [12] 1668 	mov	a,@r1
      000553 F6               [12] 1669 	mov	@r0,a
                                   1670 ;	89C51Board.c:237: ++message;
      000554 0D               [12] 1671 	inc	r5
      000555 BD 00 08         [24] 1672 	cjne	r5,#0x00,00109$
      000558 0E               [12] 1673 	inc	r6
      000559 80 05            [24] 1674 	sjmp	00109$
      00055B                       1675 00102$:
                                   1676 ;	89C51Board.c:241: buffer[i] = ' ';
      00055B EA               [12] 1677 	mov	a,r2
      00055C 2C               [12] 1678 	add	a,r4
      00055D F8               [12] 1679 	mov	r0,a
      00055E 76 20            [12] 1680 	mov	@r0,#0x20
      000560                       1681 00109$:
                                   1682 ;	89C51Board.c:232: for (i = 0; i < SCREEN_BUFFER_SIZE; ++i)
      000560 0A               [12] 1683 	inc	r2
      000561 BA 00 01         [24] 1684 	cjne	r2,#0x00,00131$
      000564 0B               [12] 1685 	inc	r3
      000565                       1686 00131$:
      000565 C3               [12] 1687 	clr	c
      000566 EA               [12] 1688 	mov	a,r2
      000567 94 20            [12] 1689 	subb	a,#0x20
      000569 EB               [12] 1690 	mov	a,r3
      00056A 64 80            [12] 1691 	xrl	a,#0x80
      00056C 94 80            [12] 1692 	subb	a,#0x80
      00056E 40 C3            [24] 1693 	jc	00108$
                                   1694 ;	89C51Board.c:246: DirectWriteToDisplay(buffer);
      000570 7F 00            [12] 1695 	mov	r7,#0x00
      000572 7E 40            [12] 1696 	mov	r6,#0x40
      000574 8C 82            [24] 1697 	mov	dpl,r4
      000576 8F 83            [24] 1698 	mov	dph,r7
      000578 8E F0            [24] 1699 	mov	b,r6
      00057A 12r00r00         [24] 1700 	lcall	_DirectWriteToDisplay
                                   1701 ;	89C51Board.c:247: while (1);
      00057D                       1702 00106$:
      00057D 80 FE            [24] 1703 	sjmp	00106$
                                   1704 ;	89C51Board.c:249: }
      00057F 85*00 81         [24] 1705 	mov	sp,_bp
      000582 D0*00            [24] 1706 	pop	_bp
      000584 22               [24] 1707 	ret
                                   1708 	.area CSEG    (CODE)
                                   1709 	.area CONST   (CODE)
                                   1710 	.area CONST   (CODE)
      000000                       1711 ___str_0:
      000000 4F 75 74 4F 66 54 69  1712 	.ascii "OutOfTimers"
             6D 65 72 73
      00000B 00                    1713 	.db 0x00
                                   1714 	.area CSEG    (CODE)
                                   1715 	.area XINIT   (CODE)
                                   1716 	.area CABS    (ABS,CODE)
