                                      1 ;--------------------------------------------------------
                                      2 ; File Created by SDCC : free open source ISO C Compiler
                                      3 ; Version 4.5.0 #15242 (MINGW64)
                                      4 ;--------------------------------------------------------
                                      5 	.module CentralHeating
                                      6 	
                                      7 	.optsdcc -mmcs51 --model-large
                                      8 ;--------------------------------------------------------
                                      9 ; Public variables in this module
                                     10 ;--------------------------------------------------------
                                     11 	.globl _strcpy
                                     12 	.globl _strcat
                                     13 	.globl _BuildCentralHeatingMenuDefinitions
                                     14 	.globl _RenderMenuOnBuffer
                                     15 	.globl _MenuNavigation
                                     16 	.globl _InitialiseMenuController
                                     17 	.globl _CompareDateTime
                                     18 	.globl _AddSecondsToDateTime
                                     19 	.globl _FormatDate
                                     20 	.globl _FormatTime
                                     21 	.globl _GetNumDaysInMonth
                                     22 	.globl _P5_7
                                     23 	.globl _P5_6
                                     24 	.globl _P5_5
                                     25 	.globl _P5_4
                                     26 	.globl _P5_3
                                     27 	.globl _P5_2
                                     28 	.globl _P5_1
                                     29 	.globl _P5_0
                                     30 	.globl _P4_7
                                     31 	.globl _P4_6
                                     32 	.globl _P4_5
                                     33 	.globl _P4_4
                                     34 	.globl _P4_3
                                     35 	.globl _P4_2
                                     36 	.globl _P4_1
                                     37 	.globl _P4_0
                                     38 	.globl _PX0L
                                     39 	.globl _PT0L
                                     40 	.globl _PX1L
                                     41 	.globl _PT1L
                                     42 	.globl _PSL
                                     43 	.globl _PT2L
                                     44 	.globl _PPCL
                                     45 	.globl _EC
                                     46 	.globl _CCF0
                                     47 	.globl _CCF1
                                     48 	.globl _CCF2
                                     49 	.globl _CCF3
                                     50 	.globl _CCF4
                                     51 	.globl _CR
                                     52 	.globl _CF
                                     53 	.globl _TF2
                                     54 	.globl _EXF2
                                     55 	.globl _RCLK
                                     56 	.globl _TCLK
                                     57 	.globl _EXEN2
                                     58 	.globl _TR2
                                     59 	.globl _C_T2
                                     60 	.globl _CP_RL2
                                     61 	.globl _T2CON_7
                                     62 	.globl _T2CON_6
                                     63 	.globl _T2CON_5
                                     64 	.globl _T2CON_4
                                     65 	.globl _T2CON_3
                                     66 	.globl _T2CON_2
                                     67 	.globl _T2CON_1
                                     68 	.globl _T2CON_0
                                     69 	.globl _PT2
                                     70 	.globl _ET2
                                     71 	.globl _CY
                                     72 	.globl _AC
                                     73 	.globl _F0
                                     74 	.globl _RS1
                                     75 	.globl _RS0
                                     76 	.globl _OV
                                     77 	.globl _F1
                                     78 	.globl _P
                                     79 	.globl _PS
                                     80 	.globl _PT1
                                     81 	.globl _PX1
                                     82 	.globl _PT0
                                     83 	.globl _PX0
                                     84 	.globl _RD
                                     85 	.globl _WR
                                     86 	.globl _T1
                                     87 	.globl _T0
                                     88 	.globl _INT1
                                     89 	.globl _INT0
                                     90 	.globl _TXD
                                     91 	.globl _RXD
                                     92 	.globl _P3_7
                                     93 	.globl _P3_6
                                     94 	.globl _P3_5
                                     95 	.globl _P3_4
                                     96 	.globl _P3_3
                                     97 	.globl _P3_2
                                     98 	.globl _P3_1
                                     99 	.globl _P3_0
                                    100 	.globl _EA
                                    101 	.globl _ES
                                    102 	.globl _ET1
                                    103 	.globl _EX1
                                    104 	.globl _ET0
                                    105 	.globl _EX0
                                    106 	.globl _P2_7
                                    107 	.globl _P2_6
                                    108 	.globl _P2_5
                                    109 	.globl _P2_4
                                    110 	.globl _P2_3
                                    111 	.globl _P2_2
                                    112 	.globl _P2_1
                                    113 	.globl _P2_0
                                    114 	.globl _SM0
                                    115 	.globl _SM1
                                    116 	.globl _SM2
                                    117 	.globl _REN
                                    118 	.globl _TB8
                                    119 	.globl _RB8
                                    120 	.globl _TI
                                    121 	.globl _RI
                                    122 	.globl _P1_7
                                    123 	.globl _P1_6
                                    124 	.globl _P1_5
                                    125 	.globl _P1_4
                                    126 	.globl _P1_3
                                    127 	.globl _P1_2
                                    128 	.globl _P1_1
                                    129 	.globl _P1_0
                                    130 	.globl _TF1
                                    131 	.globl _TR1
                                    132 	.globl _TF0
                                    133 	.globl _TR0
                                    134 	.globl _IE1
                                    135 	.globl _IT1
                                    136 	.globl _IE0
                                    137 	.globl _IT0
                                    138 	.globl _P0_7
                                    139 	.globl _P0_6
                                    140 	.globl _P0_5
                                    141 	.globl _P0_4
                                    142 	.globl _P0_3
                                    143 	.globl _P0_2
                                    144 	.globl _P0_1
                                    145 	.globl _P0_0
                                    146 	.globl _EECON
                                    147 	.globl _KBF
                                    148 	.globl _KBE
                                    149 	.globl _KBLS
                                    150 	.globl _BRL
                                    151 	.globl _BDRCON
                                    152 	.globl _T2MOD
                                    153 	.globl _SPDAT
                                    154 	.globl _SPSTA
                                    155 	.globl _SPCON
                                    156 	.globl _SADEN
                                    157 	.globl _SADDR
                                    158 	.globl _WDTPRG
                                    159 	.globl _WDTRST
                                    160 	.globl _P5
                                    161 	.globl _P4
                                    162 	.globl _IPH1
                                    163 	.globl _IPL1
                                    164 	.globl _IPH0
                                    165 	.globl _IPL0
                                    166 	.globl _IEN1
                                    167 	.globl _IEN0
                                    168 	.globl _CMOD
                                    169 	.globl _CL
                                    170 	.globl _CH
                                    171 	.globl _CCON
                                    172 	.globl _CCAPM4
                                    173 	.globl _CCAPM3
                                    174 	.globl _CCAPM2
                                    175 	.globl _CCAPM1
                                    176 	.globl _CCAPM0
                                    177 	.globl _CCAP4L
                                    178 	.globl _CCAP3L
                                    179 	.globl _CCAP2L
                                    180 	.globl _CCAP1L
                                    181 	.globl _CCAP0L
                                    182 	.globl _CCAP4H
                                    183 	.globl _CCAP3H
                                    184 	.globl _CCAP2H
                                    185 	.globl _CCAP1H
                                    186 	.globl _CCAP0H
                                    187 	.globl _CKCON1
                                    188 	.globl _CKCON0
                                    189 	.globl _CKRL
                                    190 	.globl _AUXR1
                                    191 	.globl _AUXR
                                    192 	.globl _TH2
                                    193 	.globl _TL2
                                    194 	.globl _RCAP2H
                                    195 	.globl _RCAP2L
                                    196 	.globl _T2CON
                                    197 	.globl _B
                                    198 	.globl _ACC
                                    199 	.globl _PSW
                                    200 	.globl _IP
                                    201 	.globl _P3
                                    202 	.globl _IE
                                    203 	.globl _P2
                                    204 	.globl _SBUF
                                    205 	.globl _SCON
                                    206 	.globl _P1
                                    207 	.globl _TH1
                                    208 	.globl _TH0
                                    209 	.globl _TL1
                                    210 	.globl _TL0
                                    211 	.globl _TMOD
                                    212 	.globl _TCON
                                    213 	.globl _PCON
                                    214 	.globl _DPH
                                    215 	.globl _DPL
                                    216 	.globl _SP
                                    217 	.globl _P0
                                    218 	.globl _TestAndDisplay_PARM_2
                                    219 	.globl _HandleMenuCommand_PARM_2
                                    220 	.globl _PartialWriteToScreen_PARM_3
                                    221 	.globl _PartialWriteToScreen_PARM_2
                                    222 	.globl _provideHotwaterUntil
                                    223 	.globl _currentDateTime
                                    224 	.globl _hotWaterNeeded
                                    225 	.globl _animationType
                                    226 	.globl _lastOutputState
                                    227 	.globl _lastInputState
                                    228 	.globl _flashDateTime
                                    229 	.globl _currentScreen
                                    230 	.globl _lastKeys
                                    231 	.globl _screenBuffer
                                    232 	.globl _UserProgram
                                    233 	.globl _Callback
                                    234 	.globl _DisplayMenuOnHardware
                                    235 	.globl _PartialWriteToScreen
                                    236 	.globl _ClearTopLine
                                    237 	.globl _HandleMenuCommand
                                    238 	.globl _WriteCurrentTime
                                    239 	.globl _PreviewTimeAdjustment
                                    240 	.globl _PreviewDateAdjustment
                                    241 	.globl _TestAndDisplay
                                    242 	.globl _ProcessHeating
                                    243 	.globl _AnimateScreen
                                    244 ;--------------------------------------------------------
                                    245 ; special function registers
                                    246 ;--------------------------------------------------------
                                    247 	.area RSEG    (ABS,DATA)
      000000                        248 	.org 0x0000
                           000080   249 _P0	=	0x0080
                           000081   250 _SP	=	0x0081
                           000082   251 _DPL	=	0x0082
                           000083   252 _DPH	=	0x0083
                           000087   253 _PCON	=	0x0087
                           000088   254 _TCON	=	0x0088
                           000089   255 _TMOD	=	0x0089
                           00008A   256 _TL0	=	0x008a
                           00008B   257 _TL1	=	0x008b
                           00008C   258 _TH0	=	0x008c
                           00008D   259 _TH1	=	0x008d
                           000090   260 _P1	=	0x0090
                           000098   261 _SCON	=	0x0098
                           000099   262 _SBUF	=	0x0099
                           0000A0   263 _P2	=	0x00a0
                           0000A8   264 _IE	=	0x00a8
                           0000B0   265 _P3	=	0x00b0
                           0000B8   266 _IP	=	0x00b8
                           0000D0   267 _PSW	=	0x00d0
                           0000E0   268 _ACC	=	0x00e0
                           0000F0   269 _B	=	0x00f0
                           0000C8   270 _T2CON	=	0x00c8
                           0000CA   271 _RCAP2L	=	0x00ca
                           0000CB   272 _RCAP2H	=	0x00cb
                           0000CC   273 _TL2	=	0x00cc
                           0000CD   274 _TH2	=	0x00cd
                           00008E   275 _AUXR	=	0x008e
                           0000A2   276 _AUXR1	=	0x00a2
                           000097   277 _CKRL	=	0x0097
                           00008F   278 _CKCON0	=	0x008f
                           0000AF   279 _CKCON1	=	0x00af
                           0000FA   280 _CCAP0H	=	0x00fa
                           0000FB   281 _CCAP1H	=	0x00fb
                           0000FC   282 _CCAP2H	=	0x00fc
                           0000FD   283 _CCAP3H	=	0x00fd
                           0000FE   284 _CCAP4H	=	0x00fe
                           0000EA   285 _CCAP0L	=	0x00ea
                           0000EB   286 _CCAP1L	=	0x00eb
                           0000EC   287 _CCAP2L	=	0x00ec
                           0000ED   288 _CCAP3L	=	0x00ed
                           0000EE   289 _CCAP4L	=	0x00ee
                           0000DA   290 _CCAPM0	=	0x00da
                           0000DB   291 _CCAPM1	=	0x00db
                           0000DC   292 _CCAPM2	=	0x00dc
                           0000DD   293 _CCAPM3	=	0x00dd
                           0000DE   294 _CCAPM4	=	0x00de
                           0000D8   295 _CCON	=	0x00d8
                           0000F9   296 _CH	=	0x00f9
                           0000E9   297 _CL	=	0x00e9
                           0000D9   298 _CMOD	=	0x00d9
                           0000A8   299 _IEN0	=	0x00a8
                           0000B1   300 _IEN1	=	0x00b1
                           0000B8   301 _IPL0	=	0x00b8
                           0000B7   302 _IPH0	=	0x00b7
                           0000B2   303 _IPL1	=	0x00b2
                           0000B3   304 _IPH1	=	0x00b3
                           0000C0   305 _P4	=	0x00c0
                           0000E8   306 _P5	=	0x00e8
                           0000A6   307 _WDTRST	=	0x00a6
                           0000A7   308 _WDTPRG	=	0x00a7
                           0000A9   309 _SADDR	=	0x00a9
                           0000B9   310 _SADEN	=	0x00b9
                           0000C3   311 _SPCON	=	0x00c3
                           0000C4   312 _SPSTA	=	0x00c4
                           0000C5   313 _SPDAT	=	0x00c5
                           0000C9   314 _T2MOD	=	0x00c9
                           00009B   315 _BDRCON	=	0x009b
                           00009A   316 _BRL	=	0x009a
                           00009C   317 _KBLS	=	0x009c
                           00009D   318 _KBE	=	0x009d
                           00009E   319 _KBF	=	0x009e
                           0000D2   320 _EECON	=	0x00d2
                                    321 ;--------------------------------------------------------
                                    322 ; special function bits
                                    323 ;--------------------------------------------------------
                                    324 	.area RSEG    (ABS,DATA)
      000000                        325 	.org 0x0000
                           000080   326 _P0_0	=	0x0080
                           000081   327 _P0_1	=	0x0081
                           000082   328 _P0_2	=	0x0082
                           000083   329 _P0_3	=	0x0083
                           000084   330 _P0_4	=	0x0084
                           000085   331 _P0_5	=	0x0085
                           000086   332 _P0_6	=	0x0086
                           000087   333 _P0_7	=	0x0087
                           000088   334 _IT0	=	0x0088
                           000089   335 _IE0	=	0x0089
                           00008A   336 _IT1	=	0x008a
                           00008B   337 _IE1	=	0x008b
                           00008C   338 _TR0	=	0x008c
                           00008D   339 _TF0	=	0x008d
                           00008E   340 _TR1	=	0x008e
                           00008F   341 _TF1	=	0x008f
                           000090   342 _P1_0	=	0x0090
                           000091   343 _P1_1	=	0x0091
                           000092   344 _P1_2	=	0x0092
                           000093   345 _P1_3	=	0x0093
                           000094   346 _P1_4	=	0x0094
                           000095   347 _P1_5	=	0x0095
                           000096   348 _P1_6	=	0x0096
                           000097   349 _P1_7	=	0x0097
                           000098   350 _RI	=	0x0098
                           000099   351 _TI	=	0x0099
                           00009A   352 _RB8	=	0x009a
                           00009B   353 _TB8	=	0x009b
                           00009C   354 _REN	=	0x009c
                           00009D   355 _SM2	=	0x009d
                           00009E   356 _SM1	=	0x009e
                           00009F   357 _SM0	=	0x009f
                           0000A0   358 _P2_0	=	0x00a0
                           0000A1   359 _P2_1	=	0x00a1
                           0000A2   360 _P2_2	=	0x00a2
                           0000A3   361 _P2_3	=	0x00a3
                           0000A4   362 _P2_4	=	0x00a4
                           0000A5   363 _P2_5	=	0x00a5
                           0000A6   364 _P2_6	=	0x00a6
                           0000A7   365 _P2_7	=	0x00a7
                           0000A8   366 _EX0	=	0x00a8
                           0000A9   367 _ET0	=	0x00a9
                           0000AA   368 _EX1	=	0x00aa
                           0000AB   369 _ET1	=	0x00ab
                           0000AC   370 _ES	=	0x00ac
                           0000AF   371 _EA	=	0x00af
                           0000B0   372 _P3_0	=	0x00b0
                           0000B1   373 _P3_1	=	0x00b1
                           0000B2   374 _P3_2	=	0x00b2
                           0000B3   375 _P3_3	=	0x00b3
                           0000B4   376 _P3_4	=	0x00b4
                           0000B5   377 _P3_5	=	0x00b5
                           0000B6   378 _P3_6	=	0x00b6
                           0000B7   379 _P3_7	=	0x00b7
                           0000B0   380 _RXD	=	0x00b0
                           0000B1   381 _TXD	=	0x00b1
                           0000B2   382 _INT0	=	0x00b2
                           0000B3   383 _INT1	=	0x00b3
                           0000B4   384 _T0	=	0x00b4
                           0000B5   385 _T1	=	0x00b5
                           0000B6   386 _WR	=	0x00b6
                           0000B7   387 _RD	=	0x00b7
                           0000B8   388 _PX0	=	0x00b8
                           0000B9   389 _PT0	=	0x00b9
                           0000BA   390 _PX1	=	0x00ba
                           0000BB   391 _PT1	=	0x00bb
                           0000BC   392 _PS	=	0x00bc
                           0000D0   393 _P	=	0x00d0
                           0000D1   394 _F1	=	0x00d1
                           0000D2   395 _OV	=	0x00d2
                           0000D3   396 _RS0	=	0x00d3
                           0000D4   397 _RS1	=	0x00d4
                           0000D5   398 _F0	=	0x00d5
                           0000D6   399 _AC	=	0x00d6
                           0000D7   400 _CY	=	0x00d7
                           0000AD   401 _ET2	=	0x00ad
                           0000BD   402 _PT2	=	0x00bd
                           0000C8   403 _T2CON_0	=	0x00c8
                           0000C9   404 _T2CON_1	=	0x00c9
                           0000CA   405 _T2CON_2	=	0x00ca
                           0000CB   406 _T2CON_3	=	0x00cb
                           0000CC   407 _T2CON_4	=	0x00cc
                           0000CD   408 _T2CON_5	=	0x00cd
                           0000CE   409 _T2CON_6	=	0x00ce
                           0000CF   410 _T2CON_7	=	0x00cf
                           0000C8   411 _CP_RL2	=	0x00c8
                           0000C9   412 _C_T2	=	0x00c9
                           0000CA   413 _TR2	=	0x00ca
                           0000CB   414 _EXEN2	=	0x00cb
                           0000CC   415 _TCLK	=	0x00cc
                           0000CD   416 _RCLK	=	0x00cd
                           0000CE   417 _EXF2	=	0x00ce
                           0000CF   418 _TF2	=	0x00cf
                           0000DF   419 _CF	=	0x00df
                           0000DE   420 _CR	=	0x00de
                           0000DC   421 _CCF4	=	0x00dc
                           0000DB   422 _CCF3	=	0x00db
                           0000DA   423 _CCF2	=	0x00da
                           0000D9   424 _CCF1	=	0x00d9
                           0000D8   425 _CCF0	=	0x00d8
                           0000AE   426 _EC	=	0x00ae
                           0000BE   427 _PPCL	=	0x00be
                           0000BD   428 _PT2L	=	0x00bd
                           0000BC   429 _PSL	=	0x00bc
                           0000BB   430 _PT1L	=	0x00bb
                           0000BA   431 _PX1L	=	0x00ba
                           0000B9   432 _PT0L	=	0x00b9
                           0000B8   433 _PX0L	=	0x00b8
                           0000C0   434 _P4_0	=	0x00c0
                           0000C1   435 _P4_1	=	0x00c1
                           0000C2   436 _P4_2	=	0x00c2
                           0000C3   437 _P4_3	=	0x00c3
                           0000C4   438 _P4_4	=	0x00c4
                           0000C5   439 _P4_5	=	0x00c5
                           0000C6   440 _P4_6	=	0x00c6
                           0000C7   441 _P4_7	=	0x00c7
                           0000E8   442 _P5_0	=	0x00e8
                           0000E9   443 _P5_1	=	0x00e9
                           0000EA   444 _P5_2	=	0x00ea
                           0000EB   445 _P5_3	=	0x00eb
                           0000EC   446 _P5_4	=	0x00ec
                           0000ED   447 _P5_5	=	0x00ed
                           0000EE   448 _P5_6	=	0x00ee
                           0000EF   449 _P5_7	=	0x00ef
                                    450 ;--------------------------------------------------------
                                    451 ; overlayable register banks
                                    452 ;--------------------------------------------------------
                                    453 	.area REG_BANK_0	(REL,OVR,DATA)
      000000                        454 	.ds 8
                                    455 ;--------------------------------------------------------
                                    456 ; internal ram data
                                    457 ;--------------------------------------------------------
                                    458 	.area DSEG    (DATA)
                                    459 ;--------------------------------------------------------
                                    460 ; overlayable items in internal ram
                                    461 ;--------------------------------------------------------
                                    462 ;--------------------------------------------------------
                                    463 ; indirectly addressable internal ram data
                                    464 ;--------------------------------------------------------
                                    465 	.area ISEG    (DATA)
                                    466 ;--------------------------------------------------------
                                    467 ; absolute internal ram data
                                    468 ;--------------------------------------------------------
                                    469 	.area IABS    (ABS,DATA)
                                    470 	.area IABS    (ABS,DATA)
                                    471 ;--------------------------------------------------------
                                    472 ; bit data
                                    473 ;--------------------------------------------------------
                                    474 	.area BSEG    (BIT)
                                    475 ;--------------------------------------------------------
                                    476 ; paged external ram data
                                    477 ;--------------------------------------------------------
                                    478 	.area PSEG    (PAG,XDATA)
                                    479 ;--------------------------------------------------------
                                    480 ; uninitialized external ram data
                                    481 ;--------------------------------------------------------
                                    482 	.area XSEG    (XDATA)
      000000                        483 _screenBuffer::
      000000                        484 	.ds 33
      000021                        485 _lastKeys::
      000021                        486 	.ds 1
      000022                        487 _currentScreen::
      000022                        488 	.ds 1
      000023                        489 _flashDateTime::
      000023                        490 	.ds 1
      000024                        491 _lastInputState::
      000024                        492 	.ds 1
      000025                        493 _lastOutputState::
      000025                        494 	.ds 1
      000026                        495 _animationType::
      000026                        496 	.ds 1
      000027                        497 _hotWaterNeeded::
      000027                        498 	.ds 1
      000028                        499 _currentDateTime::
      000028                        500 	.ds 7
      00002F                        501 _provideHotwaterUntil::
      00002F                        502 	.ds 7
      000036                        503 _Callback_cookie_10000_31:
      000036                        504 	.ds 2
      000038                        505 _Callback_keys_10000_32:
      000038                        506 	.ds 2
      00003A                        507 _DisplayMenuOnHardware_buffer_10000_47:
      00003A                        508 	.ds 17
      00004B                        509 _PartialWriteToScreen_PARM_2:
      00004B                        510 	.ds 2
      00004D                        511 _PartialWriteToScreen_PARM_3:
      00004D                        512 	.ds 3
      000050                        513 _PartialWriteToScreen_screenPosition_10000_52:
      000050                        514 	.ds 2
      000052                        515 _HandleMenuCommand_PARM_2:
      000052                        516 	.ds 2
      000054                        517 _HandleMenuCommand_menuItem_10000_59:
      000054                        518 	.ds 2
      000056                        519 _HandleMenuCommand_dt_10000_60:
      000056                        520 	.ds 7
      00005D                        521 _WriteCurrentTime_strBuffer_10000_100:
      00005D                        522 	.ds 10
      000067                        523 _PreviewTimeAdjustment_strBuffer_10000_101:
      000067                        524 	.ds 10
      000071                        525 _PreviewTimeAdjustment_dt_10000_101:
      000071                        526 	.ds 7
      000078                        527 _PreviewDateAdjustment_strBuffer_10000_102:
      000078                        528 	.ds 10
      000082                        529 _PreviewDateAdjustment_dt_10000_102:
      000082                        530 	.ds 7
      000089                        531 _TestAndDisplay_PARM_2:
      000089                        532 	.ds 1
      00008A                        533 _TestAndDisplay_description_10000_103:
      00008A                        534 	.ds 3
      00008D                        535 _ProcessHeating_inputs_10000_105:
      00008D                        536 	.ds 1
      00008E                        537 _ProcessHeating_zones_10000_105:
      00008E                        538 	.ds 5
      000093                        539 _ProcessHeating_pump_10000_105:
      000093                        540 	.ds 1
      000094                        541 _ProcessHeating_boiler_10000_105:
      000094                        542 	.ds 1
      000095                        543 _ProcessHeating_output_10000_105:
      000095                        544 	.ds 1
      000096                        545 _AnimateScreen_strBuffer_10000_115:
      000096                        546 	.ds 11
      0000A1                        547 _AnimateScreen_numericValue_10000_115:
      0000A1                        548 	.ds 2
      0000A3                        549 _AnimateScreen_zones_10000_115:
      0000A3                        550 	.ds 5
      0000A8                        551 _AnimateScreen_outputs_10000_115:
      0000A8                        552 	.ds 4
                                    553 ;--------------------------------------------------------
                                    554 ; absolute external ram data
                                    555 ;--------------------------------------------------------
                                    556 	.area XABS    (ABS,XDATA)
                                    557 ;--------------------------------------------------------
                                    558 ; initialized external ram data
                                    559 ;--------------------------------------------------------
                                    560 	.area XISEG   (XDATA)
                                    561 	.area HOME    (CODE)
                                    562 	.area GSINIT0 (CODE)
                                    563 	.area GSINIT1 (CODE)
                                    564 	.area GSINIT2 (CODE)
                                    565 	.area GSINIT3 (CODE)
                                    566 	.area GSINIT4 (CODE)
                                    567 	.area GSINIT5 (CODE)
                                    568 	.area GSINIT  (CODE)
                                    569 	.area GSFINAL (CODE)
                                    570 	.area CSEG    (CODE)
                                    571 ;--------------------------------------------------------
                                    572 ; global & static initialisations
                                    573 ;--------------------------------------------------------
                                    574 	.area HOME    (CODE)
                                    575 	.area GSINIT  (CODE)
                                    576 	.area GSFINAL (CODE)
                                    577 	.area GSINIT  (CODE)
                                    578 ;--------------------------------------------------------
                                    579 ; Home
                                    580 ;--------------------------------------------------------
                                    581 	.area HOME    (CODE)
                                    582 	.area HOME    (CODE)
                                    583 ;--------------------------------------------------------
                                    584 ; code
                                    585 ;--------------------------------------------------------
                                    586 	.area CSEG    (CODE)
                                    587 ;------------------------------------------------------------
                                    588 ;Allocation info for local variables in function 'UserProgram'
                                    589 ;------------------------------------------------------------
                                    590 ;i             Allocated with name '_UserProgram_i_10000_28'
                                    591 ;------------------------------------------------------------
                                    592 ;	../Common/CentralHeating.c:79: void STDCALL UserProgram()
                                    593 ;	-----------------------------------------
                                    594 ;	 function UserProgram
                                    595 ;	-----------------------------------------
      000000                        596 _UserProgram:
                           000007   597 	ar7 = 0x07
                           000006   598 	ar6 = 0x06
                           000005   599 	ar5 = 0x05
                           000004   600 	ar4 = 0x04
                           000003   601 	ar3 = 0x03
                           000002   602 	ar2 = 0x02
                           000001   603 	ar1 = 0x01
                           000000   604 	ar0 = 0x00
                                    605 ;	../Common/CentralHeating.c:86: lastKeys = 0;
      000000 90r00r21         [24]  606 	mov	dptr,#_lastKeys
      000003 E4               [12]  607 	clr	a
      000004 F0               [24]  608 	movx	@dptr,a
                                    609 ;	../Common/CentralHeating.c:87: currentScreen = 0;
      000005 90r00r22         [24]  610 	mov	dptr,#_currentScreen
      000008 F0               [24]  611 	movx	@dptr,a
                                    612 ;	../Common/CentralHeating.c:88: flashDateTime = 0;
      000009 90r00r23         [24]  613 	mov	dptr,#_flashDateTime
      00000C F0               [24]  614 	movx	@dptr,a
                                    615 ;	../Common/CentralHeating.c:89: lastInputState = 0;
      00000D 90r00r24         [24]  616 	mov	dptr,#_lastInputState
      000010 F0               [24]  617 	movx	@dptr,a
                                    618 ;	../Common/CentralHeating.c:90: lastOutputState = 0;
      000011 90r00r25         [24]  619 	mov	dptr,#_lastOutputState
      000014 F0               [24]  620 	movx	@dptr,a
                                    621 ;	../Common/CentralHeating.c:91: animationType = ANIMATE_INPUTS;
      000015 90r00r26         [24]  622 	mov	dptr,#_animationType
      000018 F0               [24]  623 	movx	@dptr,a
                                    624 ;	../Common/CentralHeating.c:94: provideHotwaterUntil.day = 0;
      000019 90r00r33         [24]  625 	mov	dptr,#(_provideHotwaterUntil + 0x0004)
      00001C F0               [24]  626 	movx	@dptr,a
                                    627 ;	../Common/CentralHeating.c:95: provideHotwaterUntil.dayOfWeek = 0;
      00001D 90r00r32         [24]  628 	mov	dptr,#(_provideHotwaterUntil + 0x0003)
      000020 F0               [24]  629 	movx	@dptr,a
                                    630 ;	../Common/CentralHeating.c:96: provideHotwaterUntil.hours = 0;
      000021 90r00r31         [24]  631 	mov	dptr,#(_provideHotwaterUntil + 0x0002)
      000024 F0               [24]  632 	movx	@dptr,a
                                    633 ;	../Common/CentralHeating.c:97: provideHotwaterUntil.minutes = 0;
      000025 90r00r30         [24]  634 	mov	dptr,#(_provideHotwaterUntil + 0x0001)
      000028 F0               [24]  635 	movx	@dptr,a
                                    636 ;	../Common/CentralHeating.c:98: provideHotwaterUntil.month = 0;
      000029 90r00r34         [24]  637 	mov	dptr,#(_provideHotwaterUntil + 0x0005)
      00002C F0               [24]  638 	movx	@dptr,a
                                    639 ;	../Common/CentralHeating.c:99: provideHotwaterUntil.seconds = 0;
      00002D 90r00r2F         [24]  640 	mov	dptr,#_provideHotwaterUntil
      000030 F0               [24]  641 	movx	@dptr,a
                                    642 ;	../Common/CentralHeating.c:100: provideHotwaterUntil.year = 0;
      000031 90r00r35         [24]  643 	mov	dptr,#(_provideHotwaterUntil + 0x0006)
      000034 F0               [24]  644 	movx	@dptr,a
                                    645 ;	../Common/CentralHeating.c:104: for (i = 0; i < SCREEN_BUFFER_SIZE; ++i)
      000035 FF               [12]  646 	mov	r7,a
      000036                        647 00102$:
                                    648 ;	../Common/CentralHeating.c:106: screenBuffer[i] = ' ';
      000036 EF               [12]  649 	mov	a,r7
      000037 24r00            [12]  650 	add	a, #_screenBuffer
      000039 F5 82            [12]  651 	mov	dpl,a
      00003B E4               [12]  652 	clr	a
      00003C 34s00            [12]  653 	addc	a, #(_screenBuffer >> 8)
      00003E F5 83            [12]  654 	mov	dph,a
      000040 74 20            [12]  655 	mov	a,#0x20
      000042 F0               [24]  656 	movx	@dptr,a
                                    657 ;	../Common/CentralHeating.c:104: for (i = 0; i < SCREEN_BUFFER_SIZE; ++i)
      000043 0F               [12]  658 	inc	r7
      000044 BF 20 00         [24]  659 	cjne	r7,#0x20,00119$
      000047                        660 00119$:
      000047 40 ED            [24]  661 	jc	00102$
                                    662 ;	../Common/CentralHeating.c:109: pWriteDisplayBuffer(screenBuffer);
      000049 12r00r4E         [24]  663 	lcall	00121$
      00004C 80 11            [24]  664 	sjmp	00122$
      00004E                        665 00121$:
      00004E 90r00r00         [24]  666 	mov	dptr,#_pWriteDisplayBuffer
      000051 E0               [24]  667 	movx	a,@dptr
      000052 C0 E0            [24]  668 	push	acc
      000054 A3               [24]  669 	inc	dptr
      000055 E0               [24]  670 	movx	a,@dptr
      000056 C0 E0            [24]  671 	push	acc
      000058 90r00r00         [24]  672 	mov	dptr,#_screenBuffer
      00005B 75 F0 00         [24]  673 	mov	b, #0x00
      00005E 22               [24]  674 	ret
      00005F                        675 00122$:
                                    676 ;	../Common/CentralHeating.c:113: currentScreen = SCREEN_HOME;
      00005F 90r00r22         [24]  677 	mov	dptr,#_currentScreen
      000062 74 01            [12]  678 	mov	a,#0x01
      000064 F0               [24]  679 	movx	@dptr,a
                                    680 ;	../Common/CentralHeating.c:117: pRegisterForTimer(RTCUPDATECOOKIE, 400, Callback);
      000065 74r11            [12]  681 	mov	a,#_Callback
      000067 C0 E0            [24]  682 	push	acc
      000069 74s01            [12]  683 	mov	a,#(_Callback >> 8)
      00006B C0 E0            [24]  684 	push	acc
      00006D 74 90            [12]  685 	mov	a,#0x90
      00006F C0 E0            [24]  686 	push	acc
      000071 74 01            [12]  687 	mov	a,#0x01
      000073 C0 E0            [24]  688 	push	acc
      000075 12r00r7A         [24]  689 	lcall	00123$
      000078 80 0E            [24]  690 	sjmp	00124$
      00007A                        691 00123$:
      00007A 90r00r00         [24]  692 	mov	dptr,#_pRegisterForTimer
      00007D E0               [24]  693 	movx	a,@dptr
      00007E C0 E0            [24]  694 	push	acc
      000080 A3               [24]  695 	inc	dptr
      000081 E0               [24]  696 	movx	a,@dptr
      000082 C0 E0            [24]  697 	push	acc
      000084 90 00 01         [24]  698 	mov	dptr,#0x0001
      000087 22               [24]  699 	ret
      000088                        700 00124$:
      000088 E5 81            [12]  701 	mov	a,sp
      00008A 24 FC            [12]  702 	add	a,#0xfc
      00008C F5 81            [12]  703 	mov	sp,a
                                    704 ;	../Common/CentralHeating.c:118: pRegisterForTimer(READKEYSCOOKIE, 10, Callback);
      00008E 74r11            [12]  705 	mov	a,#_Callback
      000090 C0 E0            [24]  706 	push	acc
      000092 74s01            [12]  707 	mov	a,#(_Callback >> 8)
      000094 C0 E0            [24]  708 	push	acc
      000096 74 0A            [12]  709 	mov	a,#0x0a
      000098 C0 E0            [24]  710 	push	acc
      00009A E4               [12]  711 	clr	a
      00009B C0 E0            [24]  712 	push	acc
      00009D 12r00rA2         [24]  713 	lcall	00125$
      0000A0 80 0E            [24]  714 	sjmp	00126$
      0000A2                        715 00125$:
      0000A2 90r00r00         [24]  716 	mov	dptr,#_pRegisterForTimer
      0000A5 E0               [24]  717 	movx	a,@dptr
      0000A6 C0 E0            [24]  718 	push	acc
      0000A8 A3               [24]  719 	inc	dptr
      0000A9 E0               [24]  720 	movx	a,@dptr
      0000AA C0 E0            [24]  721 	push	acc
      0000AC 90 00 02         [24]  722 	mov	dptr,#0x0002
      0000AF 22               [24]  723 	ret
      0000B0                        724 00126$:
      0000B0 E5 81            [12]  725 	mov	a,sp
      0000B2 24 FC            [12]  726 	add	a,#0xfc
      0000B4 F5 81            [12]  727 	mov	sp,a
                                    728 ;	../Common/CentralHeating.c:119: pRegisterForTimer(PROCESSHEATING, 1000, Callback);
      0000B6 74r11            [12]  729 	mov	a,#_Callback
      0000B8 C0 E0            [24]  730 	push	acc
      0000BA 74s01            [12]  731 	mov	a,#(_Callback >> 8)
      0000BC C0 E0            [24]  732 	push	acc
      0000BE 74 E8            [12]  733 	mov	a,#0xe8
      0000C0 C0 E0            [24]  734 	push	acc
      0000C2 74 03            [12]  735 	mov	a,#0x03
      0000C4 C0 E0            [24]  736 	push	acc
      0000C6 12r00rCB         [24]  737 	lcall	00127$
      0000C9 80 0E            [24]  738 	sjmp	00128$
      0000CB                        739 00127$:
      0000CB 90r00r00         [24]  740 	mov	dptr,#_pRegisterForTimer
      0000CE E0               [24]  741 	movx	a,@dptr
      0000CF C0 E0            [24]  742 	push	acc
      0000D1 A3               [24]  743 	inc	dptr
      0000D2 E0               [24]  744 	movx	a,@dptr
      0000D3 C0 E0            [24]  745 	push	acc
      0000D5 90 00 03         [24]  746 	mov	dptr,#0x0003
      0000D8 22               [24]  747 	ret
      0000D9                        748 00128$:
      0000D9 E5 81            [12]  749 	mov	a,sp
      0000DB 24 FC            [12]  750 	add	a,#0xfc
      0000DD F5 81            [12]  751 	mov	sp,a
                                    752 ;	../Common/CentralHeating.c:120: pRegisterForTimer(SCREENACTIVITY, 1000, Callback);
      0000DF 74r11            [12]  753 	mov	a,#_Callback
      0000E1 C0 E0            [24]  754 	push	acc
      0000E3 74s01            [12]  755 	mov	a,#(_Callback >> 8)
      0000E5 C0 E0            [24]  756 	push	acc
      0000E7 74 E8            [12]  757 	mov	a,#0xe8
      0000E9 C0 E0            [24]  758 	push	acc
      0000EB 74 03            [12]  759 	mov	a,#0x03
      0000ED C0 E0            [24]  760 	push	acc
      0000EF 12r00rF4         [24]  761 	lcall	00129$
      0000F2 80 0E            [24]  762 	sjmp	00130$
      0000F4                        763 00129$:
      0000F4 90r00r00         [24]  764 	mov	dptr,#_pRegisterForTimer
      0000F7 E0               [24]  765 	movx	a,@dptr
      0000F8 C0 E0            [24]  766 	push	acc
      0000FA A3               [24]  767 	inc	dptr
      0000FB E0               [24]  768 	movx	a,@dptr
      0000FC C0 E0            [24]  769 	push	acc
      0000FE 90 00 04         [24]  770 	mov	dptr,#0x0004
      000101 22               [24]  771 	ret
      000102                        772 00130$:
      000102 E5 81            [12]  773 	mov	a,sp
      000104 24 FC            [12]  774 	add	a,#0xfc
      000106 F5 81            [12]  775 	mov	sp,a
                                    776 ;	../Common/CentralHeating.c:124: BuildCentralHeatingMenuDefinitions();
      000108 12r00r00         [24]  777 	lcall	_BuildCentralHeatingMenuDefinitions
                                    778 ;	../Common/CentralHeating.c:127: InitialiseMenuController();
      00010B 12r00r00         [24]  779 	lcall	_InitialiseMenuController
                                    780 ;	../Common/CentralHeating.c:128: DisplayMenuOnHardware();
                                    781 ;	../Common/CentralHeating.c:131: }
      00010E 02r02r03         [24]  782 	ljmp	_DisplayMenuOnHardware
                                    783 ;------------------------------------------------------------
                                    784 ;Allocation info for local variables in function 'Callback'
                                    785 ;------------------------------------------------------------
                                    786 ;cookie        Allocated with name '_Callback_cookie_10000_31'
                                    787 ;keys          Allocated with name '_Callback_keys_10000_32'
                                    788 ;------------------------------------------------------------
                                    789 ;	../Common/CentralHeating.c:134: void STDCALL Callback(int cookie)
                                    790 ;	-----------------------------------------
                                    791 ;	 function Callback
                                    792 ;	-----------------------------------------
      000111                        793 _Callback:
      000111 AF 83            [24]  794 	mov	r7,dph
      000113 E5 82            [12]  795 	mov	a,dpl
      000115 90r00r36         [24]  796 	mov	dptr,#_Callback_cookie_10000_31
      000118 F0               [24]  797 	movx	@dptr,a
      000119 EF               [12]  798 	mov	a,r7
      00011A A3               [24]  799 	inc	dptr
      00011B F0               [24]  800 	movx	@dptr,a
                                    801 ;	../Common/CentralHeating.c:138: switch (cookie)
      00011C 90r00r36         [24]  802 	mov	dptr,#_Callback_cookie_10000_31
      00011F E0               [24]  803 	movx	a,@dptr
      000120 FE               [12]  804 	mov	r6,a
      000121 A3               [24]  805 	inc	dptr
      000122 E0               [24]  806 	movx	a,@dptr
      000123 FF               [12]  807 	mov	r7,a
      000124 BE 01 05         [24]  808 	cjne	r6,#0x01,00226$
      000127 BF 00 02         [24]  809 	cjne	r7,#0x00,00226$
      00012A 80 1B            [24]  810 	sjmp	00101$
      00012C                        811 00226$:
      00012C BE 02 05         [24]  812 	cjne	r6,#0x02,00227$
      00012F BF 00 02         [24]  813 	cjne	r7,#0x00,00227$
      000132 80 59            [24]  814 	sjmp	00116$
      000134                        815 00227$:
      000134 BE 03 06         [24]  816 	cjne	r6,#0x03,00228$
      000137 BF 00 03         [24]  817 	cjne	r7,#0x00,00228$
      00013A 02r01rEB         [24]  818 	ljmp	00127$
      00013D                        819 00228$:
      00013D BE 04 06         [24]  820 	cjne	r6,#0x04,00229$
      000140 BF 00 03         [24]  821 	cjne	r7,#0x00,00229$
      000143 02r01rF7         [24]  822 	ljmp	00130$
      000146                        823 00229$:
      000146 22               [24]  824 	ret
                                    825 ;	../Common/CentralHeating.c:140: case RTCUPDATECOOKIE :
      000147                        826 00101$:
                                    827 ;	../Common/CentralHeating.c:141: if (currentScreen == SCREEN_HOME)
      000147 90r00r22         [24]  828 	mov	dptr,#_currentScreen
      00014A E0               [24]  829 	movx	a,@dptr
      00014B FF               [12]  830 	mov	r7,a
      00014C BF 01 03         [24]  831 	cjne	r7,#0x01,00114$
                                    832 ;	../Common/CentralHeating.c:143: WriteCurrentTime();
      00014F 02r08rEB         [24]  833 	ljmp	_WriteCurrentTime
      000152                        834 00114$:
                                    835 ;	../Common/CentralHeating.c:145: else if (currentScreen == SCREEN_SETDATE)
      000152 BF 02 19         [24]  836 	cjne	r7,#0x02,00111$
                                    837 ;	../Common/CentralHeating.c:147: if (flashDateTime)
      000155 90r00r23         [24]  838 	mov	dptr,#_flashDateTime
      000158 E0               [24]  839 	movx	a,@dptr
      000159 60 09            [24]  840 	jz	00103$
                                    841 ;	../Common/CentralHeating.c:149: ClearTopLine();
      00015B 12r02rF8         [24]  842 	lcall	_ClearTopLine
                                    843 ;	../Common/CentralHeating.c:150: flashDateTime = 0;
      00015E 90r00r23         [24]  844 	mov	dptr,#_flashDateTime
      000161 E4               [12]  845 	clr	a
      000162 F0               [24]  846 	movx	@dptr,a
      000163 22               [24]  847 	ret
      000164                        848 00103$:
                                    849 ;	../Common/CentralHeating.c:154: PreviewDateAdjustment(); 
      000164 12r09r83         [24]  850 	lcall	_PreviewDateAdjustment
                                    851 ;	../Common/CentralHeating.c:155: flashDateTime = 1;
      000167 90r00r23         [24]  852 	mov	dptr,#_flashDateTime
      00016A 74 01            [12]  853 	mov	a,#0x01
      00016C F0               [24]  854 	movx	@dptr,a
      00016D 22               [24]  855 	ret
      00016E                        856 00111$:
                                    857 ;	../Common/CentralHeating.c:159: else if (currentScreen == SCREEN_SETTIME)
      00016E BF 03 02         [24]  858 	cjne	r7,#0x03,00235$
      000171 80 01            [24]  859 	sjmp	00236$
      000173                        860 00235$:
      000173 22               [24]  861 	ret
      000174                        862 00236$:
                                    863 ;	../Common/CentralHeating.c:161: if (flashDateTime)
      000174 90r00r23         [24]  864 	mov	dptr,#_flashDateTime
      000177 E0               [24]  865 	movx	a,@dptr
      000178 60 09            [24]  866 	jz	00106$
                                    867 ;	../Common/CentralHeating.c:163: ClearTopLine();
      00017A 12r02rF8         [24]  868 	lcall	_ClearTopLine
                                    869 ;	../Common/CentralHeating.c:164: flashDateTime = 0;
      00017D 90r00r23         [24]  870 	mov	dptr,#_flashDateTime
      000180 E4               [12]  871 	clr	a
      000181 F0               [24]  872 	movx	@dptr,a
      000182 22               [24]  873 	ret
      000183                        874 00106$:
                                    875 ;	../Common/CentralHeating.c:168: PreviewTimeAdjustment();
      000183 12r09r36         [24]  876 	lcall	_PreviewTimeAdjustment
                                    877 ;	../Common/CentralHeating.c:169: flashDateTime = 1;
      000186 90r00r23         [24]  878 	mov	dptr,#_flashDateTime
      000189 74 01            [12]  879 	mov	a,#0x01
      00018B F0               [24]  880 	movx	@dptr,a
                                    881 ;	../Common/CentralHeating.c:172: break;
      00018C 22               [24]  882 	ret
                                    883 ;	../Common/CentralHeating.c:174: case READKEYSCOOKIE :
      00018D                        884 00116$:
                                    885 ;	../Common/CentralHeating.c:175: pGetKeyState(&keys);
      00018D 12r01r92         [24]  886 	lcall	00238$
      000190 80 11            [24]  887 	sjmp	00239$
      000192                        888 00238$:
      000192 90r00r00         [24]  889 	mov	dptr,#_pGetKeyState
      000195 E0               [24]  890 	movx	a,@dptr
      000196 C0 E0            [24]  891 	push	acc
      000198 A3               [24]  892 	inc	dptr
      000199 E0               [24]  893 	movx	a,@dptr
      00019A C0 E0            [24]  894 	push	acc
      00019C 90r00r38         [24]  895 	mov	dptr,#_Callback_keys_10000_32
      00019F 75 F0 00         [24]  896 	mov	b, #0x00
      0001A2 22               [24]  897 	ret
      0001A3                        898 00239$:
                                    899 ;	../Common/CentralHeating.c:176: if (keys != lastKeys)
      0001A3 90r00r38         [24]  900 	mov	dptr,#_Callback_keys_10000_32
      0001A6 E0               [24]  901 	movx	a,@dptr
      0001A7 FE               [12]  902 	mov	r6,a
      0001A8 A3               [24]  903 	inc	dptr
      0001A9 E0               [24]  904 	movx	a,@dptr
      0001AA FF               [12]  905 	mov	r7,a
      0001AB 90r00r21         [24]  906 	mov	dptr,#_lastKeys
      0001AE E0               [24]  907 	movx	a,@dptr
      0001AF FC               [12]  908 	mov	r4,a
      0001B0 7D 00            [12]  909 	mov	r5,#0x00
      0001B2 EE               [12]  910 	mov	a,r6
      0001B3 B5 04 05         [24]  911 	cjne	a,ar4,00240$
      0001B6 EF               [12]  912 	mov	a,r7
      0001B7 B5 05 01         [24]  913 	cjne	a,ar5,00240$
      0001BA 22               [24]  914 	ret
      0001BB                        915 00240$:
                                    916 ;	../Common/CentralHeating.c:178: lastKeys = keys;
      0001BB 90r00r21         [24]  917 	mov	dptr,#_lastKeys
      0001BE EE               [12]  918 	mov	a,r6
      0001BF F0               [24]  919 	movx	@dptr,a
                                    920 ;	../Common/CentralHeating.c:179: if (keys == 1)
      0001C0 BE 01 0B         [24]  921 	cjne	r6,#0x01,00123$
      0001C3 BF 00 08         [24]  922 	cjne	r7,#0x00,00123$
                                    923 ;	../Common/CentralHeating.c:182: MenuNavigation(NAVTYPE_LEFT);
      0001C6 75 82 01         [24]  924 	mov	dpl, #0x01
      0001C9 12r00r00         [24]  925 	lcall	_MenuNavigation
      0001CC 80 1A            [24]  926 	sjmp	00124$
      0001CE                        927 00123$:
                                    928 ;	../Common/CentralHeating.c:184: else if (keys == 2)
      0001CE BE 02 0B         [24]  929 	cjne	r6,#0x02,00120$
      0001D1 BF 00 08         [24]  930 	cjne	r7,#0x00,00120$
                                    931 ;	../Common/CentralHeating.c:186: MenuNavigation(NAVTYPE_SELECTITEM);
      0001D4 75 82 03         [24]  932 	mov	dpl, #0x03
      0001D7 12r00r00         [24]  933 	lcall	_MenuNavigation
      0001DA 80 0C            [24]  934 	sjmp	00124$
      0001DC                        935 00120$:
                                    936 ;	../Common/CentralHeating.c:188: else if (keys == 3)
      0001DC BE 03 09         [24]  937 	cjne	r6,#0x03,00124$
      0001DF BF 00 06         [24]  938 	cjne	r7,#0x00,00124$
                                    939 ;	../Common/CentralHeating.c:190: MenuNavigation(NAVTYPE_RIGHT);
      0001E2 75 82 02         [24]  940 	mov	dpl, #0x02
      0001E5 12r00r00         [24]  941 	lcall	_MenuNavigation
      0001E8                        942 00124$:
                                    943 ;	../Common/CentralHeating.c:192: DisplayMenuOnHardware();
                                    944 ;	../Common/CentralHeating.c:194: break;
                                    945 ;	../Common/CentralHeating.c:196: case PROCESSHEATING :
      0001E8 02r02r03         [24]  946 	ljmp	_DisplayMenuOnHardware
      0001EB                        947 00127$:
                                    948 ;	../Common/CentralHeating.c:197: if (currentScreen != SCREEN_OUTPUTTEST)
      0001EB 90r00r22         [24]  949 	mov	dptr,#_currentScreen
      0001EE E0               [24]  950 	movx	a,@dptr
      0001EF FF               [12]  951 	mov	r7,a
      0001F0 BF 04 01         [24]  952 	cjne	r7,#0x04,00247$
      0001F3 22               [24]  953 	ret
      0001F4                        954 00247$:
                                    955 ;	../Common/CentralHeating.c:199: ProcessHeating();
                                    956 ;	../Common/CentralHeating.c:201: break;
                                    957 ;	../Common/CentralHeating.c:203: case SCREENACTIVITY :
      0001F4 02r0Ar15         [24]  958 	ljmp	_ProcessHeating
      0001F7                        959 00130$:
                                    960 ;	../Common/CentralHeating.c:204: if (currentScreen == SCREEN_HOME)
      0001F7 90r00r22         [24]  961 	mov	dptr,#_currentScreen
      0001FA E0               [24]  962 	movx	a,@dptr
      0001FB FF               [12]  963 	mov	r7,a
      0001FC BF 01 03         [24]  964 	cjne	r7,#0x01,00134$
                                    965 ;	../Common/CentralHeating.c:206: AnimateScreen();
                                    966 ;	../Common/CentralHeating.c:210: }
                                    967 ;	../Common/CentralHeating.c:211: }
      0001FF 02r0Br46         [24]  968 	ljmp	_AnimateScreen
      000202                        969 00134$:
      000202 22               [24]  970 	ret
                                    971 ;------------------------------------------------------------
                                    972 ;Allocation info for local variables in function 'DisplayMenuOnHardware'
                                    973 ;------------------------------------------------------------
                                    974 ;buffer        Allocated with name '_DisplayMenuOnHardware_buffer_10000_47'
                                    975 ;i             Allocated with name '_DisplayMenuOnHardware_i_10000_47'
                                    976 ;j             Allocated with name '_DisplayMenuOnHardware_j_10000_47'
                                    977 ;------------------------------------------------------------
                                    978 ;	../Common/CentralHeating.c:215: void DisplayMenuOnHardware()
                                    979 ;	-----------------------------------------
                                    980 ;	 function DisplayMenuOnHardware
                                    981 ;	-----------------------------------------
      000203                        982 _DisplayMenuOnHardware:
                                    983 ;	../Common/CentralHeating.c:221: RenderMenuOnBuffer(buffer, SCREEN_BUFFER_SIZE / 2);
      000203 90r00r00         [24]  984 	mov	dptr,#_RenderMenuOnBuffer_PARM_2
      000206 74 10            [12]  985 	mov	a,#0x10
      000208 F0               [24]  986 	movx	@dptr,a
      000209 E4               [12]  987 	clr	a
      00020A A3               [24]  988 	inc	dptr
      00020B F0               [24]  989 	movx	@dptr,a
      00020C 90r00r3A         [24]  990 	mov	dptr,#_DisplayMenuOnHardware_buffer_10000_47
      00020F F5 F0            [12]  991 	mov	b,a
      000211 12r00r00         [24]  992 	lcall	_RenderMenuOnBuffer
                                    993 ;	../Common/CentralHeating.c:224: for (i = 0; i < SCREEN_BUFFER_SIZE / 2; ++i)
      000214 7E 00            [12]  994 	mov	r6,#0x00
      000216 7F 00            [12]  995 	mov	r7,#0x00
      000218 7D 00            [12]  996 	mov	r5,#0x00
      00021A                        997 00105$:
                                    998 ;	../Common/CentralHeating.c:226: if (buffer[j] != 0)
      00021A EE               [12]  999 	mov	a,r6
      00021B 24r3A            [12] 1000 	add	a, #_DisplayMenuOnHardware_buffer_10000_47
      00021D FB               [12] 1001 	mov	r3,a
      00021E EF               [12] 1002 	mov	a,r7
      00021F 34s00            [12] 1003 	addc	a, #(_DisplayMenuOnHardware_buffer_10000_47 >> 8)
      000221 FC               [12] 1004 	mov	r4,a
      000222 8B 82            [24] 1005 	mov	dpl,r3
      000224 8C 83            [24] 1006 	mov	dph,r4
      000226 E0               [24] 1007 	movx	a,@dptr
      000227 60 23            [24] 1008 	jz	00102$
                                   1009 ;	../Common/CentralHeating.c:228: screenBuffer[i + SCREEN_BUFFER_SIZE / 2] = buffer[j++];
      000229 8D 04            [24] 1010 	mov	ar4,r5
      00022B 74 10            [12] 1011 	mov	a,#0x10
      00022D 2C               [12] 1012 	add	a, r4
      00022E 24r00            [12] 1013 	add	a,#_screenBuffer
      000230 FC               [12] 1014 	mov	r4,a
      000231 E4               [12] 1015 	clr	a
      000232 34s00            [12] 1016 	addc	a, #(_screenBuffer >> 8)
      000234 FB               [12] 1017 	mov	r3,a
      000235 EE               [12] 1018 	mov	a,r6
      000236 24r3A            [12] 1019 	add	a, #_DisplayMenuOnHardware_buffer_10000_47
      000238 F5 82            [12] 1020 	mov	dpl,a
      00023A EF               [12] 1021 	mov	a,r7
      00023B 34s00            [12] 1022 	addc	a, #(_DisplayMenuOnHardware_buffer_10000_47 >> 8)
      00023D F5 83            [12] 1023 	mov	dph,a
      00023F 0E               [12] 1024 	inc	r6
      000240 BE 00 01         [24] 1025 	cjne	r6,#0x00,00129$
      000243 0F               [12] 1026 	inc	r7
      000244                       1027 00129$:
      000244 E0               [24] 1028 	movx	a,@dptr
      000245 8C 82            [24] 1029 	mov	dpl,r4
      000247 8B 83            [24] 1030 	mov	dph,r3
      000249 F0               [24] 1031 	movx	@dptr,a
      00024A 80 11            [24] 1032 	sjmp	00106$
      00024C                       1033 00102$:
                                   1034 ;	../Common/CentralHeating.c:232: screenBuffer[i + SCREEN_BUFFER_SIZE / 2] = ' ';
      00024C 8D 04            [24] 1035 	mov	ar4,r5
      00024E 74 10            [12] 1036 	mov	a,#0x10
      000250 2C               [12] 1037 	add	a, r4
      000251 24r00            [12] 1038 	add	a, #_screenBuffer
      000253 F5 82            [12] 1039 	mov	dpl,a
      000255 E4               [12] 1040 	clr	a
      000256 34s00            [12] 1041 	addc	a, #(_screenBuffer >> 8)
      000258 F5 83            [12] 1042 	mov	dph,a
      00025A 74 20            [12] 1043 	mov	a,#0x20
      00025C F0               [24] 1044 	movx	@dptr,a
      00025D                       1045 00106$:
                                   1046 ;	../Common/CentralHeating.c:224: for (i = 0; i < SCREEN_BUFFER_SIZE / 2; ++i)
      00025D 0D               [12] 1047 	inc	r5
      00025E BD 10 00         [24] 1048 	cjne	r5,#0x10,00130$
      000261                       1049 00130$:
      000261 40 B7            [24] 1050 	jc	00105$
                                   1051 ;	../Common/CentralHeating.c:236: pWriteDisplayBuffer(screenBuffer);    
      000263 90r00r00         [24] 1052 	mov	dptr,#_pWriteDisplayBuffer
      000266 E0               [24] 1053 	movx	a,@dptr
      000267 C0 E0            [24] 1054 	push	acc
      000269 A3               [24] 1055 	inc	dptr
      00026A E0               [24] 1056 	movx	a,@dptr
      00026B C0 E0            [24] 1057 	push	acc
      00026D 90r00r00         [24] 1058 	mov	dptr,#_screenBuffer
      000270 75 F0 00         [24] 1059 	mov	b, #0x00
      000273 22               [24] 1060 	ret
                                   1061 ;	../Common/CentralHeating.c:237: }
      000274 22               [24] 1062 	ret
                                   1063 ;------------------------------------------------------------
                                   1064 ;Allocation info for local variables in function 'PartialWriteToScreen'
                                   1065 ;------------------------------------------------------------
                                   1066 ;maxLen        Allocated with name '_PartialWriteToScreen_PARM_2'
                                   1067 ;information   Allocated with name '_PartialWriteToScreen_PARM_3'
                                   1068 ;screenPosition Allocated with name '_PartialWriteToScreen_screenPosition_10000_52'
                                   1069 ;p             Allocated with name '_PartialWriteToScreen_p_10000_53'
                                   1070 ;i             Allocated with name '_PartialWriteToScreen_i_10000_53'
                                   1071 ;------------------------------------------------------------
                                   1072 ;	../Common/CentralHeating.c:241: void PartialWriteToScreen(int screenPosition, int maxLen, char *information)
                                   1073 ;	-----------------------------------------
                                   1074 ;	 function PartialWriteToScreen
                                   1075 ;	-----------------------------------------
      000275                       1076 _PartialWriteToScreen:
      000275 AF 83            [24] 1077 	mov	r7,dph
      000277 E5 82            [12] 1078 	mov	a,dpl
      000279 90r00r50         [24] 1079 	mov	dptr,#_PartialWriteToScreen_screenPosition_10000_52
      00027C F0               [24] 1080 	movx	@dptr,a
      00027D EF               [12] 1081 	mov	a,r7
      00027E A3               [24] 1082 	inc	dptr
      00027F F0               [24] 1083 	movx	@dptr,a
                                   1084 ;	../Common/CentralHeating.c:243: char *p = information;
      000280 90r00r4D         [24] 1085 	mov	dptr,#_PartialWriteToScreen_PARM_3
      000283 E0               [24] 1086 	movx	a,@dptr
      000284 FD               [12] 1087 	mov	r5,a
      000285 A3               [24] 1088 	inc	dptr
      000286 E0               [24] 1089 	movx	a,@dptr
      000287 FE               [12] 1090 	mov	r6,a
      000288 A3               [24] 1091 	inc	dptr
      000289 E0               [24] 1092 	movx	a,@dptr
      00028A FF               [12] 1093 	mov	r7,a
                                   1094 ;	../Common/CentralHeating.c:245: for (i = screenPosition; i < (screenPosition + maxLen); ++i)
      00028B 90r00r50         [24] 1095 	mov	dptr,#_PartialWriteToScreen_screenPosition_10000_52
      00028E E0               [24] 1096 	movx	a,@dptr
      00028F FB               [12] 1097 	mov	r3,a
      000290 A3               [24] 1098 	inc	dptr
      000291 E0               [24] 1099 	movx	a,@dptr
      000292 FC               [12] 1100 	mov	r4,a
      000293 90r00r4B         [24] 1101 	mov	dptr,#_PartialWriteToScreen_PARM_2
      000296 E0               [24] 1102 	movx	a,@dptr
      000297 F9               [12] 1103 	mov	r1,a
      000298 A3               [24] 1104 	inc	dptr
      000299 E0               [24] 1105 	movx	a,@dptr
      00029A FA               [12] 1106 	mov	r2,a
      00029B E9               [12] 1107 	mov	a,r1
      00029C 2B               [12] 1108 	add	a, r3
      00029D F9               [12] 1109 	mov	r1,a
      00029E EA               [12] 1110 	mov	a,r2
      00029F 3C               [12] 1111 	addc	a, r4
      0002A0 FA               [12] 1112 	mov	r2,a
      0002A1                       1113 00106$:
      0002A1 C3               [12] 1114 	clr	c
      0002A2 EB               [12] 1115 	mov	a,r3
      0002A3 99               [12] 1116 	subb	a,r1
      0002A4 EC               [12] 1117 	mov	a,r4
      0002A5 64 80            [12] 1118 	xrl	a,#0x80
      0002A7 8A F0            [24] 1119 	mov	b,r2
      0002A9 63 F0 80         [24] 1120 	xrl	b,#0x80
      0002AC 95 F0            [12] 1121 	subb	a,b
      0002AE 50 33            [24] 1122 	jnc	00104$
                                   1123 ;	../Common/CentralHeating.c:247: if (*p == 0)
      0002B0 8D 82            [24] 1124 	mov	dpl,r5
      0002B2 8E 83            [24] 1125 	mov	dph,r6
      0002B4 8F F0            [24] 1126 	mov	b,r7
      0002B6 12r00r00         [24] 1127 	lcall	__gptrget
      0002B9 F8               [12] 1128 	mov	r0,a
      0002BA 70 0F            [24] 1129 	jnz	00102$
                                   1130 ;	../Common/CentralHeating.c:249: screenBuffer[i] = ' ';
      0002BC EB               [12] 1131 	mov	a,r3
      0002BD 24r00            [12] 1132 	add	a, #_screenBuffer
      0002BF F5 82            [12] 1133 	mov	dpl,a
      0002C1 EC               [12] 1134 	mov	a,r4
      0002C2 34s00            [12] 1135 	addc	a, #(_screenBuffer >> 8)
      0002C4 F5 83            [12] 1136 	mov	dph,a
      0002C6 74 20            [12] 1137 	mov	a,#0x20
      0002C8 F0               [24] 1138 	movx	@dptr,a
      0002C9 80 11            [24] 1139 	sjmp	00107$
      0002CB                       1140 00102$:
                                   1141 ;	../Common/CentralHeating.c:253: screenBuffer[i] = *p;
      0002CB EB               [12] 1142 	mov	a,r3
      0002CC 24r00            [12] 1143 	add	a, #_screenBuffer
      0002CE F5 82            [12] 1144 	mov	dpl,a
      0002D0 EC               [12] 1145 	mov	a,r4
      0002D1 34s00            [12] 1146 	addc	a, #(_screenBuffer >> 8)
      0002D3 F5 83            [12] 1147 	mov	dph,a
      0002D5 E8               [12] 1148 	mov	a,r0
      0002D6 F0               [24] 1149 	movx	@dptr,a
                                   1150 ;	../Common/CentralHeating.c:254: ++p;
      0002D7 0D               [12] 1151 	inc	r5
      0002D8 BD 00 01         [24] 1152 	cjne	r5,#0x00,00131$
      0002DB 0E               [12] 1153 	inc	r6
      0002DC                       1154 00131$:
      0002DC                       1155 00107$:
                                   1156 ;	../Common/CentralHeating.c:245: for (i = screenPosition; i < (screenPosition + maxLen); ++i)
      0002DC 0B               [12] 1157 	inc	r3
      0002DD BB 00 C1         [24] 1158 	cjne	r3,#0x00,00106$
      0002E0 0C               [12] 1159 	inc	r4
      0002E1 80 BE            [24] 1160 	sjmp	00106$
      0002E3                       1161 00104$:
                                   1162 ;	../Common/CentralHeating.c:257: pWriteDisplayBuffer(screenBuffer);    
      0002E3 02r02rE6         [24] 1163 	ljmp	00133$
      0002E6                       1164 00133$:
      0002E6 90r00r00         [24] 1165 	mov	dptr,#_pWriteDisplayBuffer
      0002E9 E0               [24] 1166 	movx	a,@dptr
      0002EA C0 E0            [24] 1167 	push	acc
      0002EC A3               [24] 1168 	inc	dptr
      0002ED E0               [24] 1169 	movx	a,@dptr
      0002EE C0 E0            [24] 1170 	push	acc
      0002F0 90r00r00         [24] 1171 	mov	dptr,#_screenBuffer
      0002F3 75 F0 00         [24] 1172 	mov	b, #0x00
      0002F6 22               [24] 1173 	ret
                                   1174 ;	../Common/CentralHeating.c:258: }
      0002F7 22               [24] 1175 	ret
                                   1176 ;------------------------------------------------------------
                                   1177 ;Allocation info for local variables in function 'ClearTopLine'
                                   1178 ;------------------------------------------------------------
                                   1179 ;	../Common/CentralHeating.c:262: void ClearTopLine()
                                   1180 ;	-----------------------------------------
                                   1181 ;	 function ClearTopLine
                                   1182 ;	-----------------------------------------
      0002F8                       1183 _ClearTopLine:
                                   1184 ;	../Common/CentralHeating.c:264: PartialWriteToScreen(0, 16, "");
      0002F8 90r00r4B         [24] 1185 	mov	dptr,#_PartialWriteToScreen_PARM_2
      0002FB 74 10            [12] 1186 	mov	a,#0x10
      0002FD F0               [24] 1187 	movx	@dptr,a
      0002FE E4               [12] 1188 	clr	a
      0002FF A3               [24] 1189 	inc	dptr
      000300 F0               [24] 1190 	movx	@dptr,a
      000301 90r00r4D         [24] 1191 	mov	dptr,#_PartialWriteToScreen_PARM_3
      000304 74r00            [12] 1192 	mov	a,#___str_0
      000306 F0               [24] 1193 	movx	@dptr,a
      000307 74s00            [12] 1194 	mov	a,#(___str_0 >> 8)
      000309 A3               [24] 1195 	inc	dptr
      00030A F0               [24] 1196 	movx	@dptr,a
      00030B 74 80            [12] 1197 	mov	a,#0x80
      00030D A3               [24] 1198 	inc	dptr
      00030E F0               [24] 1199 	movx	@dptr,a
      00030F 90 00 00         [24] 1200 	mov	dptr,#0x0000
                                   1201 ;	../Common/CentralHeating.c:265: }
      000312 02r02r75         [24] 1202 	ljmp	_PartialWriteToScreen
                                   1203 ;------------------------------------------------------------
                                   1204 ;Allocation info for local variables in function 'HandleMenuCommand'
                                   1205 ;------------------------------------------------------------
                                   1206 ;eventType     Allocated with name '_HandleMenuCommand_PARM_2'
                                   1207 ;menuItem      Allocated with name '_HandleMenuCommand_menuItem_10000_59'
                                   1208 ;dt            Allocated with name '_HandleMenuCommand_dt_10000_60'
                                   1209 ;------------------------------------------------------------
                                   1210 ;	../Common/CentralHeating.c:267: void HandleMenuCommand(int menuItem, int eventType)
                                   1211 ;	-----------------------------------------
                                   1212 ;	 function HandleMenuCommand
                                   1213 ;	-----------------------------------------
      000315                       1214 _HandleMenuCommand:
      000315 AF 83            [24] 1215 	mov	r7,dph
      000317 E5 82            [12] 1216 	mov	a,dpl
      000319 90r00r54         [24] 1217 	mov	dptr,#_HandleMenuCommand_menuItem_10000_59
      00031C F0               [24] 1218 	movx	@dptr,a
      00031D EF               [12] 1219 	mov	a,r7
      00031E A3               [24] 1220 	inc	dptr
      00031F F0               [24] 1221 	movx	@dptr,a
                                   1222 ;	../Common/CentralHeating.c:270: switch (menuItem)
      000320 90r00r54         [24] 1223 	mov	dptr,#_HandleMenuCommand_menuItem_10000_59
      000323 E0               [24] 1224 	movx	a,@dptr
      000324 FE               [12] 1225 	mov	r6,a
      000325 A3               [24] 1226 	inc	dptr
      000326 E0               [24] 1227 	movx	a,@dptr
      000327 FF               [12] 1228 	mov	r7,a
      000328 C3               [12] 1229 	clr	c
      000329 EE               [12] 1230 	mov	a,r6
      00032A 94 0B            [12] 1231 	subb	a,#0x0b
      00032C EF               [12] 1232 	mov	a,r7
      00032D 64 80            [12] 1233 	xrl	a,#0x80
      00032F 94 80            [12] 1234 	subb	a,#0x80
      000331 50 01            [24] 1235 	jnc	00418$
      000333 22               [24] 1236 	ret
      000334                       1237 00418$:
      000334 C3               [12] 1238 	clr	c
      000335 74 2A            [12] 1239 	mov	a,#0x2a
      000337 9E               [12] 1240 	subb	a,r6
      000338 74 80            [12] 1241 	mov	a,#(0x00 ^ 0x80)
      00033A 8F F0            [24] 1242 	mov	b,r7
      00033C 63 F0 80         [24] 1243 	xrl	b,#0x80
      00033F 95 F0            [12] 1244 	subb	a,b
      000341 50 01            [24] 1245 	jnc	00419$
      000343 22               [24] 1246 	ret
      000344                       1247 00419$:
      000344 EE               [12] 1248 	mov	a,r6
      000345 24 F5            [12] 1249 	add	a,#0xf5
      000347 FE               [12] 1250 	mov	r6,a
      000348 24 0A            [12] 1251 	add	a,#(00420$-3-.)
      00034A 83               [24] 1252 	movc	a,@a+pc
      00034B F5 82            [12] 1253 	mov	dpl,a
      00034D EE               [12] 1254 	mov	a,r6
      00034E 24 24            [12] 1255 	add	a,#(00421$-3-.)
      000350 83               [24] 1256 	movc	a,@a+pc
      000351 F5 83            [12] 1257 	mov	dph,a
      000353 E4               [12] 1258 	clr	a
      000354 73               [24] 1259 	jmp	@a+dptr
      000355                       1260 00420$:
      000355rBA                    1261 	.db	00103$
      000356r16                    1262 	.db	00115$
      000357r87                    1263 	.db	00120$
      000358rDB                    1264 	.db	00125$
      000359r2F                    1265 	.db	00130$
      00035Ar83                    1266 	.db	00135$
      00035BrD7                    1267 	.db	00140$
      00035CrEA                    1268 	.db	00200$
      00035DrEA                    1269 	.db	00200$
      00035ErE8                    1270 	.db	00109$
      00035Fr93                    1271 	.db	00169$
      000360r2B                    1272 	.db	00145$
      000361r85                    1273 	.db	00151$
      000362rDF                    1274 	.db	00157$
      000363r39                    1275 	.db	00163$
      000364rEA                    1276 	.db	00200$
      000365rEA                    1277 	.db	00200$
      000366rEA                    1278 	.db	00200$
      000367rEA                    1279 	.db	00200$
      000368rDD                    1280 	.db	00172$
      000369r14                    1281 	.db	00178$
      00036Ar34                    1282 	.db	00181$
      00036Br54                    1283 	.db	00184$
      00036Cr74                    1284 	.db	00187$
      00036Dr94                    1285 	.db	00190$
      00036ErB1                    1286 	.db	00193$
      00036FrCE                    1287 	.db	00196$
      000370rEA                    1288 	.db	00200$
      000371rEA                    1289 	.db	00200$
      000372rEA                    1290 	.db	00200$
      000373r95                    1291 	.db	00101$
      000374rB4                    1292 	.db	00102$
      000375                       1293 00421$:
      000375s03                    1294 	.db	00103$>>8
      000376s04                    1295 	.db	00115$>>8
      000377s04                    1296 	.db	00120$>>8
      000378s04                    1297 	.db	00125$>>8
      000379s05                    1298 	.db	00130$>>8
      00037As05                    1299 	.db	00135$>>8
      00037Bs05                    1300 	.db	00140$>>8
      00037Cs08                    1301 	.db	00200$>>8
      00037Ds08                    1302 	.db	00200$>>8
      00037Es03                    1303 	.db	00109$>>8
      00037Fs07                    1304 	.db	00169$>>8
      000380s06                    1305 	.db	00145$>>8
      000381s06                    1306 	.db	00151$>>8
      000382s06                    1307 	.db	00157$>>8
      000383s07                    1308 	.db	00163$>>8
      000384s08                    1309 	.db	00200$>>8
      000385s08                    1310 	.db	00200$>>8
      000386s08                    1311 	.db	00200$>>8
      000387s08                    1312 	.db	00200$>>8
      000388s07                    1313 	.db	00172$>>8
      000389s08                    1314 	.db	00178$>>8
      00038As08                    1315 	.db	00181$>>8
      00038Bs08                    1316 	.db	00184$>>8
      00038Cs08                    1317 	.db	00187$>>8
      00038Ds08                    1318 	.db	00190$>>8
      00038Es08                    1319 	.db	00193$>>8
      00038Fs08                    1320 	.db	00196$>>8
      000390s08                    1321 	.db	00200$>>8
      000391s08                    1322 	.db	00200$>>8
      000392s08                    1323 	.db	00200$>>8
      000393s03                    1324 	.db	00101$>>8
      000394s03                    1325 	.db	00102$>>8
                                   1326 ;	../Common/CentralHeating.c:272: case MENUID_HOTWATER1HR :
      000395                       1327 00101$:
                                   1328 ;	../Common/CentralHeating.c:273: AddSecondsToDateTime(&currentDateTime, 3600, &provideHotwaterUntil);
      000395 90r00r00         [24] 1329 	mov	dptr,#_AddSecondsToDateTime_PARM_2
      000398 74 10            [12] 1330 	mov	a,#0x10
      00039A F0               [24] 1331 	movx	@dptr,a
      00039B 74 0E            [12] 1332 	mov	a,#0x0e
      00039D A3               [24] 1333 	inc	dptr
      00039E F0               [24] 1334 	movx	@dptr,a
      00039F 90r00r00         [24] 1335 	mov	dptr,#_AddSecondsToDateTime_PARM_3
      0003A2 74r2F            [12] 1336 	mov	a,#_provideHotwaterUntil
      0003A4 F0               [24] 1337 	movx	@dptr,a
      0003A5 74s00            [12] 1338 	mov	a,#(_provideHotwaterUntil >> 8)
      0003A7 A3               [24] 1339 	inc	dptr
      0003A8 F0               [24] 1340 	movx	@dptr,a
      0003A9 E4               [12] 1341 	clr	a
      0003AA A3               [24] 1342 	inc	dptr
      0003AB F0               [24] 1343 	movx	@dptr,a
      0003AC 90r00r28         [24] 1344 	mov	dptr,#_currentDateTime
      0003AF F5 F0            [12] 1345 	mov	b,a
                                   1346 ;	../Common/CentralHeating.c:274: break;
      0003B1 02r00r00         [24] 1347 	ljmp	_AddSecondsToDateTime
                                   1348 ;	../Common/CentralHeating.c:276: case MENUID_HOTWATERRST :
      0003B4                       1349 00102$:
                                   1350 ;	../Common/CentralHeating.c:277: provideHotwaterUntil.year = 0;
      0003B4 90r00r35         [24] 1351 	mov	dptr,#(_provideHotwaterUntil + 0x0006)
      0003B7 E4               [12] 1352 	clr	a
      0003B8 F0               [24] 1353 	movx	@dptr,a
                                   1354 ;	../Common/CentralHeating.c:278: break;
      0003B9 22               [24] 1355 	ret
                                   1356 ;	../Common/CentralHeating.c:280: case MENUID_SETDATE :
      0003BA                       1357 00103$:
                                   1358 ;	../Common/CentralHeating.c:281: if (eventType == MENU_SUBMENUENTER)
      0003BA 90r00r52         [24] 1359 	mov	dptr,#_HandleMenuCommand_PARM_2
      0003BD E0               [24] 1360 	movx	a,@dptr
      0003BE FE               [12] 1361 	mov	r6,a
      0003BF A3               [24] 1362 	inc	dptr
      0003C0 E0               [24] 1363 	movx	a,@dptr
      0003C1 FF               [12] 1364 	mov	r7,a
      0003C2 BE 03 11         [24] 1365 	cjne	r6,#0x03,00107$
      0003C5 BF 00 0E         [24] 1366 	cjne	r7,#0x00,00107$
                                   1367 ;	../Common/CentralHeating.c:283: currentScreen = SCREEN_SETDATE;
      0003C8 90r00r22         [24] 1368 	mov	dptr,#_currentScreen
      0003CB 74 02            [12] 1369 	mov	a,#0x02
      0003CD F0               [24] 1370 	movx	@dptr,a
                                   1371 ;	../Common/CentralHeating.c:284: flashDateTime = 0;
      0003CE 90r00r23         [24] 1372 	mov	dptr,#_flashDateTime
      0003D1 E4               [12] 1373 	clr	a
      0003D2 F0               [24] 1374 	movx	@dptr,a
                                   1375 ;	../Common/CentralHeating.c:285: ClearTopLine();
      0003D3 02r02rF8         [24] 1376 	ljmp	_ClearTopLine
      0003D6                       1377 00107$:
                                   1378 ;	../Common/CentralHeating.c:287: else if (eventType == MENU_SUBMENUEXIT)
      0003D6 BE 04 05         [24] 1379 	cjne	r6,#0x04,00424$
      0003D9 BF 00 02         [24] 1380 	cjne	r7,#0x00,00424$
      0003DC 80 01            [24] 1381 	sjmp	00425$
      0003DE                       1382 00424$:
      0003DE 22               [24] 1383 	ret
      0003DF                       1384 00425$:
                                   1385 ;	../Common/CentralHeating.c:289: currentScreen = SCREEN_HOME;
      0003DF 90r00r22         [24] 1386 	mov	dptr,#_currentScreen
      0003E2 74 01            [12] 1387 	mov	a,#0x01
      0003E4 F0               [24] 1388 	movx	@dptr,a
                                   1389 ;	../Common/CentralHeating.c:290: ClearTopLine();
                                   1390 ;	../Common/CentralHeating.c:292: break;
      0003E5 02r02rF8         [24] 1391 	ljmp	_ClearTopLine
                                   1392 ;	../Common/CentralHeating.c:294: case MENUID_SETTIME :
      0003E8                       1393 00109$:
                                   1394 ;	../Common/CentralHeating.c:295: if (eventType == MENU_SUBMENUENTER)
      0003E8 90r00r52         [24] 1395 	mov	dptr,#_HandleMenuCommand_PARM_2
      0003EB E0               [24] 1396 	movx	a,@dptr
      0003EC FE               [12] 1397 	mov	r6,a
      0003ED A3               [24] 1398 	inc	dptr
      0003EE E0               [24] 1399 	movx	a,@dptr
      0003EF FF               [12] 1400 	mov	r7,a
      0003F0 BE 03 11         [24] 1401 	cjne	r6,#0x03,00113$
      0003F3 BF 00 0E         [24] 1402 	cjne	r7,#0x00,00113$
                                   1403 ;	../Common/CentralHeating.c:297: currentScreen = SCREEN_SETTIME;
      0003F6 90r00r22         [24] 1404 	mov	dptr,#_currentScreen
      0003F9 74 03            [12] 1405 	mov	a,#0x03
      0003FB F0               [24] 1406 	movx	@dptr,a
                                   1407 ;	../Common/CentralHeating.c:298: flashDateTime = 0;
      0003FC 90r00r23         [24] 1408 	mov	dptr,#_flashDateTime
      0003FF E4               [12] 1409 	clr	a
      000400 F0               [24] 1410 	movx	@dptr,a
                                   1411 ;	../Common/CentralHeating.c:299: ClearTopLine();
      000401 02r02rF8         [24] 1412 	ljmp	_ClearTopLine
      000404                       1413 00113$:
                                   1414 ;	../Common/CentralHeating.c:301: else if (eventType == MENU_SUBMENUEXIT)
      000404 BE 04 05         [24] 1415 	cjne	r6,#0x04,00428$
      000407 BF 00 02         [24] 1416 	cjne	r7,#0x00,00428$
      00040A 80 01            [24] 1417 	sjmp	00429$
      00040C                       1418 00428$:
      00040C 22               [24] 1419 	ret
      00040D                       1420 00429$:
                                   1421 ;	../Common/CentralHeating.c:303: currentScreen = SCREEN_HOME;
      00040D 90r00r22         [24] 1422 	mov	dptr,#_currentScreen
      000410 74 01            [12] 1423 	mov	a,#0x01
      000412 F0               [24] 1424 	movx	@dptr,a
                                   1425 ;	../Common/CentralHeating.c:304: ClearTopLine();
                                   1426 ;	../Common/CentralHeating.c:306: break;
      000413 02r02rF8         [24] 1427 	ljmp	_ClearTopLine
                                   1428 ;	../Common/CentralHeating.c:308: case MENUID_ADDDAY :
      000416                       1429 00115$:
                                   1430 ;	../Common/CentralHeating.c:309: if (eventType == MENU_COMMAND)
      000416 90r00r52         [24] 1431 	mov	dptr,#_HandleMenuCommand_PARM_2
      000419 E0               [24] 1432 	movx	a,@dptr
      00041A FE               [12] 1433 	mov	r6,a
      00041B A3               [24] 1434 	inc	dptr
      00041C E0               [24] 1435 	movx	a,@dptr
      00041D FF               [12] 1436 	mov	r7,a
      00041E BE 02 05         [24] 1437 	cjne	r6,#0x02,00430$
      000421 BF 00 02         [24] 1438 	cjne	r7,#0x00,00430$
      000424 80 01            [24] 1439 	sjmp	00431$
      000426                       1440 00430$:
      000426 22               [24] 1441 	ret
      000427                       1442 00431$:
                                   1443 ;	../Common/CentralHeating.c:311: pGetRtc(&dt);
      000427 12r04r2C         [24] 1444 	lcall	00432$
      00042A 80 11            [24] 1445 	sjmp	00433$
      00042C                       1446 00432$:
      00042C 90r00r00         [24] 1447 	mov	dptr,#_pGetRtc
      00042F E0               [24] 1448 	movx	a,@dptr
      000430 C0 E0            [24] 1449 	push	acc
      000432 A3               [24] 1450 	inc	dptr
      000433 E0               [24] 1451 	movx	a,@dptr
      000434 C0 E0            [24] 1452 	push	acc
      000436 90r00r56         [24] 1453 	mov	dptr,#_HandleMenuCommand_dt_10000_60
      000439 75 F0 00         [24] 1454 	mov	b, #0x00
      00043C 22               [24] 1455 	ret
      00043D                       1456 00433$:
                                   1457 ;	../Common/CentralHeating.c:312: if (dt.day == GetNumDaysInMonth(&dt))
      00043D 90r00r5A         [24] 1458 	mov	dptr,#(_HandleMenuCommand_dt_10000_60 + 0x0004)
      000440 E0               [24] 1459 	movx	a,@dptr
      000441 FF               [12] 1460 	mov	r7,a
      000442 90r00r56         [24] 1461 	mov	dptr,#_HandleMenuCommand_dt_10000_60
      000445 75 F0 00         [24] 1462 	mov	b, #0x00
      000448 C0 07            [24] 1463 	push	ar7
      00044A 12r00r00         [24] 1464 	lcall	_GetNumDaysInMonth
      00044D AD 82            [24] 1465 	mov	r5, dpl
      00044F AE 83            [24] 1466 	mov	r6, dph
      000451 D0 07            [24] 1467 	pop	ar7
      000453 7C 00            [12] 1468 	mov	r4,#0x00
      000455 EF               [12] 1469 	mov	a,r7
      000456 B5 05 05         [24] 1470 	cjne	a,ar5,00434$
      000459 EC               [12] 1471 	mov	a,r4
      00045A B5 06 01         [24] 1472 	cjne	a,ar6,00434$
      00045D 22               [24] 1473 	ret
      00045E                       1474 00434$:
                                   1475 ;	../Common/CentralHeating.c:316: dt.day++;
      00045E 90r00r5A         [24] 1476 	mov	dptr,#(_HandleMenuCommand_dt_10000_60 + 0x0004)
      000461 E0               [24] 1477 	movx	a,@dptr
      000462 FF               [12] 1478 	mov	r7,a
      000463 0F               [12] 1479 	inc	r7
      000464 90r00r5A         [24] 1480 	mov	dptr,#(_HandleMenuCommand_dt_10000_60 + 0x0004)
      000467 EF               [12] 1481 	mov	a,r7
      000468 F0               [24] 1482 	movx	@dptr,a
                                   1483 ;	../Common/CentralHeating.c:317: pSetRtc(&dt);
      000469 12r04r6E         [24] 1484 	lcall	00435$
      00046C 80 11            [24] 1485 	sjmp	00436$
      00046E                       1486 00435$:
      00046E 90r00r00         [24] 1487 	mov	dptr,#_pSetRtc
      000471 E0               [24] 1488 	movx	a,@dptr
      000472 C0 E0            [24] 1489 	push	acc
      000474 A3               [24] 1490 	inc	dptr
      000475 E0               [24] 1491 	movx	a,@dptr
      000476 C0 E0            [24] 1492 	push	acc
      000478 90r00r56         [24] 1493 	mov	dptr,#_HandleMenuCommand_dt_10000_60
      00047B 75 F0 00         [24] 1494 	mov	b, #0x00
      00047E 22               [24] 1495 	ret
      00047F                       1496 00436$:
                                   1497 ;	../Common/CentralHeating.c:318: flashDateTime = 0;
      00047F 90r00r23         [24] 1498 	mov	dptr,#_flashDateTime
      000482 E4               [12] 1499 	clr	a
      000483 F0               [24] 1500 	movx	@dptr,a
                                   1501 ;	../Common/CentralHeating.c:319: PreviewDateAdjustment();
                                   1502 ;	../Common/CentralHeating.c:321: break;
      000484 02r09r83         [24] 1503 	ljmp	_PreviewDateAdjustment
                                   1504 ;	../Common/CentralHeating.c:323: case MENUID_SUBDAY :
      000487                       1505 00120$:
                                   1506 ;	../Common/CentralHeating.c:324: if (eventType == MENU_COMMAND)
      000487 90r00r52         [24] 1507 	mov	dptr,#_HandleMenuCommand_PARM_2
      00048A E0               [24] 1508 	movx	a,@dptr
      00048B FE               [12] 1509 	mov	r6,a
      00048C A3               [24] 1510 	inc	dptr
      00048D E0               [24] 1511 	movx	a,@dptr
      00048E FF               [12] 1512 	mov	r7,a
      00048F BE 02 05         [24] 1513 	cjne	r6,#0x02,00437$
      000492 BF 00 02         [24] 1514 	cjne	r7,#0x00,00437$
      000495 80 01            [24] 1515 	sjmp	00438$
      000497                       1516 00437$:
      000497 22               [24] 1517 	ret
      000498                       1518 00438$:
                                   1519 ;	../Common/CentralHeating.c:326: pGetRtc(&dt);
      000498 12r04r9D         [24] 1520 	lcall	00439$
      00049B 80 11            [24] 1521 	sjmp	00440$
      00049D                       1522 00439$:
      00049D 90r00r00         [24] 1523 	mov	dptr,#_pGetRtc
      0004A0 E0               [24] 1524 	movx	a,@dptr
      0004A1 C0 E0            [24] 1525 	push	acc
      0004A3 A3               [24] 1526 	inc	dptr
      0004A4 E0               [24] 1527 	movx	a,@dptr
      0004A5 C0 E0            [24] 1528 	push	acc
      0004A7 90r00r56         [24] 1529 	mov	dptr,#_HandleMenuCommand_dt_10000_60
      0004AA 75 F0 00         [24] 1530 	mov	b, #0x00
      0004AD 22               [24] 1531 	ret
      0004AE                       1532 00440$:
                                   1533 ;	../Common/CentralHeating.c:327: if (dt.day == 1)
      0004AE 90r00r5A         [24] 1534 	mov	dptr,#(_HandleMenuCommand_dt_10000_60 + 0x0004)
      0004B1 E0               [24] 1535 	movx	a,@dptr
      0004B2 FF               [12] 1536 	mov	r7,a
      0004B3 BF 01 01         [24] 1537 	cjne	r7,#0x01,00441$
      0004B6 22               [24] 1538 	ret
      0004B7                       1539 00441$:
                                   1540 ;	../Common/CentralHeating.c:331: dt.day--;
      0004B7 1F               [12] 1541 	dec	r7
      0004B8 90r00r5A         [24] 1542 	mov	dptr,#(_HandleMenuCommand_dt_10000_60 + 0x0004)
      0004BB EF               [12] 1543 	mov	a,r7
      0004BC F0               [24] 1544 	movx	@dptr,a
                                   1545 ;	../Common/CentralHeating.c:332: pSetRtc(&dt);
      0004BD 12r04rC2         [24] 1546 	lcall	00442$
      0004C0 80 11            [24] 1547 	sjmp	00443$
      0004C2                       1548 00442$:
      0004C2 90r00r00         [24] 1549 	mov	dptr,#_pSetRtc
      0004C5 E0               [24] 1550 	movx	a,@dptr
      0004C6 C0 E0            [24] 1551 	push	acc
      0004C8 A3               [24] 1552 	inc	dptr
      0004C9 E0               [24] 1553 	movx	a,@dptr
      0004CA C0 E0            [24] 1554 	push	acc
      0004CC 90r00r56         [24] 1555 	mov	dptr,#_HandleMenuCommand_dt_10000_60
      0004CF 75 F0 00         [24] 1556 	mov	b, #0x00
      0004D2 22               [24] 1557 	ret
      0004D3                       1558 00443$:
                                   1559 ;	../Common/CentralHeating.c:333: flashDateTime = 0;
      0004D3 90r00r23         [24] 1560 	mov	dptr,#_flashDateTime
      0004D6 E4               [12] 1561 	clr	a
      0004D7 F0               [24] 1562 	movx	@dptr,a
                                   1563 ;	../Common/CentralHeating.c:334: PreviewDateAdjustment();
                                   1564 ;	../Common/CentralHeating.c:336: break;
      0004D8 02r09r83         [24] 1565 	ljmp	_PreviewDateAdjustment
                                   1566 ;	../Common/CentralHeating.c:338: case MENUID_ADDMONTH :
      0004DB                       1567 00125$:
                                   1568 ;	../Common/CentralHeating.c:339: if (eventType == MENU_COMMAND)
      0004DB 90r00r52         [24] 1569 	mov	dptr,#_HandleMenuCommand_PARM_2
      0004DE E0               [24] 1570 	movx	a,@dptr
      0004DF FE               [12] 1571 	mov	r6,a
      0004E0 A3               [24] 1572 	inc	dptr
      0004E1 E0               [24] 1573 	movx	a,@dptr
      0004E2 FF               [12] 1574 	mov	r7,a
      0004E3 BE 02 05         [24] 1575 	cjne	r6,#0x02,00444$
      0004E6 BF 00 02         [24] 1576 	cjne	r7,#0x00,00444$
      0004E9 80 01            [24] 1577 	sjmp	00445$
      0004EB                       1578 00444$:
      0004EB 22               [24] 1579 	ret
      0004EC                       1580 00445$:
                                   1581 ;	../Common/CentralHeating.c:341: pGetRtc(&dt);
      0004EC 12r04rF1         [24] 1582 	lcall	00446$
      0004EF 80 11            [24] 1583 	sjmp	00447$
      0004F1                       1584 00446$:
      0004F1 90r00r00         [24] 1585 	mov	dptr,#_pGetRtc
      0004F4 E0               [24] 1586 	movx	a,@dptr
      0004F5 C0 E0            [24] 1587 	push	acc
      0004F7 A3               [24] 1588 	inc	dptr
      0004F8 E0               [24] 1589 	movx	a,@dptr
      0004F9 C0 E0            [24] 1590 	push	acc
      0004FB 90r00r56         [24] 1591 	mov	dptr,#_HandleMenuCommand_dt_10000_60
      0004FE 75 F0 00         [24] 1592 	mov	b, #0x00
      000501 22               [24] 1593 	ret
      000502                       1594 00447$:
                                   1595 ;	../Common/CentralHeating.c:342: if (dt.month == 12)
      000502 90r00r5B         [24] 1596 	mov	dptr,#(_HandleMenuCommand_dt_10000_60 + 0x0005)
      000505 E0               [24] 1597 	movx	a,@dptr
      000506 FF               [12] 1598 	mov	r7,a
      000507 BF 0C 01         [24] 1599 	cjne	r7,#0x0c,00448$
      00050A 22               [24] 1600 	ret
      00050B                       1601 00448$:
                                   1602 ;	../Common/CentralHeating.c:346: dt.month++;
      00050B 0F               [12] 1603 	inc	r7
      00050C 90r00r5B         [24] 1604 	mov	dptr,#(_HandleMenuCommand_dt_10000_60 + 0x0005)
      00050F EF               [12] 1605 	mov	a,r7
      000510 F0               [24] 1606 	movx	@dptr,a
                                   1607 ;	../Common/CentralHeating.c:347: pSetRtc(&dt);
      000511 12r05r16         [24] 1608 	lcall	00449$
      000514 80 11            [24] 1609 	sjmp	00450$
      000516                       1610 00449$:
      000516 90r00r00         [24] 1611 	mov	dptr,#_pSetRtc
      000519 E0               [24] 1612 	movx	a,@dptr
      00051A C0 E0            [24] 1613 	push	acc
      00051C A3               [24] 1614 	inc	dptr
      00051D E0               [24] 1615 	movx	a,@dptr
      00051E C0 E0            [24] 1616 	push	acc
      000520 90r00r56         [24] 1617 	mov	dptr,#_HandleMenuCommand_dt_10000_60
      000523 75 F0 00         [24] 1618 	mov	b, #0x00
      000526 22               [24] 1619 	ret
      000527                       1620 00450$:
                                   1621 ;	../Common/CentralHeating.c:348: flashDateTime = 0;
      000527 90r00r23         [24] 1622 	mov	dptr,#_flashDateTime
      00052A E4               [12] 1623 	clr	a
      00052B F0               [24] 1624 	movx	@dptr,a
                                   1625 ;	../Common/CentralHeating.c:349: PreviewDateAdjustment();
                                   1626 ;	../Common/CentralHeating.c:351: break;
      00052C 02r09r83         [24] 1627 	ljmp	_PreviewDateAdjustment
                                   1628 ;	../Common/CentralHeating.c:353: case MENUID_SUBMONTH :
      00052F                       1629 00130$:
                                   1630 ;	../Common/CentralHeating.c:354: if (eventType == MENU_COMMAND)
      00052F 90r00r52         [24] 1631 	mov	dptr,#_HandleMenuCommand_PARM_2
      000532 E0               [24] 1632 	movx	a,@dptr
      000533 FE               [12] 1633 	mov	r6,a
      000534 A3               [24] 1634 	inc	dptr
      000535 E0               [24] 1635 	movx	a,@dptr
      000536 FF               [12] 1636 	mov	r7,a
      000537 BE 02 05         [24] 1637 	cjne	r6,#0x02,00451$
      00053A BF 00 02         [24] 1638 	cjne	r7,#0x00,00451$
      00053D 80 01            [24] 1639 	sjmp	00452$
      00053F                       1640 00451$:
      00053F 22               [24] 1641 	ret
      000540                       1642 00452$:
                                   1643 ;	../Common/CentralHeating.c:356: pGetRtc(&dt);
      000540 12r05r45         [24] 1644 	lcall	00453$
      000543 80 11            [24] 1645 	sjmp	00454$
      000545                       1646 00453$:
      000545 90r00r00         [24] 1647 	mov	dptr,#_pGetRtc
      000548 E0               [24] 1648 	movx	a,@dptr
      000549 C0 E0            [24] 1649 	push	acc
      00054B A3               [24] 1650 	inc	dptr
      00054C E0               [24] 1651 	movx	a,@dptr
      00054D C0 E0            [24] 1652 	push	acc
      00054F 90r00r56         [24] 1653 	mov	dptr,#_HandleMenuCommand_dt_10000_60
      000552 75 F0 00         [24] 1654 	mov	b, #0x00
      000555 22               [24] 1655 	ret
      000556                       1656 00454$:
                                   1657 ;	../Common/CentralHeating.c:357: if (dt.month == 1)
      000556 90r00r5B         [24] 1658 	mov	dptr,#(_HandleMenuCommand_dt_10000_60 + 0x0005)
      000559 E0               [24] 1659 	movx	a,@dptr
      00055A FF               [12] 1660 	mov	r7,a
      00055B BF 01 01         [24] 1661 	cjne	r7,#0x01,00455$
      00055E 22               [24] 1662 	ret
      00055F                       1663 00455$:
                                   1664 ;	../Common/CentralHeating.c:361: dt.month--;
      00055F 1F               [12] 1665 	dec	r7
      000560 90r00r5B         [24] 1666 	mov	dptr,#(_HandleMenuCommand_dt_10000_60 + 0x0005)
      000563 EF               [12] 1667 	mov	a,r7
      000564 F0               [24] 1668 	movx	@dptr,a
                                   1669 ;	../Common/CentralHeating.c:362: pSetRtc(&dt);
      000565 12r05r6A         [24] 1670 	lcall	00456$
      000568 80 11            [24] 1671 	sjmp	00457$
      00056A                       1672 00456$:
      00056A 90r00r00         [24] 1673 	mov	dptr,#_pSetRtc
      00056D E0               [24] 1674 	movx	a,@dptr
      00056E C0 E0            [24] 1675 	push	acc
      000570 A3               [24] 1676 	inc	dptr
      000571 E0               [24] 1677 	movx	a,@dptr
      000572 C0 E0            [24] 1678 	push	acc
      000574 90r00r56         [24] 1679 	mov	dptr,#_HandleMenuCommand_dt_10000_60
      000577 75 F0 00         [24] 1680 	mov	b, #0x00
      00057A 22               [24] 1681 	ret
      00057B                       1682 00457$:
                                   1683 ;	../Common/CentralHeating.c:363: flashDateTime = 0;
      00057B 90r00r23         [24] 1684 	mov	dptr,#_flashDateTime
      00057E E4               [12] 1685 	clr	a
      00057F F0               [24] 1686 	movx	@dptr,a
                                   1687 ;	../Common/CentralHeating.c:364: PreviewDateAdjustment();
                                   1688 ;	../Common/CentralHeating.c:366: break;
      000580 02r09r83         [24] 1689 	ljmp	_PreviewDateAdjustment
                                   1690 ;	../Common/CentralHeating.c:368: case MENUID_ADDYEAR :
      000583                       1691 00135$:
                                   1692 ;	../Common/CentralHeating.c:369: if (eventType == MENU_COMMAND)
      000583 90r00r52         [24] 1693 	mov	dptr,#_HandleMenuCommand_PARM_2
      000586 E0               [24] 1694 	movx	a,@dptr
      000587 FE               [12] 1695 	mov	r6,a
      000588 A3               [24] 1696 	inc	dptr
      000589 E0               [24] 1697 	movx	a,@dptr
      00058A FF               [12] 1698 	mov	r7,a
      00058B BE 02 05         [24] 1699 	cjne	r6,#0x02,00458$
      00058E BF 00 02         [24] 1700 	cjne	r7,#0x00,00458$
      000591 80 01            [24] 1701 	sjmp	00459$
      000593                       1702 00458$:
      000593 22               [24] 1703 	ret
      000594                       1704 00459$:
                                   1705 ;	../Common/CentralHeating.c:371: pGetRtc(&dt);
      000594 12r05r99         [24] 1706 	lcall	00460$
      000597 80 11            [24] 1707 	sjmp	00461$
      000599                       1708 00460$:
      000599 90r00r00         [24] 1709 	mov	dptr,#_pGetRtc
      00059C E0               [24] 1710 	movx	a,@dptr
      00059D C0 E0            [24] 1711 	push	acc
      00059F A3               [24] 1712 	inc	dptr
      0005A0 E0               [24] 1713 	movx	a,@dptr
      0005A1 C0 E0            [24] 1714 	push	acc
      0005A3 90r00r56         [24] 1715 	mov	dptr,#_HandleMenuCommand_dt_10000_60
      0005A6 75 F0 00         [24] 1716 	mov	b, #0x00
      0005A9 22               [24] 1717 	ret
      0005AA                       1718 00461$:
                                   1719 ;	../Common/CentralHeating.c:372: if (dt.year == 50)
      0005AA 90r00r5C         [24] 1720 	mov	dptr,#(_HandleMenuCommand_dt_10000_60 + 0x0006)
      0005AD E0               [24] 1721 	movx	a,@dptr
      0005AE FF               [12] 1722 	mov	r7,a
      0005AF BF 32 01         [24] 1723 	cjne	r7,#0x32,00462$
      0005B2 22               [24] 1724 	ret
      0005B3                       1725 00462$:
                                   1726 ;	../Common/CentralHeating.c:376: dt.year++;
      0005B3 0F               [12] 1727 	inc	r7
      0005B4 90r00r5C         [24] 1728 	mov	dptr,#(_HandleMenuCommand_dt_10000_60 + 0x0006)
      0005B7 EF               [12] 1729 	mov	a,r7
      0005B8 F0               [24] 1730 	movx	@dptr,a
                                   1731 ;	../Common/CentralHeating.c:377: pSetRtc(&dt);
      0005B9 12r05rBE         [24] 1732 	lcall	00463$
      0005BC 80 11            [24] 1733 	sjmp	00464$
      0005BE                       1734 00463$:
      0005BE 90r00r00         [24] 1735 	mov	dptr,#_pSetRtc
      0005C1 E0               [24] 1736 	movx	a,@dptr
      0005C2 C0 E0            [24] 1737 	push	acc
      0005C4 A3               [24] 1738 	inc	dptr
      0005C5 E0               [24] 1739 	movx	a,@dptr
      0005C6 C0 E0            [24] 1740 	push	acc
      0005C8 90r00r56         [24] 1741 	mov	dptr,#_HandleMenuCommand_dt_10000_60
      0005CB 75 F0 00         [24] 1742 	mov	b, #0x00
      0005CE 22               [24] 1743 	ret
      0005CF                       1744 00464$:
                                   1745 ;	../Common/CentralHeating.c:378: flashDateTime = 0;
      0005CF 90r00r23         [24] 1746 	mov	dptr,#_flashDateTime
      0005D2 E4               [12] 1747 	clr	a
      0005D3 F0               [24] 1748 	movx	@dptr,a
                                   1749 ;	../Common/CentralHeating.c:379: PreviewDateAdjustment();
                                   1750 ;	../Common/CentralHeating.c:381: break;
      0005D4 02r09r83         [24] 1751 	ljmp	_PreviewDateAdjustment
                                   1752 ;	../Common/CentralHeating.c:383: case MENUID_SUBYEAR :
      0005D7                       1753 00140$:
                                   1754 ;	../Common/CentralHeating.c:384: if (eventType == MENU_COMMAND)
      0005D7 90r00r52         [24] 1755 	mov	dptr,#_HandleMenuCommand_PARM_2
      0005DA E0               [24] 1756 	movx	a,@dptr
      0005DB FE               [12] 1757 	mov	r6,a
      0005DC A3               [24] 1758 	inc	dptr
      0005DD E0               [24] 1759 	movx	a,@dptr
      0005DE FF               [12] 1760 	mov	r7,a
      0005DF BE 02 05         [24] 1761 	cjne	r6,#0x02,00465$
      0005E2 BF 00 02         [24] 1762 	cjne	r7,#0x00,00465$
      0005E5 80 01            [24] 1763 	sjmp	00466$
      0005E7                       1764 00465$:
      0005E7 22               [24] 1765 	ret
      0005E8                       1766 00466$:
                                   1767 ;	../Common/CentralHeating.c:386: pGetRtc(&dt);
      0005E8 12r05rED         [24] 1768 	lcall	00467$
      0005EB 80 11            [24] 1769 	sjmp	00468$
      0005ED                       1770 00467$:
      0005ED 90r00r00         [24] 1771 	mov	dptr,#_pGetRtc
      0005F0 E0               [24] 1772 	movx	a,@dptr
      0005F1 C0 E0            [24] 1773 	push	acc
      0005F3 A3               [24] 1774 	inc	dptr
      0005F4 E0               [24] 1775 	movx	a,@dptr
      0005F5 C0 E0            [24] 1776 	push	acc
      0005F7 90r00r56         [24] 1777 	mov	dptr,#_HandleMenuCommand_dt_10000_60
      0005FA 75 F0 00         [24] 1778 	mov	b, #0x00
      0005FD 22               [24] 1779 	ret
      0005FE                       1780 00468$:
                                   1781 ;	../Common/CentralHeating.c:387: if (dt.year == 10)
      0005FE 90r00r5C         [24] 1782 	mov	dptr,#(_HandleMenuCommand_dt_10000_60 + 0x0006)
      000601 E0               [24] 1783 	movx	a,@dptr
      000602 FF               [12] 1784 	mov	r7,a
      000603 BF 0A 01         [24] 1785 	cjne	r7,#0x0a,00469$
      000606 22               [24] 1786 	ret
      000607                       1787 00469$:
                                   1788 ;	../Common/CentralHeating.c:391: dt.year--;
      000607 1F               [12] 1789 	dec	r7
      000608 90r00r5C         [24] 1790 	mov	dptr,#(_HandleMenuCommand_dt_10000_60 + 0x0006)
      00060B EF               [12] 1791 	mov	a,r7
      00060C F0               [24] 1792 	movx	@dptr,a
                                   1793 ;	../Common/CentralHeating.c:392: pSetRtc(&dt);
      00060D 12r06r12         [24] 1794 	lcall	00470$
      000610 80 11            [24] 1795 	sjmp	00471$
      000612                       1796 00470$:
      000612 90r00r00         [24] 1797 	mov	dptr,#_pSetRtc
      000615 E0               [24] 1798 	movx	a,@dptr
      000616 C0 E0            [24] 1799 	push	acc
      000618 A3               [24] 1800 	inc	dptr
      000619 E0               [24] 1801 	movx	a,@dptr
      00061A C0 E0            [24] 1802 	push	acc
      00061C 90r00r56         [24] 1803 	mov	dptr,#_HandleMenuCommand_dt_10000_60
      00061F 75 F0 00         [24] 1804 	mov	b, #0x00
      000622 22               [24] 1805 	ret
      000623                       1806 00471$:
                                   1807 ;	../Common/CentralHeating.c:393: flashDateTime = 0;
      000623 90r00r23         [24] 1808 	mov	dptr,#_flashDateTime
      000626 E4               [12] 1809 	clr	a
      000627 F0               [24] 1810 	movx	@dptr,a
                                   1811 ;	../Common/CentralHeating.c:394: PreviewDateAdjustment();
                                   1812 ;	../Common/CentralHeating.c:396: break;
      000628 02r09r83         [24] 1813 	ljmp	_PreviewDateAdjustment
                                   1814 ;	../Common/CentralHeating.c:399: case MENUID_ADDMINUTE :
      00062B                       1815 00145$:
                                   1816 ;	../Common/CentralHeating.c:400: if (eventType == MENU_COMMAND)
      00062B 90r00r52         [24] 1817 	mov	dptr,#_HandleMenuCommand_PARM_2
      00062E E0               [24] 1818 	movx	a,@dptr
      00062F FE               [12] 1819 	mov	r6,a
      000630 A3               [24] 1820 	inc	dptr
      000631 E0               [24] 1821 	movx	a,@dptr
      000632 FF               [12] 1822 	mov	r7,a
      000633 BE 02 05         [24] 1823 	cjne	r6,#0x02,00472$
      000636 BF 00 02         [24] 1824 	cjne	r7,#0x00,00472$
      000639 80 01            [24] 1825 	sjmp	00473$
      00063B                       1826 00472$:
      00063B 22               [24] 1827 	ret
      00063C                       1828 00473$:
                                   1829 ;	../Common/CentralHeating.c:402: pGetRtc(&dt);
      00063C 12r06r41         [24] 1830 	lcall	00474$
      00063F 80 11            [24] 1831 	sjmp	00475$
      000641                       1832 00474$:
      000641 90r00r00         [24] 1833 	mov	dptr,#_pGetRtc
      000644 E0               [24] 1834 	movx	a,@dptr
      000645 C0 E0            [24] 1835 	push	acc
      000647 A3               [24] 1836 	inc	dptr
      000648 E0               [24] 1837 	movx	a,@dptr
      000649 C0 E0            [24] 1838 	push	acc
      00064B 90r00r56         [24] 1839 	mov	dptr,#_HandleMenuCommand_dt_10000_60
      00064E 75 F0 00         [24] 1840 	mov	b, #0x00
      000651 22               [24] 1841 	ret
      000652                       1842 00475$:
                                   1843 ;	../Common/CentralHeating.c:403: if (dt.minutes == 59)
      000652 90r00r57         [24] 1844 	mov	dptr,#(_HandleMenuCommand_dt_10000_60 + 0x0001)
      000655 E0               [24] 1845 	movx	a,@dptr
      000656 FF               [12] 1846 	mov	r7,a
      000657 BF 3B 07         [24] 1847 	cjne	r7,#0x3b,00147$
                                   1848 ;	../Common/CentralHeating.c:405: dt.minutes = 0;
      00065A 90r00r57         [24] 1849 	mov	dptr,#(_HandleMenuCommand_dt_10000_60 + 0x0001)
      00065D E4               [12] 1850 	clr	a
      00065E F0               [24] 1851 	movx	@dptr,a
      00065F 80 06            [24] 1852 	sjmp	00148$
      000661                       1853 00147$:
                                   1854 ;	../Common/CentralHeating.c:409: dt.minutes++;
      000661 0F               [12] 1855 	inc	r7
      000662 90r00r57         [24] 1856 	mov	dptr,#(_HandleMenuCommand_dt_10000_60 + 0x0001)
      000665 EF               [12] 1857 	mov	a,r7
      000666 F0               [24] 1858 	movx	@dptr,a
      000667                       1859 00148$:
                                   1860 ;	../Common/CentralHeating.c:411: pSetRtc(&dt);
      000667 12r06r6C         [24] 1861 	lcall	00478$
      00066A 80 11            [24] 1862 	sjmp	00479$
      00066C                       1863 00478$:
      00066C 90r00r00         [24] 1864 	mov	dptr,#_pSetRtc
      00066F E0               [24] 1865 	movx	a,@dptr
      000670 C0 E0            [24] 1866 	push	acc
      000672 A3               [24] 1867 	inc	dptr
      000673 E0               [24] 1868 	movx	a,@dptr
      000674 C0 E0            [24] 1869 	push	acc
      000676 90r00r56         [24] 1870 	mov	dptr,#_HandleMenuCommand_dt_10000_60
      000679 75 F0 00         [24] 1871 	mov	b, #0x00
      00067C 22               [24] 1872 	ret
      00067D                       1873 00479$:
                                   1874 ;	../Common/CentralHeating.c:412: flashDateTime = 0;
      00067D 90r00r23         [24] 1875 	mov	dptr,#_flashDateTime
      000680 E4               [12] 1876 	clr	a
      000681 F0               [24] 1877 	movx	@dptr,a
                                   1878 ;	../Common/CentralHeating.c:413: PreviewTimeAdjustment();
                                   1879 ;	../Common/CentralHeating.c:415: break;
      000682 02r09r36         [24] 1880 	ljmp	_PreviewTimeAdjustment
                                   1881 ;	../Common/CentralHeating.c:417: case MENUID_SUBMINUTE :
      000685                       1882 00151$:
                                   1883 ;	../Common/CentralHeating.c:418: if (eventType == MENU_COMMAND)
      000685 90r00r52         [24] 1884 	mov	dptr,#_HandleMenuCommand_PARM_2
      000688 E0               [24] 1885 	movx	a,@dptr
      000689 FE               [12] 1886 	mov	r6,a
      00068A A3               [24] 1887 	inc	dptr
      00068B E0               [24] 1888 	movx	a,@dptr
      00068C FF               [12] 1889 	mov	r7,a
      00068D BE 02 05         [24] 1890 	cjne	r6,#0x02,00480$
      000690 BF 00 02         [24] 1891 	cjne	r7,#0x00,00480$
      000693 80 01            [24] 1892 	sjmp	00481$
      000695                       1893 00480$:
      000695 22               [24] 1894 	ret
      000696                       1895 00481$:
                                   1896 ;	../Common/CentralHeating.c:420: pGetRtc(&dt);
      000696 12r06r9B         [24] 1897 	lcall	00482$
      000699 80 11            [24] 1898 	sjmp	00483$
      00069B                       1899 00482$:
      00069B 90r00r00         [24] 1900 	mov	dptr,#_pGetRtc
      00069E E0               [24] 1901 	movx	a,@dptr
      00069F C0 E0            [24] 1902 	push	acc
      0006A1 A3               [24] 1903 	inc	dptr
      0006A2 E0               [24] 1904 	movx	a,@dptr
      0006A3 C0 E0            [24] 1905 	push	acc
      0006A5 90r00r56         [24] 1906 	mov	dptr,#_HandleMenuCommand_dt_10000_60
      0006A8 75 F0 00         [24] 1907 	mov	b, #0x00
      0006AB 22               [24] 1908 	ret
      0006AC                       1909 00483$:
                                   1910 ;	../Common/CentralHeating.c:421: if (dt.minutes == 0)
      0006AC 90r00r57         [24] 1911 	mov	dptr,#(_HandleMenuCommand_dt_10000_60 + 0x0001)
      0006AF E0               [24] 1912 	movx	a,@dptr
      0006B0 FF               [12] 1913 	mov	r7,a
      0006B1 70 08            [24] 1914 	jnz	00153$
                                   1915 ;	../Common/CentralHeating.c:423: dt.minutes = 59;
      0006B3 90r00r57         [24] 1916 	mov	dptr,#(_HandleMenuCommand_dt_10000_60 + 0x0001)
      0006B6 74 3B            [12] 1917 	mov	a,#0x3b
      0006B8 F0               [24] 1918 	movx	@dptr,a
      0006B9 80 06            [24] 1919 	sjmp	00154$
      0006BB                       1920 00153$:
                                   1921 ;	../Common/CentralHeating.c:427: dt.minutes--;
      0006BB 1F               [12] 1922 	dec	r7
      0006BC 90r00r57         [24] 1923 	mov	dptr,#(_HandleMenuCommand_dt_10000_60 + 0x0001)
      0006BF EF               [12] 1924 	mov	a,r7
      0006C0 F0               [24] 1925 	movx	@dptr,a
      0006C1                       1926 00154$:
                                   1927 ;	../Common/CentralHeating.c:429: pSetRtc(&dt);
      0006C1 12r06rC6         [24] 1928 	lcall	00485$
      0006C4 80 11            [24] 1929 	sjmp	00486$
      0006C6                       1930 00485$:
      0006C6 90r00r00         [24] 1931 	mov	dptr,#_pSetRtc
      0006C9 E0               [24] 1932 	movx	a,@dptr
      0006CA C0 E0            [24] 1933 	push	acc
      0006CC A3               [24] 1934 	inc	dptr
      0006CD E0               [24] 1935 	movx	a,@dptr
      0006CE C0 E0            [24] 1936 	push	acc
      0006D0 90r00r56         [24] 1937 	mov	dptr,#_HandleMenuCommand_dt_10000_60
      0006D3 75 F0 00         [24] 1938 	mov	b, #0x00
      0006D6 22               [24] 1939 	ret
      0006D7                       1940 00486$:
                                   1941 ;	../Common/CentralHeating.c:430: flashDateTime = 0;
      0006D7 90r00r23         [24] 1942 	mov	dptr,#_flashDateTime
      0006DA E4               [12] 1943 	clr	a
      0006DB F0               [24] 1944 	movx	@dptr,a
                                   1945 ;	../Common/CentralHeating.c:431: PreviewTimeAdjustment();
                                   1946 ;	../Common/CentralHeating.c:433: break;
      0006DC 02r09r36         [24] 1947 	ljmp	_PreviewTimeAdjustment
                                   1948 ;	../Common/CentralHeating.c:436: case MENUID_ADDHOUR :
      0006DF                       1949 00157$:
                                   1950 ;	../Common/CentralHeating.c:437: if (eventType == MENU_COMMAND)
      0006DF 90r00r52         [24] 1951 	mov	dptr,#_HandleMenuCommand_PARM_2
      0006E2 E0               [24] 1952 	movx	a,@dptr
      0006E3 FE               [12] 1953 	mov	r6,a
      0006E4 A3               [24] 1954 	inc	dptr
      0006E5 E0               [24] 1955 	movx	a,@dptr
      0006E6 FF               [12] 1956 	mov	r7,a
      0006E7 BE 02 05         [24] 1957 	cjne	r6,#0x02,00487$
      0006EA BF 00 02         [24] 1958 	cjne	r7,#0x00,00487$
      0006ED 80 01            [24] 1959 	sjmp	00488$
      0006EF                       1960 00487$:
      0006EF 22               [24] 1961 	ret
      0006F0                       1962 00488$:
                                   1963 ;	../Common/CentralHeating.c:439: pGetRtc(&dt);
      0006F0 12r06rF5         [24] 1964 	lcall	00489$
      0006F3 80 11            [24] 1965 	sjmp	00490$
      0006F5                       1966 00489$:
      0006F5 90r00r00         [24] 1967 	mov	dptr,#_pGetRtc
      0006F8 E0               [24] 1968 	movx	a,@dptr
      0006F9 C0 E0            [24] 1969 	push	acc
      0006FB A3               [24] 1970 	inc	dptr
      0006FC E0               [24] 1971 	movx	a,@dptr
      0006FD C0 E0            [24] 1972 	push	acc
      0006FF 90r00r56         [24] 1973 	mov	dptr,#_HandleMenuCommand_dt_10000_60
      000702 75 F0 00         [24] 1974 	mov	b, #0x00
      000705 22               [24] 1975 	ret
      000706                       1976 00490$:
                                   1977 ;	../Common/CentralHeating.c:440: if (dt.hours == 23)
      000706 90r00r58         [24] 1978 	mov	dptr,#(_HandleMenuCommand_dt_10000_60 + 0x0002)
      000709 E0               [24] 1979 	movx	a,@dptr
      00070A FF               [12] 1980 	mov	r7,a
      00070B BF 17 07         [24] 1981 	cjne	r7,#0x17,00159$
                                   1982 ;	../Common/CentralHeating.c:442: dt.hours = 0;
      00070E 90r00r58         [24] 1983 	mov	dptr,#(_HandleMenuCommand_dt_10000_60 + 0x0002)
      000711 E4               [12] 1984 	clr	a
      000712 F0               [24] 1985 	movx	@dptr,a
      000713 80 06            [24] 1986 	sjmp	00160$
      000715                       1987 00159$:
                                   1988 ;	../Common/CentralHeating.c:446: dt.hours++;
      000715 0F               [12] 1989 	inc	r7
      000716 90r00r58         [24] 1990 	mov	dptr,#(_HandleMenuCommand_dt_10000_60 + 0x0002)
      000719 EF               [12] 1991 	mov	a,r7
      00071A F0               [24] 1992 	movx	@dptr,a
      00071B                       1993 00160$:
                                   1994 ;	../Common/CentralHeating.c:448: pSetRtc(&dt);
      00071B 12r07r20         [24] 1995 	lcall	00493$
      00071E 80 11            [24] 1996 	sjmp	00494$
      000720                       1997 00493$:
      000720 90r00r00         [24] 1998 	mov	dptr,#_pSetRtc
      000723 E0               [24] 1999 	movx	a,@dptr
      000724 C0 E0            [24] 2000 	push	acc
      000726 A3               [24] 2001 	inc	dptr
      000727 E0               [24] 2002 	movx	a,@dptr
      000728 C0 E0            [24] 2003 	push	acc
      00072A 90r00r56         [24] 2004 	mov	dptr,#_HandleMenuCommand_dt_10000_60
      00072D 75 F0 00         [24] 2005 	mov	b, #0x00
      000730 22               [24] 2006 	ret
      000731                       2007 00494$:
                                   2008 ;	../Common/CentralHeating.c:449: flashDateTime = 0;
      000731 90r00r23         [24] 2009 	mov	dptr,#_flashDateTime
      000734 E4               [12] 2010 	clr	a
      000735 F0               [24] 2011 	movx	@dptr,a
                                   2012 ;	../Common/CentralHeating.c:450: PreviewTimeAdjustment();
                                   2013 ;	../Common/CentralHeating.c:452: break;
      000736 02r09r36         [24] 2014 	ljmp	_PreviewTimeAdjustment
                                   2015 ;	../Common/CentralHeating.c:454: case MENUID_SUBHOUR :
      000739                       2016 00163$:
                                   2017 ;	../Common/CentralHeating.c:455: if (eventType == MENU_COMMAND)
      000739 90r00r52         [24] 2018 	mov	dptr,#_HandleMenuCommand_PARM_2
      00073C E0               [24] 2019 	movx	a,@dptr
      00073D FE               [12] 2020 	mov	r6,a
      00073E A3               [24] 2021 	inc	dptr
      00073F E0               [24] 2022 	movx	a,@dptr
      000740 FF               [12] 2023 	mov	r7,a
      000741 BE 02 05         [24] 2024 	cjne	r6,#0x02,00495$
      000744 BF 00 02         [24] 2025 	cjne	r7,#0x00,00495$
      000747 80 01            [24] 2026 	sjmp	00496$
      000749                       2027 00495$:
      000749 22               [24] 2028 	ret
      00074A                       2029 00496$:
                                   2030 ;	../Common/CentralHeating.c:457: pGetRtc(&dt);
      00074A 12r07r4F         [24] 2031 	lcall	00497$
      00074D 80 11            [24] 2032 	sjmp	00498$
      00074F                       2033 00497$:
      00074F 90r00r00         [24] 2034 	mov	dptr,#_pGetRtc
      000752 E0               [24] 2035 	movx	a,@dptr
      000753 C0 E0            [24] 2036 	push	acc
      000755 A3               [24] 2037 	inc	dptr
      000756 E0               [24] 2038 	movx	a,@dptr
      000757 C0 E0            [24] 2039 	push	acc
      000759 90r00r56         [24] 2040 	mov	dptr,#_HandleMenuCommand_dt_10000_60
      00075C 75 F0 00         [24] 2041 	mov	b, #0x00
      00075F 22               [24] 2042 	ret
      000760                       2043 00498$:
                                   2044 ;	../Common/CentralHeating.c:458: if (dt.hours == 0)
      000760 90r00r58         [24] 2045 	mov	dptr,#(_HandleMenuCommand_dt_10000_60 + 0x0002)
      000763 E0               [24] 2046 	movx	a,@dptr
      000764 FF               [12] 2047 	mov	r7,a
      000765 70 08            [24] 2048 	jnz	00165$
                                   2049 ;	../Common/CentralHeating.c:460: dt.hours = 23;
      000767 90r00r58         [24] 2050 	mov	dptr,#(_HandleMenuCommand_dt_10000_60 + 0x0002)
      00076A 74 17            [12] 2051 	mov	a,#0x17
      00076C F0               [24] 2052 	movx	@dptr,a
      00076D 80 06            [24] 2053 	sjmp	00166$
      00076F                       2054 00165$:
                                   2055 ;	../Common/CentralHeating.c:464: dt.hours--;
      00076F 1F               [12] 2056 	dec	r7
      000770 90r00r58         [24] 2057 	mov	dptr,#(_HandleMenuCommand_dt_10000_60 + 0x0002)
      000773 EF               [12] 2058 	mov	a,r7
      000774 F0               [24] 2059 	movx	@dptr,a
      000775                       2060 00166$:
                                   2061 ;	../Common/CentralHeating.c:466: pSetRtc(&dt);
      000775 12r07r7A         [24] 2062 	lcall	00500$
      000778 80 11            [24] 2063 	sjmp	00501$
      00077A                       2064 00500$:
      00077A 90r00r00         [24] 2065 	mov	dptr,#_pSetRtc
      00077D E0               [24] 2066 	movx	a,@dptr
      00077E C0 E0            [24] 2067 	push	acc
      000780 A3               [24] 2068 	inc	dptr
      000781 E0               [24] 2069 	movx	a,@dptr
      000782 C0 E0            [24] 2070 	push	acc
      000784 90r00r56         [24] 2071 	mov	dptr,#_HandleMenuCommand_dt_10000_60
      000787 75 F0 00         [24] 2072 	mov	b, #0x00
      00078A 22               [24] 2073 	ret
      00078B                       2074 00501$:
                                   2075 ;	../Common/CentralHeating.c:467: flashDateTime = 0;
      00078B 90r00r23         [24] 2076 	mov	dptr,#_flashDateTime
      00078E E4               [12] 2077 	clr	a
      00078F F0               [24] 2078 	movx	@dptr,a
                                   2079 ;	../Common/CentralHeating.c:468: PreviewTimeAdjustment();
                                   2080 ;	../Common/CentralHeating.c:470: break;
      000790 02r09r36         [24] 2081 	ljmp	_PreviewTimeAdjustment
                                   2082 ;	../Common/CentralHeating.c:472: case MENUID_RESETSEC :
      000793                       2083 00169$:
                                   2084 ;	../Common/CentralHeating.c:473: if (eventType == MENU_COMMAND)
      000793 90r00r52         [24] 2085 	mov	dptr,#_HandleMenuCommand_PARM_2
      000796 E0               [24] 2086 	movx	a,@dptr
      000797 FE               [12] 2087 	mov	r6,a
      000798 A3               [24] 2088 	inc	dptr
      000799 E0               [24] 2089 	movx	a,@dptr
      00079A FF               [12] 2090 	mov	r7,a
      00079B BE 02 05         [24] 2091 	cjne	r6,#0x02,00502$
      00079E BF 00 02         [24] 2092 	cjne	r7,#0x00,00502$
      0007A1 80 01            [24] 2093 	sjmp	00503$
      0007A3                       2094 00502$:
      0007A3 22               [24] 2095 	ret
      0007A4                       2096 00503$:
                                   2097 ;	../Common/CentralHeating.c:475: pGetRtc(&dt);
      0007A4 12r07rA9         [24] 2098 	lcall	00504$
      0007A7 80 11            [24] 2099 	sjmp	00505$
      0007A9                       2100 00504$:
      0007A9 90r00r00         [24] 2101 	mov	dptr,#_pGetRtc
      0007AC E0               [24] 2102 	movx	a,@dptr
      0007AD C0 E0            [24] 2103 	push	acc
      0007AF A3               [24] 2104 	inc	dptr
      0007B0 E0               [24] 2105 	movx	a,@dptr
      0007B1 C0 E0            [24] 2106 	push	acc
      0007B3 90r00r56         [24] 2107 	mov	dptr,#_HandleMenuCommand_dt_10000_60
      0007B6 75 F0 00         [24] 2108 	mov	b, #0x00
      0007B9 22               [24] 2109 	ret
      0007BA                       2110 00505$:
                                   2111 ;	../Common/CentralHeating.c:476: dt.seconds = 0;
      0007BA 90r00r56         [24] 2112 	mov	dptr,#_HandleMenuCommand_dt_10000_60
      0007BD E4               [12] 2113 	clr	a
      0007BE F0               [24] 2114 	movx	@dptr,a
                                   2115 ;	../Common/CentralHeating.c:477: pSetRtc(&dt);
      0007BF 12r07rC4         [24] 2116 	lcall	00506$
      0007C2 80 11            [24] 2117 	sjmp	00507$
      0007C4                       2118 00506$:
      0007C4 90r00r00         [24] 2119 	mov	dptr,#_pSetRtc
      0007C7 E0               [24] 2120 	movx	a,@dptr
      0007C8 C0 E0            [24] 2121 	push	acc
      0007CA A3               [24] 2122 	inc	dptr
      0007CB E0               [24] 2123 	movx	a,@dptr
      0007CC C0 E0            [24] 2124 	push	acc
      0007CE 90r00r56         [24] 2125 	mov	dptr,#_HandleMenuCommand_dt_10000_60
      0007D1 75 F0 00         [24] 2126 	mov	b, #0x00
      0007D4 22               [24] 2127 	ret
      0007D5                       2128 00507$:
                                   2129 ;	../Common/CentralHeating.c:478: flashDateTime = 0;
      0007D5 90r00r23         [24] 2130 	mov	dptr,#_flashDateTime
      0007D8 E4               [12] 2131 	clr	a
      0007D9 F0               [24] 2132 	movx	@dptr,a
                                   2133 ;	../Common/CentralHeating.c:479: PreviewTimeAdjustment();
                                   2134 ;	../Common/CentralHeating.c:481: break;
      0007DA 02r09r36         [24] 2135 	ljmp	_PreviewTimeAdjustment
                                   2136 ;	../Common/CentralHeating.c:483: case MENUID_TESTOUTPUT :
      0007DD                       2137 00172$:
                                   2138 ;	../Common/CentralHeating.c:484: if (eventType == MENU_SUBMENUENTER)
      0007DD 90r00r52         [24] 2139 	mov	dptr,#_HandleMenuCommand_PARM_2
      0007E0 E0               [24] 2140 	movx	a,@dptr
      0007E1 FE               [12] 2141 	mov	r6,a
      0007E2 A3               [24] 2142 	inc	dptr
      0007E3 E0               [24] 2143 	movx	a,@dptr
      0007E4 FF               [12] 2144 	mov	r7,a
      0007E5 BE 03 1A         [24] 2145 	cjne	r6,#0x03,00176$
      0007E8 BF 00 17         [24] 2146 	cjne	r7,#0x00,00176$
                                   2147 ;	../Common/CentralHeating.c:486: currentScreen = SCREEN_OUTPUTTEST;
      0007EB 90r00r22         [24] 2148 	mov	dptr,#_currentScreen
      0007EE 74 04            [12] 2149 	mov	a,#0x04
      0007F0 F0               [24] 2150 	movx	@dptr,a
                                   2151 ;	../Common/CentralHeating.c:487: ClearTopLine();
      0007F1 12r02rF8         [24] 2152 	lcall	_ClearTopLine
                                   2153 ;	../Common/CentralHeating.c:488: TestAndDisplay("Off", 0);
      0007F4 90r00r89         [24] 2154 	mov	dptr,#_TestAndDisplay_PARM_2
      0007F7 E4               [12] 2155 	clr	a
      0007F8 F0               [24] 2156 	movx	@dptr,a
      0007F9 90r00r01         [24] 2157 	mov	dptr,#___str_1
      0007FC 75 F0 80         [24] 2158 	mov	b, #0x80
      0007FF 02r09rCA         [24] 2159 	ljmp	_TestAndDisplay
      000802                       2160 00176$:
                                   2161 ;	../Common/CentralHeating.c:490: else if (eventType == MENU_SUBMENUEXIT)
      000802 BE 04 05         [24] 2162 	cjne	r6,#0x04,00510$
      000805 BF 00 02         [24] 2163 	cjne	r7,#0x00,00510$
      000808 80 01            [24] 2164 	sjmp	00511$
      00080A                       2165 00510$:
      00080A 22               [24] 2166 	ret
      00080B                       2167 00511$:
                                   2168 ;	../Common/CentralHeating.c:492: currentScreen = SCREEN_HOME;
      00080B 90r00r22         [24] 2169 	mov	dptr,#_currentScreen
      00080E 74 01            [12] 2170 	mov	a,#0x01
      000810 F0               [24] 2171 	movx	@dptr,a
                                   2172 ;	../Common/CentralHeating.c:493: ClearTopLine();
                                   2173 ;	../Common/CentralHeating.c:495: break;
      000811 02r02rF8         [24] 2174 	ljmp	_ClearTopLine
                                   2175 ;	../Common/CentralHeating.c:497: case MENUID_TEST_BOILER :
      000814                       2176 00178$:
                                   2177 ;	../Common/CentralHeating.c:498: if (eventType == MENU_COMMAND)
      000814 90r00r52         [24] 2178 	mov	dptr,#_HandleMenuCommand_PARM_2
      000817 E0               [24] 2179 	movx	a,@dptr
      000818 FE               [12] 2180 	mov	r6,a
      000819 A3               [24] 2181 	inc	dptr
      00081A E0               [24] 2182 	movx	a,@dptr
      00081B FF               [12] 2183 	mov	r7,a
      00081C BE 02 05         [24] 2184 	cjne	r6,#0x02,00512$
      00081F BF 00 02         [24] 2185 	cjne	r7,#0x00,00512$
      000822 80 01            [24] 2186 	sjmp	00513$
      000824                       2187 00512$:
      000824 22               [24] 2188 	ret
      000825                       2189 00513$:
                                   2190 ;	../Common/CentralHeating.c:500: TestAndDisplay("Boiler", OUTPUT_BOILER);
      000825 90r00r89         [24] 2191 	mov	dptr,#_TestAndDisplay_PARM_2
      000828 74 20            [12] 2192 	mov	a,#0x20
      00082A F0               [24] 2193 	movx	@dptr,a
      00082B 90r00r05         [24] 2194 	mov	dptr,#___str_2
      00082E 75 F0 80         [24] 2195 	mov	b, #0x80
                                   2196 ;	../Common/CentralHeating.c:502: break;
      000831 02r09rCA         [24] 2197 	ljmp	_TestAndDisplay
                                   2198 ;	../Common/CentralHeating.c:504: case MENUID_TEST_PUMP :
      000834                       2199 00181$:
                                   2200 ;	../Common/CentralHeating.c:505: if (eventType == MENU_COMMAND)
      000834 90r00r52         [24] 2201 	mov	dptr,#_HandleMenuCommand_PARM_2
      000837 E0               [24] 2202 	movx	a,@dptr
      000838 FE               [12] 2203 	mov	r6,a
      000839 A3               [24] 2204 	inc	dptr
      00083A E0               [24] 2205 	movx	a,@dptr
      00083B FF               [12] 2206 	mov	r7,a
      00083C BE 02 05         [24] 2207 	cjne	r6,#0x02,00514$
      00083F BF 00 02         [24] 2208 	cjne	r7,#0x00,00514$
      000842 80 01            [24] 2209 	sjmp	00515$
      000844                       2210 00514$:
      000844 22               [24] 2211 	ret
      000845                       2212 00515$:
                                   2213 ;	../Common/CentralHeating.c:507: TestAndDisplay("Pump", OUTPUT_PUMP);
      000845 90r00r89         [24] 2214 	mov	dptr,#_TestAndDisplay_PARM_2
      000848 74 10            [12] 2215 	mov	a,#0x10
      00084A F0               [24] 2216 	movx	@dptr,a
      00084B 90r00r0C         [24] 2217 	mov	dptr,#___str_3
      00084E 75 F0 80         [24] 2218 	mov	b, #0x80
                                   2219 ;	../Common/CentralHeating.c:509: break;
      000851 02r09rCA         [24] 2220 	ljmp	_TestAndDisplay
                                   2221 ;	../Common/CentralHeating.c:511: case MENUID_TEST_ZONE1 :
      000854                       2222 00184$:
                                   2223 ;	../Common/CentralHeating.c:512: if (eventType == MENU_COMMAND)
      000854 90r00r52         [24] 2224 	mov	dptr,#_HandleMenuCommand_PARM_2
      000857 E0               [24] 2225 	movx	a,@dptr
      000858 FE               [12] 2226 	mov	r6,a
      000859 A3               [24] 2227 	inc	dptr
      00085A E0               [24] 2228 	movx	a,@dptr
      00085B FF               [12] 2229 	mov	r7,a
      00085C BE 02 05         [24] 2230 	cjne	r6,#0x02,00516$
      00085F BF 00 02         [24] 2231 	cjne	r7,#0x00,00516$
      000862 80 01            [24] 2232 	sjmp	00517$
      000864                       2233 00516$:
      000864 22               [24] 2234 	ret
      000865                       2235 00517$:
                                   2236 ;	../Common/CentralHeating.c:514: TestAndDisplay("Zone 1", OUTPUT_ACTUATOR1);
      000865 90r00r89         [24] 2237 	mov	dptr,#_TestAndDisplay_PARM_2
      000868 74 01            [12] 2238 	mov	a,#0x01
      00086A F0               [24] 2239 	movx	@dptr,a
      00086B 90r00r11         [24] 2240 	mov	dptr,#___str_4
      00086E 75 F0 80         [24] 2241 	mov	b, #0x80
                                   2242 ;	../Common/CentralHeating.c:516: break;
      000871 02r09rCA         [24] 2243 	ljmp	_TestAndDisplay
                                   2244 ;	../Common/CentralHeating.c:518: case MENUID_TEST_ZONE2 :
      000874                       2245 00187$:
                                   2246 ;	../Common/CentralHeating.c:519: if (eventType == MENU_COMMAND)
      000874 90r00r52         [24] 2247 	mov	dptr,#_HandleMenuCommand_PARM_2
      000877 E0               [24] 2248 	movx	a,@dptr
      000878 FE               [12] 2249 	mov	r6,a
      000879 A3               [24] 2250 	inc	dptr
      00087A E0               [24] 2251 	movx	a,@dptr
      00087B FF               [12] 2252 	mov	r7,a
      00087C BE 02 05         [24] 2253 	cjne	r6,#0x02,00518$
      00087F BF 00 02         [24] 2254 	cjne	r7,#0x00,00518$
      000882 80 01            [24] 2255 	sjmp	00519$
      000884                       2256 00518$:
      000884 22               [24] 2257 	ret
      000885                       2258 00519$:
                                   2259 ;	../Common/CentralHeating.c:521: TestAndDisplay("Zone 2", OUTPUT_ACTUATOR2);
      000885 90r00r89         [24] 2260 	mov	dptr,#_TestAndDisplay_PARM_2
      000888 74 02            [12] 2261 	mov	a,#0x02
      00088A F0               [24] 2262 	movx	@dptr,a
      00088B 90r00r18         [24] 2263 	mov	dptr,#___str_5
      00088E 75 F0 80         [24] 2264 	mov	b, #0x80
                                   2265 ;	../Common/CentralHeating.c:523: break;
                                   2266 ;	../Common/CentralHeating.c:525: case MENUID_TEST_ZONE3 :
      000891 02r09rCA         [24] 2267 	ljmp	_TestAndDisplay
      000894                       2268 00190$:
                                   2269 ;	../Common/CentralHeating.c:526: if (eventType == MENU_COMMAND)
      000894 90r00r52         [24] 2270 	mov	dptr,#_HandleMenuCommand_PARM_2
      000897 E0               [24] 2271 	movx	a,@dptr
      000898 FE               [12] 2272 	mov	r6,a
      000899 A3               [24] 2273 	inc	dptr
      00089A E0               [24] 2274 	movx	a,@dptr
      00089B FF               [12] 2275 	mov	r7,a
      00089C BE 02 4B         [24] 2276 	cjne	r6,#0x02,00200$
      00089F BF 00 48         [24] 2277 	cjne	r7,#0x00,00200$
                                   2278 ;	../Common/CentralHeating.c:528: TestAndDisplay("Zone 3", OUTPUT_ACTUATOR3);
      0008A2 90r00r89         [24] 2279 	mov	dptr,#_TestAndDisplay_PARM_2
      0008A5 74 04            [12] 2280 	mov	a,#0x04
      0008A7 F0               [24] 2281 	movx	@dptr,a
      0008A8 90r00r1F         [24] 2282 	mov	dptr,#___str_6
      0008AB 75 F0 80         [24] 2283 	mov	b, #0x80
                                   2284 ;	../Common/CentralHeating.c:530: break;
                                   2285 ;	../Common/CentralHeating.c:532: case MENUID_TEST_ZONE4 :
      0008AE 02r09rCA         [24] 2286 	ljmp	_TestAndDisplay
      0008B1                       2287 00193$:
                                   2288 ;	../Common/CentralHeating.c:533: if (eventType == MENU_COMMAND)
      0008B1 90r00r52         [24] 2289 	mov	dptr,#_HandleMenuCommand_PARM_2
      0008B4 E0               [24] 2290 	movx	a,@dptr
      0008B5 FE               [12] 2291 	mov	r6,a
      0008B6 A3               [24] 2292 	inc	dptr
      0008B7 E0               [24] 2293 	movx	a,@dptr
      0008B8 FF               [12] 2294 	mov	r7,a
      0008B9 BE 02 2E         [24] 2295 	cjne	r6,#0x02,00200$
      0008BC BF 00 2B         [24] 2296 	cjne	r7,#0x00,00200$
                                   2297 ;	../Common/CentralHeating.c:535: TestAndDisplay("Zone 4", OUTPUT_ACTUATOR4);
      0008BF 90r00r89         [24] 2298 	mov	dptr,#_TestAndDisplay_PARM_2
      0008C2 74 08            [12] 2299 	mov	a,#0x08
      0008C4 F0               [24] 2300 	movx	@dptr,a
      0008C5 90r00r26         [24] 2301 	mov	dptr,#___str_7
      0008C8 75 F0 80         [24] 2302 	mov	b, #0x80
                                   2303 ;	../Common/CentralHeating.c:537: break;
                                   2304 ;	../Common/CentralHeating.c:540: case MENUID_TEST_RESET :
      0008CB 02r09rCA         [24] 2305 	ljmp	_TestAndDisplay
      0008CE                       2306 00196$:
                                   2307 ;	../Common/CentralHeating.c:541: if (eventType == MENU_COMMAND)
      0008CE 90r00r52         [24] 2308 	mov	dptr,#_HandleMenuCommand_PARM_2
      0008D1 E0               [24] 2309 	movx	a,@dptr
      0008D2 FE               [12] 2310 	mov	r6,a
      0008D3 A3               [24] 2311 	inc	dptr
      0008D4 E0               [24] 2312 	movx	a,@dptr
      0008D5 FF               [12] 2313 	mov	r7,a
      0008D6 BE 02 11         [24] 2314 	cjne	r6,#0x02,00200$
      0008D9 BF 00 0E         [24] 2315 	cjne	r7,#0x00,00200$
                                   2316 ;	../Common/CentralHeating.c:543: TestAndDisplay("Reset", 0);
      0008DC 90r00r89         [24] 2317 	mov	dptr,#_TestAndDisplay_PARM_2
      0008DF E4               [12] 2318 	clr	a
      0008E0 F0               [24] 2319 	movx	@dptr,a
      0008E1 90r00r2D         [24] 2320 	mov	dptr,#___str_8
      0008E4 75 F0 80         [24] 2321 	mov	b, #0x80
                                   2322 ;	../Common/CentralHeating.c:548: }
                                   2323 ;	../Common/CentralHeating.c:550: }
      0008E7 02r09rCA         [24] 2324 	ljmp	_TestAndDisplay
      0008EA                       2325 00200$:
      0008EA 22               [24] 2326 	ret
                                   2327 ;------------------------------------------------------------
                                   2328 ;Allocation info for local variables in function 'WriteCurrentTime'
                                   2329 ;------------------------------------------------------------
                                   2330 ;strBuffer     Allocated with name '_WriteCurrentTime_strBuffer_10000_100'
                                   2331 ;------------------------------------------------------------
                                   2332 ;	../Common/CentralHeating.c:554: void WriteCurrentTime()
                                   2333 ;	-----------------------------------------
                                   2334 ;	 function WriteCurrentTime
                                   2335 ;	-----------------------------------------
      0008EB                       2336 _WriteCurrentTime:
                                   2337 ;	../Common/CentralHeating.c:558: pGetRtc(&currentDateTime);
      0008EB 12r08rF0         [24] 2338 	lcall	00103$
      0008EE 80 11            [24] 2339 	sjmp	00104$
      0008F0                       2340 00103$:
      0008F0 90r00r00         [24] 2341 	mov	dptr,#_pGetRtc
      0008F3 E0               [24] 2342 	movx	a,@dptr
      0008F4 C0 E0            [24] 2343 	push	acc
      0008F6 A3               [24] 2344 	inc	dptr
      0008F7 E0               [24] 2345 	movx	a,@dptr
      0008F8 C0 E0            [24] 2346 	push	acc
      0008FA 90r00r28         [24] 2347 	mov	dptr,#_currentDateTime
      0008FD 75 F0 00         [24] 2348 	mov	b, #0x00
      000900 22               [24] 2349 	ret
      000901                       2350 00104$:
                                   2351 ;	../Common/CentralHeating.c:559: FormatTime(strBuffer, &currentDateTime, 0);
      000901 90r00r00         [24] 2352 	mov	dptr,#_FormatTime_PARM_2
      000904 74r28            [12] 2353 	mov	a,#_currentDateTime
      000906 F0               [24] 2354 	movx	@dptr,a
      000907 74s00            [12] 2355 	mov	a,#(_currentDateTime >> 8)
      000909 A3               [24] 2356 	inc	dptr
      00090A F0               [24] 2357 	movx	@dptr,a
      00090B E4               [12] 2358 	clr	a
      00090C A3               [24] 2359 	inc	dptr
      00090D F0               [24] 2360 	movx	@dptr,a
      00090E 90r00r00         [24] 2361 	mov	dptr,#_FormatTime_PARM_3
      000911 F0               [24] 2362 	movx	@dptr,a
      000912 90r00r5D         [24] 2363 	mov	dptr,#_WriteCurrentTime_strBuffer_10000_100
      000915 F5 F0            [12] 2364 	mov	b,a
      000917 12r00r00         [24] 2365 	lcall	_FormatTime
                                   2366 ;	../Common/CentralHeating.c:560: PartialWriteToScreen(11, 5, strBuffer);
      00091A 90r00r4B         [24] 2367 	mov	dptr,#_PartialWriteToScreen_PARM_2
      00091D 74 05            [12] 2368 	mov	a,#0x05
      00091F F0               [24] 2369 	movx	@dptr,a
      000920 E4               [12] 2370 	clr	a
      000921 A3               [24] 2371 	inc	dptr
      000922 F0               [24] 2372 	movx	@dptr,a
      000923 90r00r4D         [24] 2373 	mov	dptr,#_PartialWriteToScreen_PARM_3
      000926 74r5D            [12] 2374 	mov	a,#_WriteCurrentTime_strBuffer_10000_100
      000928 F0               [24] 2375 	movx	@dptr,a
      000929 74s00            [12] 2376 	mov	a,#(_WriteCurrentTime_strBuffer_10000_100 >> 8)
      00092B A3               [24] 2377 	inc	dptr
      00092C F0               [24] 2378 	movx	@dptr,a
      00092D E4               [12] 2379 	clr	a
      00092E A3               [24] 2380 	inc	dptr
      00092F F0               [24] 2381 	movx	@dptr,a
      000930 90 00 0B         [24] 2382 	mov	dptr,#0x000b
                                   2383 ;	../Common/CentralHeating.c:561: }
      000933 02r02r75         [24] 2384 	ljmp	_PartialWriteToScreen
                                   2385 ;------------------------------------------------------------
                                   2386 ;Allocation info for local variables in function 'PreviewTimeAdjustment'
                                   2387 ;------------------------------------------------------------
                                   2388 ;strBuffer     Allocated with name '_PreviewTimeAdjustment_strBuffer_10000_101'
                                   2389 ;dt            Allocated with name '_PreviewTimeAdjustment_dt_10000_101'
                                   2390 ;------------------------------------------------------------
                                   2391 ;	../Common/CentralHeating.c:564: void PreviewTimeAdjustment()
                                   2392 ;	-----------------------------------------
                                   2393 ;	 function PreviewTimeAdjustment
                                   2394 ;	-----------------------------------------
      000936                       2395 _PreviewTimeAdjustment:
                                   2396 ;	../Common/CentralHeating.c:568: pGetRtc(&dt);
      000936 12r09r3B         [24] 2397 	lcall	00103$
      000939 80 11            [24] 2398 	sjmp	00104$
      00093B                       2399 00103$:
      00093B 90r00r00         [24] 2400 	mov	dptr,#_pGetRtc
      00093E E0               [24] 2401 	movx	a,@dptr
      00093F C0 E0            [24] 2402 	push	acc
      000941 A3               [24] 2403 	inc	dptr
      000942 E0               [24] 2404 	movx	a,@dptr
      000943 C0 E0            [24] 2405 	push	acc
      000945 90r00r71         [24] 2406 	mov	dptr,#_PreviewTimeAdjustment_dt_10000_101
      000948 75 F0 00         [24] 2407 	mov	b, #0x00
      00094B 22               [24] 2408 	ret
      00094C                       2409 00104$:
                                   2410 ;	../Common/CentralHeating.c:569: FormatTime(strBuffer, &dt, 1);
      00094C 90r00r00         [24] 2411 	mov	dptr,#_FormatTime_PARM_2
      00094F 74r71            [12] 2412 	mov	a,#_PreviewTimeAdjustment_dt_10000_101
      000951 F0               [24] 2413 	movx	@dptr,a
      000952 74s00            [12] 2414 	mov	a,#(_PreviewTimeAdjustment_dt_10000_101 >> 8)
      000954 A3               [24] 2415 	inc	dptr
      000955 F0               [24] 2416 	movx	@dptr,a
      000956 E4               [12] 2417 	clr	a
      000957 A3               [24] 2418 	inc	dptr
      000958 F0               [24] 2419 	movx	@dptr,a
      000959 90r00r00         [24] 2420 	mov	dptr,#_FormatTime_PARM_3
      00095C 04               [12] 2421 	inc	a
      00095D F0               [24] 2422 	movx	@dptr,a
      00095E 90r00r67         [24] 2423 	mov	dptr,#_PreviewTimeAdjustment_strBuffer_10000_101
      000961 75 F0 00         [24] 2424 	mov	b, #0x00
      000964 12r00r00         [24] 2425 	lcall	_FormatTime
                                   2426 ;	../Common/CentralHeating.c:570: PartialWriteToScreen(0, 16, strBuffer);
      000967 90r00r4B         [24] 2427 	mov	dptr,#_PartialWriteToScreen_PARM_2
      00096A 74 10            [12] 2428 	mov	a,#0x10
      00096C F0               [24] 2429 	movx	@dptr,a
      00096D E4               [12] 2430 	clr	a
      00096E A3               [24] 2431 	inc	dptr
      00096F F0               [24] 2432 	movx	@dptr,a
      000970 90r00r4D         [24] 2433 	mov	dptr,#_PartialWriteToScreen_PARM_3
      000973 74r67            [12] 2434 	mov	a,#_PreviewTimeAdjustment_strBuffer_10000_101
      000975 F0               [24] 2435 	movx	@dptr,a
      000976 74s00            [12] 2436 	mov	a,#(_PreviewTimeAdjustment_strBuffer_10000_101 >> 8)
      000978 A3               [24] 2437 	inc	dptr
      000979 F0               [24] 2438 	movx	@dptr,a
      00097A E4               [12] 2439 	clr	a
      00097B A3               [24] 2440 	inc	dptr
      00097C F0               [24] 2441 	movx	@dptr,a
      00097D 90 00 00         [24] 2442 	mov	dptr,#0x0000
                                   2443 ;	../Common/CentralHeating.c:571: }
      000980 02r02r75         [24] 2444 	ljmp	_PartialWriteToScreen
                                   2445 ;------------------------------------------------------------
                                   2446 ;Allocation info for local variables in function 'PreviewDateAdjustment'
                                   2447 ;------------------------------------------------------------
                                   2448 ;strBuffer     Allocated with name '_PreviewDateAdjustment_strBuffer_10000_102'
                                   2449 ;dt            Allocated with name '_PreviewDateAdjustment_dt_10000_102'
                                   2450 ;------------------------------------------------------------
                                   2451 ;	../Common/CentralHeating.c:574: void PreviewDateAdjustment()
                                   2452 ;	-----------------------------------------
                                   2453 ;	 function PreviewDateAdjustment
                                   2454 ;	-----------------------------------------
      000983                       2455 _PreviewDateAdjustment:
                                   2456 ;	../Common/CentralHeating.c:578: pGetRtc(&dt);
      000983 12r09r88         [24] 2457 	lcall	00103$
      000986 80 11            [24] 2458 	sjmp	00104$
      000988                       2459 00103$:
      000988 90r00r00         [24] 2460 	mov	dptr,#_pGetRtc
      00098B E0               [24] 2461 	movx	a,@dptr
      00098C C0 E0            [24] 2462 	push	acc
      00098E A3               [24] 2463 	inc	dptr
      00098F E0               [24] 2464 	movx	a,@dptr
      000990 C0 E0            [24] 2465 	push	acc
      000992 90r00r82         [24] 2466 	mov	dptr,#_PreviewDateAdjustment_dt_10000_102
      000995 75 F0 00         [24] 2467 	mov	b, #0x00
      000998 22               [24] 2468 	ret
      000999                       2469 00104$:
                                   2470 ;	../Common/CentralHeating.c:579: FormatDate(strBuffer, &dt);
      000999 90r00r00         [24] 2471 	mov	dptr,#_FormatDate_PARM_2
      00099C 74r82            [12] 2472 	mov	a,#_PreviewDateAdjustment_dt_10000_102
      00099E F0               [24] 2473 	movx	@dptr,a
      00099F 74s00            [12] 2474 	mov	a,#(_PreviewDateAdjustment_dt_10000_102 >> 8)
      0009A1 A3               [24] 2475 	inc	dptr
      0009A2 F0               [24] 2476 	movx	@dptr,a
      0009A3 E4               [12] 2477 	clr	a
      0009A4 A3               [24] 2478 	inc	dptr
      0009A5 F0               [24] 2479 	movx	@dptr,a
      0009A6 90r00r78         [24] 2480 	mov	dptr,#_PreviewDateAdjustment_strBuffer_10000_102
      0009A9 F5 F0            [12] 2481 	mov	b,a
      0009AB 12r00r00         [24] 2482 	lcall	_FormatDate
                                   2483 ;	../Common/CentralHeating.c:580: PartialWriteToScreen(0, 16, strBuffer);
      0009AE 90r00r4B         [24] 2484 	mov	dptr,#_PartialWriteToScreen_PARM_2
      0009B1 74 10            [12] 2485 	mov	a,#0x10
      0009B3 F0               [24] 2486 	movx	@dptr,a
      0009B4 E4               [12] 2487 	clr	a
      0009B5 A3               [24] 2488 	inc	dptr
      0009B6 F0               [24] 2489 	movx	@dptr,a
      0009B7 90r00r4D         [24] 2490 	mov	dptr,#_PartialWriteToScreen_PARM_3
      0009BA 74r78            [12] 2491 	mov	a,#_PreviewDateAdjustment_strBuffer_10000_102
      0009BC F0               [24] 2492 	movx	@dptr,a
      0009BD 74s00            [12] 2493 	mov	a,#(_PreviewDateAdjustment_strBuffer_10000_102 >> 8)
      0009BF A3               [24] 2494 	inc	dptr
      0009C0 F0               [24] 2495 	movx	@dptr,a
      0009C1 E4               [12] 2496 	clr	a
      0009C2 A3               [24] 2497 	inc	dptr
      0009C3 F0               [24] 2498 	movx	@dptr,a
      0009C4 90 00 00         [24] 2499 	mov	dptr,#0x0000
                                   2500 ;	../Common/CentralHeating.c:581: }
      0009C7 02r02r75         [24] 2501 	ljmp	_PartialWriteToScreen
                                   2502 ;------------------------------------------------------------
                                   2503 ;Allocation info for local variables in function 'TestAndDisplay'
                                   2504 ;------------------------------------------------------------
                                   2505 ;output        Allocated with name '_TestAndDisplay_PARM_2'
                                   2506 ;description   Allocated with name '_TestAndDisplay_description_10000_103'
                                   2507 ;------------------------------------------------------------
                                   2508 ;	../Common/CentralHeating.c:584: void TestAndDisplay(char *description, unsigned char output)
                                   2509 ;	-----------------------------------------
                                   2510 ;	 function TestAndDisplay
                                   2511 ;	-----------------------------------------
      0009CA                       2512 _TestAndDisplay:
      0009CA AF F0            [24] 2513 	mov	r7,b
      0009CC AE 83            [24] 2514 	mov	r6,dph
      0009CE E5 82            [12] 2515 	mov	a,dpl
      0009D0 90r00r8A         [24] 2516 	mov	dptr,#_TestAndDisplay_description_10000_103
      0009D3 F0               [24] 2517 	movx	@dptr,a
      0009D4 EE               [12] 2518 	mov	a,r6
      0009D5 A3               [24] 2519 	inc	dptr
      0009D6 F0               [24] 2520 	movx	@dptr,a
      0009D7 EF               [12] 2521 	mov	a,r7
      0009D8 A3               [24] 2522 	inc	dptr
      0009D9 F0               [24] 2523 	movx	@dptr,a
                                   2524 ;	../Common/CentralHeating.c:586: PartialWriteToScreen(0, 16, description);
      0009DA 90r00r8A         [24] 2525 	mov	dptr,#_TestAndDisplay_description_10000_103
      0009DD E0               [24] 2526 	movx	a,@dptr
      0009DE FD               [12] 2527 	mov	r5,a
      0009DF A3               [24] 2528 	inc	dptr
      0009E0 E0               [24] 2529 	movx	a,@dptr
      0009E1 FE               [12] 2530 	mov	r6,a
      0009E2 A3               [24] 2531 	inc	dptr
      0009E3 E0               [24] 2532 	movx	a,@dptr
      0009E4 FF               [12] 2533 	mov	r7,a
      0009E5 90r00r4B         [24] 2534 	mov	dptr,#_PartialWriteToScreen_PARM_2
      0009E8 74 10            [12] 2535 	mov	a,#0x10
      0009EA F0               [24] 2536 	movx	@dptr,a
      0009EB E4               [12] 2537 	clr	a
      0009EC A3               [24] 2538 	inc	dptr
      0009ED F0               [24] 2539 	movx	@dptr,a
      0009EE 90r00r4D         [24] 2540 	mov	dptr,#_PartialWriteToScreen_PARM_3
      0009F1 ED               [12] 2541 	mov	a,r5
      0009F2 F0               [24] 2542 	movx	@dptr,a
      0009F3 EE               [12] 2543 	mov	a,r6
      0009F4 A3               [24] 2544 	inc	dptr
      0009F5 F0               [24] 2545 	movx	@dptr,a
      0009F6 EF               [12] 2546 	mov	a,r7
      0009F7 A3               [24] 2547 	inc	dptr
      0009F8 F0               [24] 2548 	movx	@dptr,a
      0009F9 90 00 00         [24] 2549 	mov	dptr,#0x0000
      0009FC 12r02r75         [24] 2550 	lcall	_PartialWriteToScreen
                                   2551 ;	../Common/CentralHeating.c:587: pSetOutputPortValues(output);
      0009FF 90r00r89         [24] 2552 	mov	dptr,#_TestAndDisplay_PARM_2
      000A02 E0               [24] 2553 	movx	a,@dptr
      000A03 FF               [12] 2554 	mov	r7,a
      000A04 02r0Ar07         [24] 2555 	ljmp	00103$
      000A07                       2556 00103$:
      000A07 90r00r00         [24] 2557 	mov	dptr,#_pSetOutputPortValues
      000A0A E0               [24] 2558 	movx	a,@dptr
      000A0B C0 E0            [24] 2559 	push	acc
      000A0D A3               [24] 2560 	inc	dptr
      000A0E E0               [24] 2561 	movx	a,@dptr
      000A0F C0 E0            [24] 2562 	push	acc
      000A11 8F 82            [24] 2563 	mov	dpl, r7
      000A13 22               [24] 2564 	ret
                                   2565 ;	../Common/CentralHeating.c:588: }
      000A14 22               [24] 2566 	ret
                                   2567 ;------------------------------------------------------------
                                   2568 ;Allocation info for local variables in function 'ProcessHeating'
                                   2569 ;------------------------------------------------------------
                                   2570 ;inputs        Allocated with name '_ProcessHeating_inputs_10000_105'
                                   2571 ;zones         Allocated with name '_ProcessHeating_zones_10000_105'
                                   2572 ;pump          Allocated with name '_ProcessHeating_pump_10000_105'
                                   2573 ;boiler        Allocated with name '_ProcessHeating_boiler_10000_105'
                                   2574 ;output        Allocated with name '_ProcessHeating_output_10000_105'
                                   2575 ;------------------------------------------------------------
                                   2576 ;	../Common/CentralHeating.c:594: void ProcessHeating()
                                   2577 ;	-----------------------------------------
                                   2578 ;	 function ProcessHeating
                                   2579 ;	-----------------------------------------
      000A15                       2580 _ProcessHeating:
                                   2581 ;	../Common/CentralHeating.c:604: inputs = 0;
      000A15 90r00r8D         [24] 2582 	mov	dptr,#_ProcessHeating_inputs_10000_105
      000A18 E4               [12] 2583 	clr	a
      000A19 F0               [24] 2584 	movx	@dptr,a
                                   2585 ;	../Common/CentralHeating.c:605: pGetInputPortValues(&inputs);
      000A1A 12r0Ar1F         [24] 2586 	lcall	00191$
      000A1D 80 11            [24] 2587 	sjmp	00192$
      000A1F                       2588 00191$:
      000A1F 90r00r00         [24] 2589 	mov	dptr,#_pGetInputPortValues
      000A22 E0               [24] 2590 	movx	a,@dptr
      000A23 C0 E0            [24] 2591 	push	acc
      000A25 A3               [24] 2592 	inc	dptr
      000A26 E0               [24] 2593 	movx	a,@dptr
      000A27 C0 E0            [24] 2594 	push	acc
      000A29 90r00r8D         [24] 2595 	mov	dptr,#_ProcessHeating_inputs_10000_105
      000A2C 75 F0 00         [24] 2596 	mov	b, #0x00
      000A2F 22               [24] 2597 	ret
      000A30                       2598 00192$:
                                   2599 ;	../Common/CentralHeating.c:607: lastInputState = inputs;
      000A30 90r00r8D         [24] 2600 	mov	dptr,#_ProcessHeating_inputs_10000_105
      000A33 E0               [24] 2601 	movx	a,@dptr
      000A34 FF               [12] 2602 	mov	r7,a
      000A35 90r00r24         [24] 2603 	mov	dptr,#_lastInputState
      000A38 F0               [24] 2604 	movx	@dptr,a
                                   2605 ;	../Common/CentralHeating.c:609: zones[0] = inputs & INPUT_ZONE1;
      000A39 53 07 10         [24] 2606 	anl	ar7,#0x10
      000A3C 90r00r8E         [24] 2607 	mov	dptr,#_ProcessHeating_zones_10000_105
      000A3F EF               [12] 2608 	mov	a,r7
      000A40 F0               [24] 2609 	movx	@dptr,a
                                   2610 ;	../Common/CentralHeating.c:610: zones[1] = inputs & INPUT_ZONE2;
      000A41 90r00r8D         [24] 2611 	mov	dptr,#_ProcessHeating_inputs_10000_105
      000A44 E0               [24] 2612 	movx	a,@dptr
      000A45 54 20            [12] 2613 	anl	a,#0x20
      000A47 90r00r8F         [24] 2614 	mov	dptr,#(_ProcessHeating_zones_10000_105 + 0x0001)
      000A4A F0               [24] 2615 	movx	@dptr,a
                                   2616 ;	../Common/CentralHeating.c:611: zones[2] = inputs & INPUT_ZONE3;
      000A4B 90r00r8D         [24] 2617 	mov	dptr,#_ProcessHeating_inputs_10000_105
      000A4E E0               [24] 2618 	movx	a,@dptr
      000A4F 54 04            [12] 2619 	anl	a,#0x04
      000A51 90r00r90         [24] 2620 	mov	dptr,#(_ProcessHeating_zones_10000_105 + 0x0002)
      000A54 F0               [24] 2621 	movx	@dptr,a
                                   2622 ;	../Common/CentralHeating.c:612: zones[3] = inputs & INPUT_ZONE4;
      000A55 90r00r8D         [24] 2623 	mov	dptr,#_ProcessHeating_inputs_10000_105
      000A58 E0               [24] 2624 	movx	a,@dptr
      000A59 54 08            [12] 2625 	anl	a,#0x08
      000A5B 90r00r91         [24] 2626 	mov	dptr,#(_ProcessHeating_zones_10000_105 + 0x0003)
      000A5E F0               [24] 2627 	movx	@dptr,a
                                   2628 ;	../Common/CentralHeating.c:613: zones[4] = inputs & INPUT_ZONE5;
      000A5F 90r00r8D         [24] 2629 	mov	dptr,#_ProcessHeating_inputs_10000_105
      000A62 E0               [24] 2630 	movx	a,@dptr
      000A63 54 40            [12] 2631 	anl	a,#0x40
      000A65 90r00r92         [24] 2632 	mov	dptr,#(_ProcessHeating_zones_10000_105 + 0x0004)
      000A68 F0               [24] 2633 	movx	@dptr,a
                                   2634 ;	../Common/CentralHeating.c:615: if (zones[0] || zones[1] || zones[2] || zones[3] || zones[4])
      000A69 90r00r8E         [24] 2635 	mov	dptr,#_ProcessHeating_zones_10000_105
      000A6C E0               [24] 2636 	movx	a,@dptr
      000A6D 70 18            [24] 2637 	jnz	00106$
      000A6F 90r00r8F         [24] 2638 	mov	dptr,#(_ProcessHeating_zones_10000_105 + 0x0001)
      000A72 E0               [24] 2639 	movx	a,@dptr
      000A73 70 12            [24] 2640 	jnz	00106$
      000A75 90r00r90         [24] 2641 	mov	dptr,#(_ProcessHeating_zones_10000_105 + 0x0002)
      000A78 E0               [24] 2642 	movx	a,@dptr
      000A79 70 0C            [24] 2643 	jnz	00106$
      000A7B 90r00r91         [24] 2644 	mov	dptr,#(_ProcessHeating_zones_10000_105 + 0x0003)
      000A7E E0               [24] 2645 	movx	a,@dptr
      000A7F 70 06            [24] 2646 	jnz	00106$
      000A81 90r00r92         [24] 2647 	mov	dptr,#(_ProcessHeating_zones_10000_105 + 0x0004)
      000A84 E0               [24] 2648 	movx	a,@dptr
      000A85 60 0C            [24] 2649 	jz	00107$
      000A87                       2650 00106$:
                                   2651 ;	../Common/CentralHeating.c:617: pump = 1;
      000A87 90r00r93         [24] 2652 	mov	dptr,#_ProcessHeating_pump_10000_105
      000A8A 74 01            [12] 2653 	mov	a,#0x01
      000A8C F0               [24] 2654 	movx	@dptr,a
                                   2655 ;	../Common/CentralHeating.c:618: boiler = 1;
      000A8D 90r00r94         [24] 2656 	mov	dptr,#_ProcessHeating_boiler_10000_105
      000A90 F0               [24] 2657 	movx	@dptr,a
      000A91 80 41            [24] 2658 	sjmp	00108$
      000A93                       2659 00107$:
                                   2660 ;	../Common/CentralHeating.c:622: pump = 0;
      000A93 90r00r93         [24] 2661 	mov	dptr,#_ProcessHeating_pump_10000_105
      000A96 E4               [12] 2662 	clr	a
      000A97 F0               [24] 2663 	movx	@dptr,a
                                   2664 ;	../Common/CentralHeating.c:623: boiler = 0;
      000A98 90r00r94         [24] 2665 	mov	dptr,#_ProcessHeating_boiler_10000_105
      000A9B F0               [24] 2666 	movx	@dptr,a
                                   2667 ;	../Common/CentralHeating.c:626: if (CompareDateTime(&currentDateTime, &provideHotwaterUntil) < 0 ||
      000A9C 90r00r00         [24] 2668 	mov	dptr,#_CompareDateTime_PARM_2
      000A9F 74r2F            [12] 2669 	mov	a,#_provideHotwaterUntil
      000AA1 F0               [24] 2670 	movx	@dptr,a
      000AA2 74s00            [12] 2671 	mov	a,#(_provideHotwaterUntil >> 8)
      000AA4 A3               [24] 2672 	inc	dptr
      000AA5 F0               [24] 2673 	movx	@dptr,a
      000AA6 E4               [12] 2674 	clr	a
      000AA7 A3               [24] 2675 	inc	dptr
      000AA8 F0               [24] 2676 	movx	@dptr,a
      000AA9 90r00r28         [24] 2677 	mov	dptr,#_currentDateTime
      000AAC F5 F0            [12] 2678 	mov	b,a
      000AAE 12r00r00         [24] 2679 	lcall	_CompareDateTime
      000AB1 E5 83            [12] 2680 	mov	a,dph
      000AB3 20 E7 0D         [24] 2681 	jb	acc.7,00101$
                                   2682 ;	../Common/CentralHeating.c:627: currentDateTime.hours == 17 || currentDateTime.hours == 18 )
      000AB6 90r00r2A         [24] 2683 	mov	dptr,#(_currentDateTime + 0x0002)
      000AB9 E0               [24] 2684 	movx	a,@dptr
      000ABA FF               [12] 2685 	mov	r7,a
      000ABB BF 11 02         [24] 2686 	cjne	r7,#0x11,00199$
      000ABE 80 03            [24] 2687 	sjmp	00101$
      000AC0                       2688 00199$:
      000AC0 BF 12 0C         [24] 2689 	cjne	r7,#0x12,00102$
      000AC3                       2690 00101$:
                                   2691 ;	../Common/CentralHeating.c:629: hotWaterNeeded = 1;
      000AC3 90r00r27         [24] 2692 	mov	dptr,#_hotWaterNeeded
      000AC6 74 01            [12] 2693 	mov	a,#0x01
      000AC8 F0               [24] 2694 	movx	@dptr,a
                                   2695 ;	../Common/CentralHeating.c:630: boiler = 1;
      000AC9 90r00r94         [24] 2696 	mov	dptr,#_ProcessHeating_boiler_10000_105
      000ACC F0               [24] 2697 	movx	@dptr,a
      000ACD 80 05            [24] 2698 	sjmp	00108$
      000ACF                       2699 00102$:
                                   2700 ;	../Common/CentralHeating.c:634: hotWaterNeeded = 0;
      000ACF 90r00r27         [24] 2701 	mov	dptr,#_hotWaterNeeded
      000AD2 E4               [12] 2702 	clr	a
      000AD3 F0               [24] 2703 	movx	@dptr,a
      000AD4                       2704 00108$:
                                   2705 ;	../Common/CentralHeating.c:639: output = 0;
      000AD4 90r00r95         [24] 2706 	mov	dptr,#_ProcessHeating_output_10000_105
      000AD7 E4               [12] 2707 	clr	a
      000AD8 F0               [24] 2708 	movx	@dptr,a
                                   2709 ;	../Common/CentralHeating.c:640: if (boiler)
      000AD9 90r00r94         [24] 2710 	mov	dptr,#_ProcessHeating_boiler_10000_105
      000ADC E0               [24] 2711 	movx	a,@dptr
      000ADD 60 06            [24] 2712 	jz	00114$
                                   2713 ;	../Common/CentralHeating.c:642: output |= OUTPUT_BOILER;
      000ADF 90r00r95         [24] 2714 	mov	dptr,#_ProcessHeating_output_10000_105
      000AE2 74 20            [12] 2715 	mov	a,#0x20
      000AE4 F0               [24] 2716 	movx	@dptr,a
      000AE5                       2717 00114$:
                                   2718 ;	../Common/CentralHeating.c:644: if (pump)
      000AE5 90r00r93         [24] 2719 	mov	dptr,#_ProcessHeating_pump_10000_105
      000AE8 E0               [24] 2720 	movx	a,@dptr
      000AE9 60 08            [24] 2721 	jz	00116$
                                   2722 ;	../Common/CentralHeating.c:646: output |= OUTPUT_PUMP;
      000AEB 90r00r95         [24] 2723 	mov	dptr,#_ProcessHeating_output_10000_105
      000AEE E0               [24] 2724 	movx	a,@dptr
      000AEF 43 E0 10         [24] 2725 	orl	acc,#0x10
      000AF2 F0               [24] 2726 	movx	@dptr,a
      000AF3                       2727 00116$:
                                   2728 ;	../Common/CentralHeating.c:649: if (zones[0])
      000AF3 90r00r8E         [24] 2729 	mov	dptr,#_ProcessHeating_zones_10000_105
      000AF6 E0               [24] 2730 	movx	a,@dptr
      000AF7 60 10            [24] 2731 	jz	00118$
                                   2732 ;	../Common/CentralHeating.c:651: output |= OUTPUT_ACTUATOR1;
      000AF9 90r00r95         [24] 2733 	mov	dptr,#_ProcessHeating_output_10000_105
      000AFC E0               [24] 2734 	movx	a,@dptr
      000AFD 43 E0 01         [24] 2735 	orl	acc,#0x01
      000B00 F0               [24] 2736 	movx	@dptr,a
                                   2737 ;	../Common/CentralHeating.c:652: output |= OUTPUT_ACTUATOR2;
      000B01 90r00r95         [24] 2738 	mov	dptr,#_ProcessHeating_output_10000_105
      000B04 E0               [24] 2739 	movx	a,@dptr
      000B05 43 E0 02         [24] 2740 	orl	acc,#0x02
      000B08 F0               [24] 2741 	movx	@dptr,a
      000B09                       2742 00118$:
                                   2743 ;	../Common/CentralHeating.c:654: if (zones[1])
      000B09 90r00r8F         [24] 2744 	mov	dptr,#(_ProcessHeating_zones_10000_105 + 0x0001)
      000B0C E0               [24] 2745 	movx	a,@dptr
      000B0D 60 08            [24] 2746 	jz	00120$
                                   2747 ;	../Common/CentralHeating.c:656: output |= OUTPUT_ACTUATOR3;
      000B0F 90r00r95         [24] 2748 	mov	dptr,#_ProcessHeating_output_10000_105
      000B12 E0               [24] 2749 	movx	a,@dptr
      000B13 43 E0 04         [24] 2750 	orl	acc,#0x04
      000B16 F0               [24] 2751 	movx	@dptr,a
      000B17                       2752 00120$:
                                   2753 ;	../Common/CentralHeating.c:658: if (zones[2])
      000B17 90r00r90         [24] 2754 	mov	dptr,#(_ProcessHeating_zones_10000_105 + 0x0002)
      000B1A E0               [24] 2755 	movx	a,@dptr
      000B1B 60 08            [24] 2756 	jz	00122$
                                   2757 ;	../Common/CentralHeating.c:660: output |= OUTPUT_ACTUATOR4;
      000B1D 90r00r95         [24] 2758 	mov	dptr,#_ProcessHeating_output_10000_105
      000B20 E0               [24] 2759 	movx	a,@dptr
      000B21 43 E0 08         [24] 2760 	orl	acc,#0x08
      000B24 F0               [24] 2761 	movx	@dptr,a
      000B25                       2762 00122$:
                                   2763 ;	../Common/CentralHeating.c:663: pSetOutputPortValues(output);
      000B25 90r00r95         [24] 2764 	mov	dptr,#_ProcessHeating_output_10000_105
      000B28 E0               [24] 2765 	movx	a,@dptr
      000B29 FF               [12] 2766 	mov	r7,a
      000B2A C0 07            [24] 2767 	push	ar7
      000B2C 12r0Br31         [24] 2768 	lcall	00207$
      000B2F 80 0D            [24] 2769 	sjmp	00208$
      000B31                       2770 00207$:
      000B31 90r00r00         [24] 2771 	mov	dptr,#_pSetOutputPortValues
      000B34 E0               [24] 2772 	movx	a,@dptr
      000B35 C0 E0            [24] 2773 	push	acc
      000B37 A3               [24] 2774 	inc	dptr
      000B38 E0               [24] 2775 	movx	a,@dptr
      000B39 C0 E0            [24] 2776 	push	acc
      000B3B 8F 82            [24] 2777 	mov	dpl, r7
      000B3D 22               [24] 2778 	ret
      000B3E                       2779 00208$:
      000B3E D0 07            [24] 2780 	pop	ar7
                                   2781 ;	../Common/CentralHeating.c:664: lastOutputState = output;
      000B40 90r00r25         [24] 2782 	mov	dptr,#_lastOutputState
      000B43 EF               [12] 2783 	mov	a,r7
      000B44 F0               [24] 2784 	movx	@dptr,a
                                   2785 ;	../Common/CentralHeating.c:665: }
      000B45 22               [24] 2786 	ret
                                   2787 ;------------------------------------------------------------
                                   2788 ;Allocation info for local variables in function 'AnimateScreen'
                                   2789 ;------------------------------------------------------------
                                   2790 ;strBuffer     Allocated with name '_AnimateScreen_strBuffer_10000_115'
                                   2791 ;numericValue  Allocated with name '_AnimateScreen_numericValue_10000_115'
                                   2792 ;zones         Allocated with name '_AnimateScreen_zones_10000_115'
                                   2793 ;outputs       Allocated with name '_AnimateScreen_outputs_10000_115'
                                   2794 ;index         Allocated with name '_AnimateScreen_index_10000_115'
                                   2795 ;------------------------------------------------------------
                                   2796 ;	../Common/CentralHeating.c:668: void AnimateScreen()
                                   2797 ;	-----------------------------------------
                                   2798 ;	 function AnimateScreen
                                   2799 ;	-----------------------------------------
      000B46                       2800 _AnimateScreen:
                                   2801 ;	../Common/CentralHeating.c:676: if (animationType == ANIMATE_INPUTS)
      000B46 90r00r26         [24] 2802 	mov	dptr,#_animationType
      000B49 E0               [24] 2803 	movx	a,@dptr
      000B4A FF               [12] 2804 	mov	r7,a
      000B4B 60 03            [24] 2805 	jz	00223$
      000B4D 02r0BrF7         [24] 2806 	ljmp	00127$
      000B50                       2807 00223$:
                                   2808 ;	../Common/CentralHeating.c:678: zones[0] = lastInputState & INPUT_ZONE1;
      000B50 90r00r24         [24] 2809 	mov	dptr,#_lastInputState
      000B53 E0               [24] 2810 	movx	a,@dptr
      000B54 54 10            [12] 2811 	anl	a,#0x10
      000B56 90r00rA3         [24] 2812 	mov	dptr,#_AnimateScreen_zones_10000_115
      000B59 F0               [24] 2813 	movx	@dptr,a
                                   2814 ;	../Common/CentralHeating.c:679: zones[1] = lastInputState & INPUT_ZONE2;
      000B5A 90r00r24         [24] 2815 	mov	dptr,#_lastInputState
      000B5D E0               [24] 2816 	movx	a,@dptr
      000B5E 54 20            [12] 2817 	anl	a,#0x20
      000B60 90r00rA4         [24] 2818 	mov	dptr,#(_AnimateScreen_zones_10000_115 + 0x0001)
      000B63 F0               [24] 2819 	movx	@dptr,a
                                   2820 ;	../Common/CentralHeating.c:680: zones[2] = lastInputState & INPUT_ZONE3;
      000B64 90r00r24         [24] 2821 	mov	dptr,#_lastInputState
      000B67 E0               [24] 2822 	movx	a,@dptr
      000B68 54 04            [12] 2823 	anl	a,#0x04
      000B6A 90r00rA5         [24] 2824 	mov	dptr,#(_AnimateScreen_zones_10000_115 + 0x0002)
      000B6D F0               [24] 2825 	movx	@dptr,a
                                   2826 ;	../Common/CentralHeating.c:681: zones[3] = lastInputState & INPUT_ZONE4;
      000B6E 90r00r24         [24] 2827 	mov	dptr,#_lastInputState
      000B71 E0               [24] 2828 	movx	a,@dptr
      000B72 54 08            [12] 2829 	anl	a,#0x08
      000B74 90r00rA6         [24] 2830 	mov	dptr,#(_AnimateScreen_zones_10000_115 + 0x0003)
      000B77 F0               [24] 2831 	movx	@dptr,a
                                   2832 ;	../Common/CentralHeating.c:682: zones[4] = lastInputState & INPUT_ZONE5;
      000B78 90r00r24         [24] 2833 	mov	dptr,#_lastInputState
      000B7B E0               [24] 2834 	movx	a,@dptr
      000B7C 54 40            [12] 2835 	anl	a,#0x40
      000B7E 90r00rA7         [24] 2836 	mov	dptr,#(_AnimateScreen_zones_10000_115 + 0x0004)
      000B81 F0               [24] 2837 	movx	@dptr,a
                                   2838 ;	../Common/CentralHeating.c:685: strcpy(strBuffer, "Zone ");
      000B82 90r00r00         [24] 2839 	mov	dptr,#_strcpy_PARM_2
      000B85 74r33            [12] 2840 	mov	a,#___str_9
      000B87 F0               [24] 2841 	movx	@dptr,a
      000B88 74s00            [12] 2842 	mov	a,#(___str_9 >> 8)
      000B8A A3               [24] 2843 	inc	dptr
      000B8B F0               [24] 2844 	movx	@dptr,a
      000B8C 74 80            [12] 2845 	mov	a,#0x80
      000B8E A3               [24] 2846 	inc	dptr
      000B8F F0               [24] 2847 	movx	@dptr,a
      000B90 90r00r96         [24] 2848 	mov	dptr,#_AnimateScreen_strBuffer_10000_115
      000B93 75 F0 00         [24] 2849 	mov	b, #0x00
      000B96 12r00r00         [24] 2850 	lcall	_strcpy
                                   2851 ;	../Common/CentralHeating.c:686: for (index = 0; index < 5; ++index)
      000B99 7E 00            [12] 2852 	mov	r6,#0x00
      000B9B                       2853 00131$:
                                   2854 ;	../Common/CentralHeating.c:688: if (zones[index])
      000B9B EE               [12] 2855 	mov	a,r6
      000B9C 24rA3            [12] 2856 	add	a, #_AnimateScreen_zones_10000_115
      000B9E FC               [12] 2857 	mov	r4,a
      000B9F E4               [12] 2858 	clr	a
      000BA0 34s00            [12] 2859 	addc	a, #(_AnimateScreen_zones_10000_115 >> 8)
      000BA2 FD               [12] 2860 	mov	r5,a
      000BA3 8C 82            [24] 2861 	mov	dpl,r4
      000BA5 8D 83            [24] 2862 	mov	dph,r5
      000BA7 E0               [24] 2863 	movx	a,@dptr
      000BA8 60 29            [24] 2864 	jz	00102$
                                   2865 ;	../Common/CentralHeating.c:690: numericValue[0] = '1' + index;
      000BAA 8E 05            [24] 2866 	mov	ar5,r6
      000BAC 74 31            [12] 2867 	mov	a,#0x31
      000BAE 2D               [12] 2868 	add	a, r5
      000BAF 90r00rA1         [24] 2869 	mov	dptr,#_AnimateScreen_numericValue_10000_115
      000BB2 F0               [24] 2870 	movx	@dptr,a
                                   2871 ;	../Common/CentralHeating.c:691: numericValue[1] = 0;
      000BB3 90r00rA2         [24] 2872 	mov	dptr,#(_AnimateScreen_numericValue_10000_115 + 0x0001)
      000BB6 E4               [12] 2873 	clr	a
      000BB7 F0               [24] 2874 	movx	@dptr,a
                                   2875 ;	../Common/CentralHeating.c:692: strcat(strBuffer, numericValue);
      000BB8 90r00r00         [24] 2876 	mov	dptr,#_strcat_PARM_2
      000BBB 74rA1            [12] 2877 	mov	a,#_AnimateScreen_numericValue_10000_115
      000BBD F0               [24] 2878 	movx	@dptr,a
      000BBE 74s00            [12] 2879 	mov	a,#(_AnimateScreen_numericValue_10000_115 >> 8)
      000BC0 A3               [24] 2880 	inc	dptr
      000BC1 F0               [24] 2881 	movx	@dptr,a
      000BC2 E4               [12] 2882 	clr	a
      000BC3 A3               [24] 2883 	inc	dptr
      000BC4 F0               [24] 2884 	movx	@dptr,a
      000BC5 90r00r96         [24] 2885 	mov	dptr,#_AnimateScreen_strBuffer_10000_115
      000BC8 F5 F0            [12] 2886 	mov	b,a
      000BCA C0 06            [24] 2887 	push	ar6
      000BCC 12r00r00         [24] 2888 	lcall	_strcat
      000BCF D0 06            [24] 2889 	pop	ar6
      000BD1 80 1B            [24] 2890 	sjmp	00132$
      000BD3                       2891 00102$:
                                   2892 ;	../Common/CentralHeating.c:696: strcat(strBuffer, "_");
      000BD3 90r00r00         [24] 2893 	mov	dptr,#_strcat_PARM_2
      000BD6 74r39            [12] 2894 	mov	a,#___str_10
      000BD8 F0               [24] 2895 	movx	@dptr,a
      000BD9 74s00            [12] 2896 	mov	a,#(___str_10 >> 8)
      000BDB A3               [24] 2897 	inc	dptr
      000BDC F0               [24] 2898 	movx	@dptr,a
      000BDD 74 80            [12] 2899 	mov	a,#0x80
      000BDF A3               [24] 2900 	inc	dptr
      000BE0 F0               [24] 2901 	movx	@dptr,a
      000BE1 90r00r96         [24] 2902 	mov	dptr,#_AnimateScreen_strBuffer_10000_115
      000BE4 75 F0 00         [24] 2903 	mov	b, #0x00
      000BE7 C0 06            [24] 2904 	push	ar6
      000BE9 12r00r00         [24] 2905 	lcall	_strcat
      000BEC D0 06            [24] 2906 	pop	ar6
      000BEE                       2907 00132$:
                                   2908 ;	../Common/CentralHeating.c:686: for (index = 0; index < 5; ++index)
      000BEE 0E               [12] 2909 	inc	r6
      000BEF BE 05 00         [24] 2910 	cjne	r6,#0x05,00225$
      000BF2                       2911 00225$:
      000BF2 40 A7            [24] 2912 	jc	00131$
      000BF4 02r0Dr76         [24] 2913 	ljmp	00128$
      000BF7                       2914 00127$:
                                   2915 ;	../Common/CentralHeating.c:700: else if (animationType == ANIMATE_OUTPUTS)
      000BF7 BF 01 02         [24] 2916 	cjne	r7,#0x01,00227$
      000BFA 80 03            [24] 2917 	sjmp	00228$
      000BFC                       2918 00227$:
      000BFC 02r0Dr0A         [24] 2919 	ljmp	00124$
      000BFF                       2920 00228$:
                                   2921 ;	../Common/CentralHeating.c:702: outputs[0] = lastOutputState & OUTPUT_ACTUATOR1;
      000BFF 90r00r25         [24] 2922 	mov	dptr,#_lastOutputState
      000C02 E0               [24] 2923 	movx	a,@dptr
      000C03 54 01            [12] 2924 	anl	a,#0x01
      000C05 90r00rA8         [24] 2925 	mov	dptr,#_AnimateScreen_outputs_10000_115
      000C08 F0               [24] 2926 	movx	@dptr,a
                                   2927 ;	../Common/CentralHeating.c:703: outputs[1] = lastOutputState & OUTPUT_ACTUATOR2;
      000C09 90r00r25         [24] 2928 	mov	dptr,#_lastOutputState
      000C0C E0               [24] 2929 	movx	a,@dptr
      000C0D 54 02            [12] 2930 	anl	a,#0x02
      000C0F 90r00rA9         [24] 2931 	mov	dptr,#(_AnimateScreen_outputs_10000_115 + 0x0001)
      000C12 F0               [24] 2932 	movx	@dptr,a
                                   2933 ;	../Common/CentralHeating.c:704: outputs[2] = lastOutputState & OUTPUT_ACTUATOR3;
      000C13 90r00r25         [24] 2934 	mov	dptr,#_lastOutputState
      000C16 E0               [24] 2935 	movx	a,@dptr
      000C17 54 04            [12] 2936 	anl	a,#0x04
      000C19 90r00rAA         [24] 2937 	mov	dptr,#(_AnimateScreen_outputs_10000_115 + 0x0002)
      000C1C F0               [24] 2938 	movx	@dptr,a
                                   2939 ;	../Common/CentralHeating.c:705: outputs[3] = lastOutputState & OUTPUT_ACTUATOR4;
      000C1D 90r00r25         [24] 2940 	mov	dptr,#_lastOutputState
      000C20 E0               [24] 2941 	movx	a,@dptr
      000C21 54 08            [12] 2942 	anl	a,#0x08
      000C23 90r00rAB         [24] 2943 	mov	dptr,#(_AnimateScreen_outputs_10000_115 + 0x0003)
      000C26 F0               [24] 2944 	movx	@dptr,a
                                   2945 ;	../Common/CentralHeating.c:707: strcpy(strBuffer, "Out ");
      000C27 90r00r00         [24] 2946 	mov	dptr,#_strcpy_PARM_2
      000C2A 74r3B            [12] 2947 	mov	a,#___str_11
      000C2C F0               [24] 2948 	movx	@dptr,a
      000C2D 74s00            [12] 2949 	mov	a,#(___str_11 >> 8)
      000C2F A3               [24] 2950 	inc	dptr
      000C30 F0               [24] 2951 	movx	@dptr,a
      000C31 74 80            [12] 2952 	mov	a,#0x80
      000C33 A3               [24] 2953 	inc	dptr
      000C34 F0               [24] 2954 	movx	@dptr,a
      000C35 90r00r96         [24] 2955 	mov	dptr,#_AnimateScreen_strBuffer_10000_115
      000C38 75 F0 00         [24] 2956 	mov	b, #0x00
      000C3B 12r00r00         [24] 2957 	lcall	_strcpy
                                   2958 ;	../Common/CentralHeating.c:708: for (index = 0; index < 4; ++index)
      000C3E 7E 00            [12] 2959 	mov	r6,#0x00
      000C40                       2960 00133$:
                                   2961 ;	../Common/CentralHeating.c:710: if (outputs[index])
      000C40 EE               [12] 2962 	mov	a,r6
      000C41 24rA8            [12] 2963 	add	a, #_AnimateScreen_outputs_10000_115
      000C43 FC               [12] 2964 	mov	r4,a
      000C44 E4               [12] 2965 	clr	a
      000C45 34s00            [12] 2966 	addc	a, #(_AnimateScreen_outputs_10000_115 >> 8)
      000C47 FD               [12] 2967 	mov	r5,a
      000C48 8C 82            [24] 2968 	mov	dpl,r4
      000C4A 8D 83            [24] 2969 	mov	dph,r5
      000C4C E0               [24] 2970 	movx	a,@dptr
      000C4D 60 29            [24] 2971 	jz	00106$
                                   2972 ;	../Common/CentralHeating.c:712: numericValue[0] = '1' + index;
      000C4F 8E 05            [24] 2973 	mov	ar5,r6
      000C51 74 31            [12] 2974 	mov	a,#0x31
      000C53 2D               [12] 2975 	add	a, r5
      000C54 90r00rA1         [24] 2976 	mov	dptr,#_AnimateScreen_numericValue_10000_115
      000C57 F0               [24] 2977 	movx	@dptr,a
                                   2978 ;	../Common/CentralHeating.c:713: numericValue[1] = 0;
      000C58 90r00rA2         [24] 2979 	mov	dptr,#(_AnimateScreen_numericValue_10000_115 + 0x0001)
      000C5B E4               [12] 2980 	clr	a
      000C5C F0               [24] 2981 	movx	@dptr,a
                                   2982 ;	../Common/CentralHeating.c:714: strcat(strBuffer, numericValue);
      000C5D 90r00r00         [24] 2983 	mov	dptr,#_strcat_PARM_2
      000C60 74rA1            [12] 2984 	mov	a,#_AnimateScreen_numericValue_10000_115
      000C62 F0               [24] 2985 	movx	@dptr,a
      000C63 74s00            [12] 2986 	mov	a,#(_AnimateScreen_numericValue_10000_115 >> 8)
      000C65 A3               [24] 2987 	inc	dptr
      000C66 F0               [24] 2988 	movx	@dptr,a
      000C67 E4               [12] 2989 	clr	a
      000C68 A3               [24] 2990 	inc	dptr
      000C69 F0               [24] 2991 	movx	@dptr,a
      000C6A 90r00r96         [24] 2992 	mov	dptr,#_AnimateScreen_strBuffer_10000_115
      000C6D F5 F0            [12] 2993 	mov	b,a
      000C6F C0 06            [24] 2994 	push	ar6
      000C71 12r00r00         [24] 2995 	lcall	_strcat
      000C74 D0 06            [24] 2996 	pop	ar6
      000C76 80 1B            [24] 2997 	sjmp	00134$
      000C78                       2998 00106$:
                                   2999 ;	../Common/CentralHeating.c:718: strcat(strBuffer, "_");
      000C78 90r00r00         [24] 3000 	mov	dptr,#_strcat_PARM_2
      000C7B 74r39            [12] 3001 	mov	a,#___str_10
      000C7D F0               [24] 3002 	movx	@dptr,a
      000C7E 74s00            [12] 3003 	mov	a,#(___str_10 >> 8)
      000C80 A3               [24] 3004 	inc	dptr
      000C81 F0               [24] 3005 	movx	@dptr,a
      000C82 74 80            [12] 3006 	mov	a,#0x80
      000C84 A3               [24] 3007 	inc	dptr
      000C85 F0               [24] 3008 	movx	@dptr,a
      000C86 90r00r96         [24] 3009 	mov	dptr,#_AnimateScreen_strBuffer_10000_115
      000C89 75 F0 00         [24] 3010 	mov	b, #0x00
      000C8C C0 06            [24] 3011 	push	ar6
      000C8E 12r00r00         [24] 3012 	lcall	_strcat
      000C91 D0 06            [24] 3013 	pop	ar6
      000C93                       3014 00134$:
                                   3015 ;	../Common/CentralHeating.c:708: for (index = 0; index < 4; ++index)
      000C93 0E               [12] 3016 	inc	r6
      000C94 BE 04 00         [24] 3017 	cjne	r6,#0x04,00230$
      000C97                       3018 00230$:
      000C97 40 A7            [24] 3019 	jc	00133$
                                   3020 ;	../Common/CentralHeating.c:722: if (lastOutputState & OUTPUT_PUMP)
      000C99 90r00r25         [24] 3021 	mov	dptr,#_lastOutputState
      000C9C E0               [24] 3022 	movx	a,@dptr
      000C9D 30 E4 19         [24] 3023 	jnb	acc.4,00110$
                                   3024 ;	../Common/CentralHeating.c:724: strcat(strBuffer, "P");
      000CA0 90r00r00         [24] 3025 	mov	dptr,#_strcat_PARM_2
      000CA3 74r40            [12] 3026 	mov	a,#___str_12
      000CA5 F0               [24] 3027 	movx	@dptr,a
      000CA6 74s00            [12] 3028 	mov	a,#(___str_12 >> 8)
      000CA8 A3               [24] 3029 	inc	dptr
      000CA9 F0               [24] 3030 	movx	@dptr,a
      000CAA 74 80            [12] 3031 	mov	a,#0x80
      000CAC A3               [24] 3032 	inc	dptr
      000CAD F0               [24] 3033 	movx	@dptr,a
      000CAE 90r00r96         [24] 3034 	mov	dptr,#_AnimateScreen_strBuffer_10000_115
      000CB1 75 F0 00         [24] 3035 	mov	b, #0x00
      000CB4 12r00r00         [24] 3036 	lcall	_strcat
      000CB7 80 17            [24] 3037 	sjmp	00111$
      000CB9                       3038 00110$:
                                   3039 ;	../Common/CentralHeating.c:728: strcat(strBuffer, "_");
      000CB9 90r00r00         [24] 3040 	mov	dptr,#_strcat_PARM_2
      000CBC 74r39            [12] 3041 	mov	a,#___str_10
      000CBE F0               [24] 3042 	movx	@dptr,a
      000CBF 74s00            [12] 3043 	mov	a,#(___str_10 >> 8)
      000CC1 A3               [24] 3044 	inc	dptr
      000CC2 F0               [24] 3045 	movx	@dptr,a
      000CC3 74 80            [12] 3046 	mov	a,#0x80
      000CC5 A3               [24] 3047 	inc	dptr
      000CC6 F0               [24] 3048 	movx	@dptr,a
      000CC7 90r00r96         [24] 3049 	mov	dptr,#_AnimateScreen_strBuffer_10000_115
      000CCA 75 F0 00         [24] 3050 	mov	b, #0x00
      000CCD 12r00r00         [24] 3051 	lcall	_strcat
      000CD0                       3052 00111$:
                                   3053 ;	../Common/CentralHeating.c:731: if (lastOutputState & OUTPUT_BOILER)
      000CD0 90r00r25         [24] 3054 	mov	dptr,#_lastOutputState
      000CD3 E0               [24] 3055 	movx	a,@dptr
      000CD4 30 E5 1A         [24] 3056 	jnb	acc.5,00113$
                                   3057 ;	../Common/CentralHeating.c:733: strcat(strBuffer, "B");
      000CD7 90r00r00         [24] 3058 	mov	dptr,#_strcat_PARM_2
      000CDA 74r42            [12] 3059 	mov	a,#___str_13
      000CDC F0               [24] 3060 	movx	@dptr,a
      000CDD 74s00            [12] 3061 	mov	a,#(___str_13 >> 8)
      000CDF A3               [24] 3062 	inc	dptr
      000CE0 F0               [24] 3063 	movx	@dptr,a
      000CE1 74 80            [12] 3064 	mov	a,#0x80
      000CE3 A3               [24] 3065 	inc	dptr
      000CE4 F0               [24] 3066 	movx	@dptr,a
      000CE5 90r00r96         [24] 3067 	mov	dptr,#_AnimateScreen_strBuffer_10000_115
      000CE8 75 F0 00         [24] 3068 	mov	b, #0x00
      000CEB 12r00r00         [24] 3069 	lcall	_strcat
      000CEE 02r0Dr76         [24] 3070 	ljmp	00128$
      000CF1                       3071 00113$:
                                   3072 ;	../Common/CentralHeating.c:737: strcat(strBuffer, "_");
      000CF1 90r00r00         [24] 3073 	mov	dptr,#_strcat_PARM_2
      000CF4 74r39            [12] 3074 	mov	a,#___str_10
      000CF6 F0               [24] 3075 	movx	@dptr,a
      000CF7 74s00            [12] 3076 	mov	a,#(___str_10 >> 8)
      000CF9 A3               [24] 3077 	inc	dptr
      000CFA F0               [24] 3078 	movx	@dptr,a
      000CFB 74 80            [12] 3079 	mov	a,#0x80
      000CFD A3               [24] 3080 	inc	dptr
      000CFE F0               [24] 3081 	movx	@dptr,a
      000CFF 90r00r96         [24] 3082 	mov	dptr,#_AnimateScreen_strBuffer_10000_115
      000D02 75 F0 00         [24] 3083 	mov	b, #0x00
      000D05 12r00r00         [24] 3084 	lcall	_strcat
      000D08 80 6C            [24] 3085 	sjmp	00128$
      000D0A                       3086 00124$:
                                   3087 ;	../Common/CentralHeating.c:740: else if (animationType == ANIMATE_HW)
      000D0A BF 02 4F         [24] 3088 	cjne	r7,#0x02,00121$
                                   3089 ;	../Common/CentralHeating.c:742: strcpy(strBuffer, "HW ");
      000D0D 90r00r00         [24] 3090 	mov	dptr,#_strcpy_PARM_2
      000D10 74r44            [12] 3091 	mov	a,#___str_14
      000D12 F0               [24] 3092 	movx	@dptr,a
      000D13 74s00            [12] 3093 	mov	a,#(___str_14 >> 8)
      000D15 A3               [24] 3094 	inc	dptr
      000D16 F0               [24] 3095 	movx	@dptr,a
      000D17 74 80            [12] 3096 	mov	a,#0x80
      000D19 A3               [24] 3097 	inc	dptr
      000D1A F0               [24] 3098 	movx	@dptr,a
      000D1B 90r00r96         [24] 3099 	mov	dptr,#_AnimateScreen_strBuffer_10000_115
      000D1E 75 F0 00         [24] 3100 	mov	b, #0x00
      000D21 12r00r00         [24] 3101 	lcall	_strcpy
                                   3102 ;	../Common/CentralHeating.c:743: if (hotWaterNeeded)
      000D24 90r00r27         [24] 3103 	mov	dptr,#_hotWaterNeeded
      000D27 E0               [24] 3104 	movx	a,@dptr
      000D28 60 19            [24] 3105 	jz	00116$
                                   3106 ;	../Common/CentralHeating.c:745: strcat(strBuffer, "On");
      000D2A 90r00r00         [24] 3107 	mov	dptr,#_strcat_PARM_2
      000D2D 74r48            [12] 3108 	mov	a,#___str_15
      000D2F F0               [24] 3109 	movx	@dptr,a
      000D30 74s00            [12] 3110 	mov	a,#(___str_15 >> 8)
      000D32 A3               [24] 3111 	inc	dptr
      000D33 F0               [24] 3112 	movx	@dptr,a
      000D34 74 80            [12] 3113 	mov	a,#0x80
      000D36 A3               [24] 3114 	inc	dptr
      000D37 F0               [24] 3115 	movx	@dptr,a
      000D38 90r00r96         [24] 3116 	mov	dptr,#_AnimateScreen_strBuffer_10000_115
      000D3B 75 F0 00         [24] 3117 	mov	b, #0x00
      000D3E 12r00r00         [24] 3118 	lcall	_strcat
      000D41 80 33            [24] 3119 	sjmp	00128$
      000D43                       3120 00116$:
                                   3121 ;	../Common/CentralHeating.c:749: strcat(strBuffer, "Off");
      000D43 90r00r00         [24] 3122 	mov	dptr,#_strcat_PARM_2
      000D46 74r01            [12] 3123 	mov	a,#___str_1
      000D48 F0               [24] 3124 	movx	@dptr,a
      000D49 74s00            [12] 3125 	mov	a,#(___str_1 >> 8)
      000D4B A3               [24] 3126 	inc	dptr
      000D4C F0               [24] 3127 	movx	@dptr,a
      000D4D 74 80            [12] 3128 	mov	a,#0x80
      000D4F A3               [24] 3129 	inc	dptr
      000D50 F0               [24] 3130 	movx	@dptr,a
      000D51 90r00r96         [24] 3131 	mov	dptr,#_AnimateScreen_strBuffer_10000_115
      000D54 75 F0 00         [24] 3132 	mov	b, #0x00
      000D57 12r00r00         [24] 3133 	lcall	_strcat
      000D5A 80 1A            [24] 3134 	sjmp	00128$
      000D5C                       3135 00121$:
                                   3136 ;	../Common/CentralHeating.c:752: else if (animationType == ANIMATE_VERSION)
      000D5C BF 03 17         [24] 3137 	cjne	r7,#0x03,00128$
                                   3138 ;	../Common/CentralHeating.c:754: strcpy(strBuffer, COMPILED_AT);
      000D5F 90r00r00         [24] 3139 	mov	dptr,#_strcpy_PARM_2
      000D62 74r4B            [12] 3140 	mov	a,#___str_16
      000D64 F0               [24] 3141 	movx	@dptr,a
      000D65 74s00            [12] 3142 	mov	a,#(___str_16 >> 8)
      000D67 A3               [24] 3143 	inc	dptr
      000D68 F0               [24] 3144 	movx	@dptr,a
      000D69 74 80            [12] 3145 	mov	a,#0x80
      000D6B A3               [24] 3146 	inc	dptr
      000D6C F0               [24] 3147 	movx	@dptr,a
      000D6D 90r00r96         [24] 3148 	mov	dptr,#_AnimateScreen_strBuffer_10000_115
      000D70 75 F0 00         [24] 3149 	mov	b, #0x00
      000D73 12r00r00         [24] 3150 	lcall	_strcpy
      000D76                       3151 00128$:
                                   3152 ;	../Common/CentralHeating.c:757: PartialWriteToScreen(0, 10, strBuffer);
      000D76 90r00r4B         [24] 3153 	mov	dptr,#_PartialWriteToScreen_PARM_2
      000D79 74 0A            [12] 3154 	mov	a,#0x0a
      000D7B F0               [24] 3155 	movx	@dptr,a
      000D7C E4               [12] 3156 	clr	a
      000D7D A3               [24] 3157 	inc	dptr
      000D7E F0               [24] 3158 	movx	@dptr,a
      000D7F 90r00r4D         [24] 3159 	mov	dptr,#_PartialWriteToScreen_PARM_3
      000D82 74r96            [12] 3160 	mov	a,#_AnimateScreen_strBuffer_10000_115
      000D84 F0               [24] 3161 	movx	@dptr,a
      000D85 74s00            [12] 3162 	mov	a,#(_AnimateScreen_strBuffer_10000_115 >> 8)
      000D87 A3               [24] 3163 	inc	dptr
      000D88 F0               [24] 3164 	movx	@dptr,a
      000D89 E4               [12] 3165 	clr	a
      000D8A A3               [24] 3166 	inc	dptr
      000D8B F0               [24] 3167 	movx	@dptr,a
      000D8C 90 00 00         [24] 3168 	mov	dptr,#0x0000
      000D8F 12r02r75         [24] 3169 	lcall	_PartialWriteToScreen
                                   3170 ;	../Common/CentralHeating.c:758: animationType++;
      000D92 90r00r26         [24] 3171 	mov	dptr,#_animationType
      000D95 E0               [24] 3172 	movx	a,@dptr
      000D96 24 01            [12] 3173 	add	a, #0x01
      000D98 F0               [24] 3174 	movx	@dptr,a
                                   3175 ;	../Common/CentralHeating.c:759: if (animationType > ANIMATE_VERSION)
      000D99 E0               [24] 3176 	movx	a,@dptr
      000D9A 24 FC            [12] 3177 	add	a,#0xff - 0x03
      000D9C 50 05            [24] 3178 	jnc	00135$
                                   3179 ;	../Common/CentralHeating.c:761: animationType = ANIMATE_INPUTS;
      000D9E 90r00r26         [24] 3180 	mov	dptr,#_animationType
      000DA1 E4               [12] 3181 	clr	a
      000DA2 F0               [24] 3182 	movx	@dptr,a
      000DA3                       3183 00135$:
                                   3184 ;	../Common/CentralHeating.c:763: }
      000DA3 22               [24] 3185 	ret
                                   3186 	.area CSEG    (CODE)
                                   3187 	.area CONST   (CODE)
                                   3188 	.area CONST   (CODE)
      000000                       3189 ___str_0:
      000000 00                    3190 	.db 0x00
                                   3191 	.area CSEG    (CODE)
                                   3192 	.area CONST   (CODE)
      000001                       3193 ___str_1:
      000001 4F 66 66              3194 	.ascii "Off"
      000004 00                    3195 	.db 0x00
                                   3196 	.area CSEG    (CODE)
                                   3197 	.area CONST   (CODE)
      000005                       3198 ___str_2:
      000005 42 6F 69 6C 65 72     3199 	.ascii "Boiler"
      00000B 00                    3200 	.db 0x00
                                   3201 	.area CSEG    (CODE)
                                   3202 	.area CONST   (CODE)
      00000C                       3203 ___str_3:
      00000C 50 75 6D 70           3204 	.ascii "Pump"
      000010 00                    3205 	.db 0x00
                                   3206 	.area CSEG    (CODE)
                                   3207 	.area CONST   (CODE)
      000011                       3208 ___str_4:
      000011 5A 6F 6E 65 20 31     3209 	.ascii "Zone 1"
      000017 00                    3210 	.db 0x00
                                   3211 	.area CSEG    (CODE)
                                   3212 	.area CONST   (CODE)
      000018                       3213 ___str_5:
      000018 5A 6F 6E 65 20 32     3214 	.ascii "Zone 2"
      00001E 00                    3215 	.db 0x00
                                   3216 	.area CSEG    (CODE)
                                   3217 	.area CONST   (CODE)
      00001F                       3218 ___str_6:
      00001F 5A 6F 6E 65 20 33     3219 	.ascii "Zone 3"
      000025 00                    3220 	.db 0x00
                                   3221 	.area CSEG    (CODE)
                                   3222 	.area CONST   (CODE)
      000026                       3223 ___str_7:
      000026 5A 6F 6E 65 20 34     3224 	.ascii "Zone 4"
      00002C 00                    3225 	.db 0x00
                                   3226 	.area CSEG    (CODE)
                                   3227 	.area CONST   (CODE)
      00002D                       3228 ___str_8:
      00002D 52 65 73 65 74        3229 	.ascii "Reset"
      000032 00                    3230 	.db 0x00
                                   3231 	.area CSEG    (CODE)
                                   3232 	.area CONST   (CODE)
      000033                       3233 ___str_9:
      000033 5A 6F 6E 65 20        3234 	.ascii "Zone "
      000038 00                    3235 	.db 0x00
                                   3236 	.area CSEG    (CODE)
                                   3237 	.area CONST   (CODE)
      000039                       3238 ___str_10:
      000039 5F                    3239 	.ascii "_"
      00003A 00                    3240 	.db 0x00
                                   3241 	.area CSEG    (CODE)
                                   3242 	.area CONST   (CODE)
      00003B                       3243 ___str_11:
      00003B 4F 75 74 20           3244 	.ascii "Out "
      00003F 00                    3245 	.db 0x00
                                   3246 	.area CSEG    (CODE)
                                   3247 	.area CONST   (CODE)
      000040                       3248 ___str_12:
      000040 50                    3249 	.ascii "P"
      000041 00                    3250 	.db 0x00
                                   3251 	.area CSEG    (CODE)
                                   3252 	.area CONST   (CODE)
      000042                       3253 ___str_13:
      000042 42                    3254 	.ascii "B"
      000043 00                    3255 	.db 0x00
                                   3256 	.area CSEG    (CODE)
                                   3257 	.area CONST   (CODE)
      000044                       3258 ___str_14:
      000044 48 57 20              3259 	.ascii "HW "
      000047 00                    3260 	.db 0x00
                                   3261 	.area CSEG    (CODE)
                                   3262 	.area CONST   (CODE)
      000048                       3263 ___str_15:
      000048 4F 6E                 3264 	.ascii "On"
      00004A 00                    3265 	.db 0x00
                                   3266 	.area CSEG    (CODE)
                                   3267 	.area CONST   (CODE)
      00004B                       3268 ___str_16:
      00004B 32 30 32 30 30 37 31  3269 	.ascii "20200718"
             38
      000053 00                    3270 	.db 0x00
                                   3271 	.area CSEG    (CODE)
                                   3272 	.area XINIT   (CODE)
                                   3273 	.area CABS    (ABS,CODE)
