                                      1 ;--------------------------------------------------------
                                      2 ; File Created by SDCC : free open source ISO C Compiler
                                      3 ; Version 4.5.0 #15242 (MINGW64)
                                      4 ;--------------------------------------------------------
                                      5 	.module DateTime
                                      6 	
                                      7 	.optsdcc -mmcs51 --model-large
                                      8 ;--------------------------------------------------------
                                      9 ; Public variables in this module
                                     10 ;--------------------------------------------------------
                                     11 	.globl _P5_7
                                     12 	.globl _P5_6
                                     13 	.globl _P5_5
                                     14 	.globl _P5_4
                                     15 	.globl _P5_3
                                     16 	.globl _P5_2
                                     17 	.globl _P5_1
                                     18 	.globl _P5_0
                                     19 	.globl _P4_7
                                     20 	.globl _P4_6
                                     21 	.globl _P4_5
                                     22 	.globl _P4_4
                                     23 	.globl _P4_3
                                     24 	.globl _P4_2
                                     25 	.globl _P4_1
                                     26 	.globl _P4_0
                                     27 	.globl _PX0L
                                     28 	.globl _PT0L
                                     29 	.globl _PX1L
                                     30 	.globl _PT1L
                                     31 	.globl _PSL
                                     32 	.globl _PT2L
                                     33 	.globl _PPCL
                                     34 	.globl _EC
                                     35 	.globl _CCF0
                                     36 	.globl _CCF1
                                     37 	.globl _CCF2
                                     38 	.globl _CCF3
                                     39 	.globl _CCF4
                                     40 	.globl _CR
                                     41 	.globl _CF
                                     42 	.globl _TF2
                                     43 	.globl _EXF2
                                     44 	.globl _RCLK
                                     45 	.globl _TCLK
                                     46 	.globl _EXEN2
                                     47 	.globl _TR2
                                     48 	.globl _C_T2
                                     49 	.globl _CP_RL2
                                     50 	.globl _T2CON_7
                                     51 	.globl _T2CON_6
                                     52 	.globl _T2CON_5
                                     53 	.globl _T2CON_4
                                     54 	.globl _T2CON_3
                                     55 	.globl _T2CON_2
                                     56 	.globl _T2CON_1
                                     57 	.globl _T2CON_0
                                     58 	.globl _PT2
                                     59 	.globl _ET2
                                     60 	.globl _CY
                                     61 	.globl _AC
                                     62 	.globl _F0
                                     63 	.globl _RS1
                                     64 	.globl _RS0
                                     65 	.globl _OV
                                     66 	.globl _F1
                                     67 	.globl _P
                                     68 	.globl _PS
                                     69 	.globl _PT1
                                     70 	.globl _PX1
                                     71 	.globl _PT0
                                     72 	.globl _PX0
                                     73 	.globl _RD
                                     74 	.globl _WR
                                     75 	.globl _T1
                                     76 	.globl _T0
                                     77 	.globl _INT1
                                     78 	.globl _INT0
                                     79 	.globl _TXD
                                     80 	.globl _RXD
                                     81 	.globl _P3_7
                                     82 	.globl _P3_6
                                     83 	.globl _P3_5
                                     84 	.globl _P3_4
                                     85 	.globl _P3_3
                                     86 	.globl _P3_2
                                     87 	.globl _P3_1
                                     88 	.globl _P3_0
                                     89 	.globl _EA
                                     90 	.globl _ES
                                     91 	.globl _ET1
                                     92 	.globl _EX1
                                     93 	.globl _ET0
                                     94 	.globl _EX0
                                     95 	.globl _P2_7
                                     96 	.globl _P2_6
                                     97 	.globl _P2_5
                                     98 	.globl _P2_4
                                     99 	.globl _P2_3
                                    100 	.globl _P2_2
                                    101 	.globl _P2_1
                                    102 	.globl _P2_0
                                    103 	.globl _SM0
                                    104 	.globl _SM1
                                    105 	.globl _SM2
                                    106 	.globl _REN
                                    107 	.globl _TB8
                                    108 	.globl _RB8
                                    109 	.globl _TI
                                    110 	.globl _RI
                                    111 	.globl _P1_7
                                    112 	.globl _P1_6
                                    113 	.globl _P1_5
                                    114 	.globl _P1_4
                                    115 	.globl _P1_3
                                    116 	.globl _P1_2
                                    117 	.globl _P1_1
                                    118 	.globl _P1_0
                                    119 	.globl _TF1
                                    120 	.globl _TR1
                                    121 	.globl _TF0
                                    122 	.globl _TR0
                                    123 	.globl _IE1
                                    124 	.globl _IT1
                                    125 	.globl _IE0
                                    126 	.globl _IT0
                                    127 	.globl _P0_7
                                    128 	.globl _P0_6
                                    129 	.globl _P0_5
                                    130 	.globl _P0_4
                                    131 	.globl _P0_3
                                    132 	.globl _P0_2
                                    133 	.globl _P0_1
                                    134 	.globl _P0_0
                                    135 	.globl _EECON
                                    136 	.globl _KBF
                                    137 	.globl _KBE
                                    138 	.globl _KBLS
                                    139 	.globl _BRL
                                    140 	.globl _BDRCON
                                    141 	.globl _T2MOD
                                    142 	.globl _SPDAT
                                    143 	.globl _SPSTA
                                    144 	.globl _SPCON
                                    145 	.globl _SADEN
                                    146 	.globl _SADDR
                                    147 	.globl _WDTPRG
                                    148 	.globl _WDTRST
                                    149 	.globl _P5
                                    150 	.globl _P4
                                    151 	.globl _IPH1
                                    152 	.globl _IPL1
                                    153 	.globl _IPH0
                                    154 	.globl _IPL0
                                    155 	.globl _IEN1
                                    156 	.globl _IEN0
                                    157 	.globl _CMOD
                                    158 	.globl _CL
                                    159 	.globl _CH
                                    160 	.globl _CCON
                                    161 	.globl _CCAPM4
                                    162 	.globl _CCAPM3
                                    163 	.globl _CCAPM2
                                    164 	.globl _CCAPM1
                                    165 	.globl _CCAPM0
                                    166 	.globl _CCAP4L
                                    167 	.globl _CCAP3L
                                    168 	.globl _CCAP2L
                                    169 	.globl _CCAP1L
                                    170 	.globl _CCAP0L
                                    171 	.globl _CCAP4H
                                    172 	.globl _CCAP3H
                                    173 	.globl _CCAP2H
                                    174 	.globl _CCAP1H
                                    175 	.globl _CCAP0H
                                    176 	.globl _CKCON1
                                    177 	.globl _CKCON0
                                    178 	.globl _CKRL
                                    179 	.globl _AUXR1
                                    180 	.globl _AUXR
                                    181 	.globl _TH2
                                    182 	.globl _TL2
                                    183 	.globl _RCAP2H
                                    184 	.globl _RCAP2L
                                    185 	.globl _T2CON
                                    186 	.globl _B
                                    187 	.globl _ACC
                                    188 	.globl _PSW
                                    189 	.globl _IP
                                    190 	.globl _P3
                                    191 	.globl _IE
                                    192 	.globl _P2
                                    193 	.globl _SBUF
                                    194 	.globl _SCON
                                    195 	.globl _P1
                                    196 	.globl _TH1
                                    197 	.globl _TH0
                                    198 	.globl _TL1
                                    199 	.globl _TL0
                                    200 	.globl _TMOD
                                    201 	.globl _TCON
                                    202 	.globl _PCON
                                    203 	.globl _DPH
                                    204 	.globl _DPL
                                    205 	.globl _SP
                                    206 	.globl _P0
                                    207 	.globl _CompareDateTime_PARM_2
                                    208 	.globl _AddSecondsToDateTime_PARM_3
                                    209 	.globl _AddSecondsToDateTime_PARM_2
                                    210 	.globl _FormatDate_PARM_2
                                    211 	.globl _FormatTime_PARM_3
                                    212 	.globl _FormatTime_PARM_2
                                    213 	.globl _GetNumDaysInMonth
                                    214 	.globl _FormatTime
                                    215 	.globl _FormatDate
                                    216 	.globl _AddSecondsToDateTime
                                    217 	.globl _CompareDateTime
                                    218 ;--------------------------------------------------------
                                    219 ; special function registers
                                    220 ;--------------------------------------------------------
                                    221 	.area RSEG    (ABS,DATA)
      000000                        222 	.org 0x0000
                           000080   223 _P0	=	0x0080
                           000081   224 _SP	=	0x0081
                           000082   225 _DPL	=	0x0082
                           000083   226 _DPH	=	0x0083
                           000087   227 _PCON	=	0x0087
                           000088   228 _TCON	=	0x0088
                           000089   229 _TMOD	=	0x0089
                           00008A   230 _TL0	=	0x008a
                           00008B   231 _TL1	=	0x008b
                           00008C   232 _TH0	=	0x008c
                           00008D   233 _TH1	=	0x008d
                           000090   234 _P1	=	0x0090
                           000098   235 _SCON	=	0x0098
                           000099   236 _SBUF	=	0x0099
                           0000A0   237 _P2	=	0x00a0
                           0000A8   238 _IE	=	0x00a8
                           0000B0   239 _P3	=	0x00b0
                           0000B8   240 _IP	=	0x00b8
                           0000D0   241 _PSW	=	0x00d0
                           0000E0   242 _ACC	=	0x00e0
                           0000F0   243 _B	=	0x00f0
                           0000C8   244 _T2CON	=	0x00c8
                           0000CA   245 _RCAP2L	=	0x00ca
                           0000CB   246 _RCAP2H	=	0x00cb
                           0000CC   247 _TL2	=	0x00cc
                           0000CD   248 _TH2	=	0x00cd
                           00008E   249 _AUXR	=	0x008e
                           0000A2   250 _AUXR1	=	0x00a2
                           000097   251 _CKRL	=	0x0097
                           00008F   252 _CKCON0	=	0x008f
                           0000AF   253 _CKCON1	=	0x00af
                           0000FA   254 _CCAP0H	=	0x00fa
                           0000FB   255 _CCAP1H	=	0x00fb
                           0000FC   256 _CCAP2H	=	0x00fc
                           0000FD   257 _CCAP3H	=	0x00fd
                           0000FE   258 _CCAP4H	=	0x00fe
                           0000EA   259 _CCAP0L	=	0x00ea
                           0000EB   260 _CCAP1L	=	0x00eb
                           0000EC   261 _CCAP2L	=	0x00ec
                           0000ED   262 _CCAP3L	=	0x00ed
                           0000EE   263 _CCAP4L	=	0x00ee
                           0000DA   264 _CCAPM0	=	0x00da
                           0000DB   265 _CCAPM1	=	0x00db
                           0000DC   266 _CCAPM2	=	0x00dc
                           0000DD   267 _CCAPM3	=	0x00dd
                           0000DE   268 _CCAPM4	=	0x00de
                           0000D8   269 _CCON	=	0x00d8
                           0000F9   270 _CH	=	0x00f9
                           0000E9   271 _CL	=	0x00e9
                           0000D9   272 _CMOD	=	0x00d9
                           0000A8   273 _IEN0	=	0x00a8
                           0000B1   274 _IEN1	=	0x00b1
                           0000B8   275 _IPL0	=	0x00b8
                           0000B7   276 _IPH0	=	0x00b7
                           0000B2   277 _IPL1	=	0x00b2
                           0000B3   278 _IPH1	=	0x00b3
                           0000C0   279 _P4	=	0x00c0
                           0000E8   280 _P5	=	0x00e8
                           0000A6   281 _WDTRST	=	0x00a6
                           0000A7   282 _WDTPRG	=	0x00a7
                           0000A9   283 _SADDR	=	0x00a9
                           0000B9   284 _SADEN	=	0x00b9
                           0000C3   285 _SPCON	=	0x00c3
                           0000C4   286 _SPSTA	=	0x00c4
                           0000C5   287 _SPDAT	=	0x00c5
                           0000C9   288 _T2MOD	=	0x00c9
                           00009B   289 _BDRCON	=	0x009b
                           00009A   290 _BRL	=	0x009a
                           00009C   291 _KBLS	=	0x009c
                           00009D   292 _KBE	=	0x009d
                           00009E   293 _KBF	=	0x009e
                           0000D2   294 _EECON	=	0x00d2
                                    295 ;--------------------------------------------------------
                                    296 ; special function bits
                                    297 ;--------------------------------------------------------
                                    298 	.area RSEG    (ABS,DATA)
      000000                        299 	.org 0x0000
                           000080   300 _P0_0	=	0x0080
                           000081   301 _P0_1	=	0x0081
                           000082   302 _P0_2	=	0x0082
                           000083   303 _P0_3	=	0x0083
                           000084   304 _P0_4	=	0x0084
                           000085   305 _P0_5	=	0x0085
                           000086   306 _P0_6	=	0x0086
                           000087   307 _P0_7	=	0x0087
                           000088   308 _IT0	=	0x0088
                           000089   309 _IE0	=	0x0089
                           00008A   310 _IT1	=	0x008a
                           00008B   311 _IE1	=	0x008b
                           00008C   312 _TR0	=	0x008c
                           00008D   313 _TF0	=	0x008d
                           00008E   314 _TR1	=	0x008e
                           00008F   315 _TF1	=	0x008f
                           000090   316 _P1_0	=	0x0090
                           000091   317 _P1_1	=	0x0091
                           000092   318 _P1_2	=	0x0092
                           000093   319 _P1_3	=	0x0093
                           000094   320 _P1_4	=	0x0094
                           000095   321 _P1_5	=	0x0095
                           000096   322 _P1_6	=	0x0096
                           000097   323 _P1_7	=	0x0097
                           000098   324 _RI	=	0x0098
                           000099   325 _TI	=	0x0099
                           00009A   326 _RB8	=	0x009a
                           00009B   327 _TB8	=	0x009b
                           00009C   328 _REN	=	0x009c
                           00009D   329 _SM2	=	0x009d
                           00009E   330 _SM1	=	0x009e
                           00009F   331 _SM0	=	0x009f
                           0000A0   332 _P2_0	=	0x00a0
                           0000A1   333 _P2_1	=	0x00a1
                           0000A2   334 _P2_2	=	0x00a2
                           0000A3   335 _P2_3	=	0x00a3
                           0000A4   336 _P2_4	=	0x00a4
                           0000A5   337 _P2_5	=	0x00a5
                           0000A6   338 _P2_6	=	0x00a6
                           0000A7   339 _P2_7	=	0x00a7
                           0000A8   340 _EX0	=	0x00a8
                           0000A9   341 _ET0	=	0x00a9
                           0000AA   342 _EX1	=	0x00aa
                           0000AB   343 _ET1	=	0x00ab
                           0000AC   344 _ES	=	0x00ac
                           0000AF   345 _EA	=	0x00af
                           0000B0   346 _P3_0	=	0x00b0
                           0000B1   347 _P3_1	=	0x00b1
                           0000B2   348 _P3_2	=	0x00b2
                           0000B3   349 _P3_3	=	0x00b3
                           0000B4   350 _P3_4	=	0x00b4
                           0000B5   351 _P3_5	=	0x00b5
                           0000B6   352 _P3_6	=	0x00b6
                           0000B7   353 _P3_7	=	0x00b7
                           0000B0   354 _RXD	=	0x00b0
                           0000B1   355 _TXD	=	0x00b1
                           0000B2   356 _INT0	=	0x00b2
                           0000B3   357 _INT1	=	0x00b3
                           0000B4   358 _T0	=	0x00b4
                           0000B5   359 _T1	=	0x00b5
                           0000B6   360 _WR	=	0x00b6
                           0000B7   361 _RD	=	0x00b7
                           0000B8   362 _PX0	=	0x00b8
                           0000B9   363 _PT0	=	0x00b9
                           0000BA   364 _PX1	=	0x00ba
                           0000BB   365 _PT1	=	0x00bb
                           0000BC   366 _PS	=	0x00bc
                           0000D0   367 _P	=	0x00d0
                           0000D1   368 _F1	=	0x00d1
                           0000D2   369 _OV	=	0x00d2
                           0000D3   370 _RS0	=	0x00d3
                           0000D4   371 _RS1	=	0x00d4
                           0000D5   372 _F0	=	0x00d5
                           0000D6   373 _AC	=	0x00d6
                           0000D7   374 _CY	=	0x00d7
                           0000AD   375 _ET2	=	0x00ad
                           0000BD   376 _PT2	=	0x00bd
                           0000C8   377 _T2CON_0	=	0x00c8
                           0000C9   378 _T2CON_1	=	0x00c9
                           0000CA   379 _T2CON_2	=	0x00ca
                           0000CB   380 _T2CON_3	=	0x00cb
                           0000CC   381 _T2CON_4	=	0x00cc
                           0000CD   382 _T2CON_5	=	0x00cd
                           0000CE   383 _T2CON_6	=	0x00ce
                           0000CF   384 _T2CON_7	=	0x00cf
                           0000C8   385 _CP_RL2	=	0x00c8
                           0000C9   386 _C_T2	=	0x00c9
                           0000CA   387 _TR2	=	0x00ca
                           0000CB   388 _EXEN2	=	0x00cb
                           0000CC   389 _TCLK	=	0x00cc
                           0000CD   390 _RCLK	=	0x00cd
                           0000CE   391 _EXF2	=	0x00ce
                           0000CF   392 _TF2	=	0x00cf
                           0000DF   393 _CF	=	0x00df
                           0000DE   394 _CR	=	0x00de
                           0000DC   395 _CCF4	=	0x00dc
                           0000DB   396 _CCF3	=	0x00db
                           0000DA   397 _CCF2	=	0x00da
                           0000D9   398 _CCF1	=	0x00d9
                           0000D8   399 _CCF0	=	0x00d8
                           0000AE   400 _EC	=	0x00ae
                           0000BE   401 _PPCL	=	0x00be
                           0000BD   402 _PT2L	=	0x00bd
                           0000BC   403 _PSL	=	0x00bc
                           0000BB   404 _PT1L	=	0x00bb
                           0000BA   405 _PX1L	=	0x00ba
                           0000B9   406 _PT0L	=	0x00b9
                           0000B8   407 _PX0L	=	0x00b8
                           0000C0   408 _P4_0	=	0x00c0
                           0000C1   409 _P4_1	=	0x00c1
                           0000C2   410 _P4_2	=	0x00c2
                           0000C3   411 _P4_3	=	0x00c3
                           0000C4   412 _P4_4	=	0x00c4
                           0000C5   413 _P4_5	=	0x00c5
                           0000C6   414 _P4_6	=	0x00c6
                           0000C7   415 _P4_7	=	0x00c7
                           0000E8   416 _P5_0	=	0x00e8
                           0000E9   417 _P5_1	=	0x00e9
                           0000EA   418 _P5_2	=	0x00ea
                           0000EB   419 _P5_3	=	0x00eb
                           0000EC   420 _P5_4	=	0x00ec
                           0000ED   421 _P5_5	=	0x00ed
                           0000EE   422 _P5_6	=	0x00ee
                           0000EF   423 _P5_7	=	0x00ef
                                    424 ;--------------------------------------------------------
                                    425 ; overlayable register banks
                                    426 ;--------------------------------------------------------
                                    427 	.area REG_BANK_0	(REL,OVR,DATA)
      000000                        428 	.ds 8
                                    429 ;--------------------------------------------------------
                                    430 ; internal ram data
                                    431 ;--------------------------------------------------------
                                    432 	.area DSEG    (DATA)
      000000                        433 _AddSecondsToDateTime_sloc0_1_0:
      000000                        434 	.ds 3
      000003                        435 _AddSecondsToDateTime_sloc1_1_0:
      000003                        436 	.ds 3
      000006                        437 _AddSecondsToDateTime_sloc2_1_0:
      000006                        438 	.ds 3
      000009                        439 _AddSecondsToDateTime_sloc3_1_0:
      000009                        440 	.ds 3
      00000C                        441 _AddSecondsToDateTime_sloc4_1_0:
      00000C                        442 	.ds 3
      00000F                        443 _AddSecondsToDateTime_sloc5_1_0:
      00000F                        444 	.ds 3
                                    445 ;--------------------------------------------------------
                                    446 ; overlayable items in internal ram
                                    447 ;--------------------------------------------------------
                                    448 	.area	OSEG    (OVR,DATA)
      000000                        449 _FormatTime_sloc0_1_0:
      000000                        450 	.ds 3
      000003                        451 _FormatTime_sloc1_1_0:
      000003                        452 	.ds 3
      000006                        453 _FormatTime_sloc2_1_0:
      000006                        454 	.ds 3
                                    455 	.area	OSEG    (OVR,DATA)
      000000                        456 _FormatDate_sloc0_1_0:
      000000                        457 	.ds 3
      000003                        458 _FormatDate_sloc1_1_0:
      000003                        459 	.ds 3
      000006                        460 _FormatDate_sloc2_1_0:
      000006                        461 	.ds 3
                                    462 	.area	OSEG    (OVR,DATA)
      000000                        463 _CompareDateTime_sloc0_1_0:
      000000                        464 	.ds 1
      000001                        465 _CompareDateTime_sloc1_1_0:
      000001                        466 	.ds 3
      000004                        467 _CompareDateTime_sloc2_1_0:
      000004                        468 	.ds 3
      000007                        469 _CompareDateTime_sloc3_1_0:
      000007                        470 	.ds 1
      000008                        471 _CompareDateTime_sloc4_1_0:
      000008                        472 	.ds 3
      00000B                        473 _CompareDateTime_sloc5_1_0:
      00000B                        474 	.ds 3
                                    475 ;--------------------------------------------------------
                                    476 ; indirectly addressable internal ram data
                                    477 ;--------------------------------------------------------
                                    478 	.area ISEG    (DATA)
                                    479 ;--------------------------------------------------------
                                    480 ; absolute internal ram data
                                    481 ;--------------------------------------------------------
                                    482 	.area IABS    (ABS,DATA)
                                    483 	.area IABS    (ABS,DATA)
                                    484 ;--------------------------------------------------------
                                    485 ; bit data
                                    486 ;--------------------------------------------------------
                                    487 	.area BSEG    (BIT)
                                    488 ;--------------------------------------------------------
                                    489 ; paged external ram data
                                    490 ;--------------------------------------------------------
                                    491 	.area PSEG    (PAG,XDATA)
                                    492 ;--------------------------------------------------------
                                    493 ; uninitialized external ram data
                                    494 ;--------------------------------------------------------
                                    495 	.area XSEG    (XDATA)
      000000                        496 _GetNumDaysInMonth_pdt_10000_17:
      000000                        497 	.ds 3
      000003                        498 _FormatTime_PARM_2:
      000003                        499 	.ds 3
      000006                        500 _FormatTime_PARM_3:
      000006                        501 	.ds 1
      000007                        502 _FormatTime_buffer_10000_22:
      000007                        503 	.ds 3
      00000A                        504 _FormatDate_PARM_2:
      00000A                        505 	.ds 3
      00000D                        506 _FormatDate_buffer_10000_25:
      00000D                        507 	.ds 3
      000010                        508 _AddSecondsToDateTime_PARM_2:
      000010                        509 	.ds 2
      000012                        510 _AddSecondsToDateTime_PARM_3:
      000012                        511 	.ds 3
      000015                        512 _AddSecondsToDateTime_pdt_10000_27:
      000015                        513 	.ds 3
      000018                        514 _AddSecondsToDateTime_secondsLeft_10000_28:
      000018                        515 	.ds 2
      00001A                        516 _CompareDateTime_PARM_2:
      00001A                        517 	.ds 3
      00001D                        518 _CompareDateTime_dt1_10000_35:
      00001D                        519 	.ds 3
                                    520 ;--------------------------------------------------------
                                    521 ; absolute external ram data
                                    522 ;--------------------------------------------------------
                                    523 	.area XABS    (ABS,XDATA)
                                    524 ;--------------------------------------------------------
                                    525 ; initialized external ram data
                                    526 ;--------------------------------------------------------
                                    527 	.area XISEG   (XDATA)
                                    528 	.area HOME    (CODE)
                                    529 	.area GSINIT0 (CODE)
                                    530 	.area GSINIT1 (CODE)
                                    531 	.area GSINIT2 (CODE)
                                    532 	.area GSINIT3 (CODE)
                                    533 	.area GSINIT4 (CODE)
                                    534 	.area GSINIT5 (CODE)
                                    535 	.area GSINIT  (CODE)
                                    536 	.area GSFINAL (CODE)
                                    537 	.area CSEG    (CODE)
                                    538 ;--------------------------------------------------------
                                    539 ; global & static initialisations
                                    540 ;--------------------------------------------------------
                                    541 	.area HOME    (CODE)
                                    542 	.area GSINIT  (CODE)
                                    543 	.area GSFINAL (CODE)
                                    544 	.area GSINIT  (CODE)
                                    545 ;--------------------------------------------------------
                                    546 ; Home
                                    547 ;--------------------------------------------------------
                                    548 	.area HOME    (CODE)
                                    549 	.area HOME    (CODE)
                                    550 ;--------------------------------------------------------
                                    551 ; code
                                    552 ;--------------------------------------------------------
                                    553 	.area CSEG    (CODE)
                                    554 ;------------------------------------------------------------
                                    555 ;Allocation info for local variables in function 'GetNumDaysInMonth'
                                    556 ;------------------------------------------------------------
                                    557 ;pdt           Allocated with name '_GetNumDaysInMonth_pdt_10000_17'
                                    558 ;year          Allocated with name '_GetNumDaysInMonth_year_10000_18'
                                    559 ;------------------------------------------------------------
                                    560 ;	../Common/DateTime.c:7: int GetNumDaysInMonth(DateTimeStruct* pdt)
                                    561 ;	-----------------------------------------
                                    562 ;	 function GetNumDaysInMonth
                                    563 ;	-----------------------------------------
      000000                        564 _GetNumDaysInMonth:
                           000007   565 	ar7 = 0x07
                           000006   566 	ar6 = 0x06
                           000005   567 	ar5 = 0x05
                           000004   568 	ar4 = 0x04
                           000003   569 	ar3 = 0x03
                           000002   570 	ar2 = 0x02
                           000001   571 	ar1 = 0x01
                           000000   572 	ar0 = 0x00
      000000 AF F0            [24]  573 	mov	r7,b
      000002 AE 83            [24]  574 	mov	r6,dph
      000004 E5 82            [12]  575 	mov	a,dpl
      000006 90r00r00         [24]  576 	mov	dptr,#_GetNumDaysInMonth_pdt_10000_17
      000009 F0               [24]  577 	movx	@dptr,a
      00000A EE               [12]  578 	mov	a,r6
      00000B A3               [24]  579 	inc	dptr
      00000C F0               [24]  580 	movx	@dptr,a
      00000D EF               [12]  581 	mov	a,r7
      00000E A3               [24]  582 	inc	dptr
      00000F F0               [24]  583 	movx	@dptr,a
                                    584 ;	../Common/DateTime.c:9: int year = pdt->year + 2000;
      000010 90r00r00         [24]  585 	mov	dptr,#_GetNumDaysInMonth_pdt_10000_17
      000013 E0               [24]  586 	movx	a,@dptr
      000014 FD               [12]  587 	mov	r5,a
      000015 A3               [24]  588 	inc	dptr
      000016 E0               [24]  589 	movx	a,@dptr
      000017 FE               [12]  590 	mov	r6,a
      000018 A3               [24]  591 	inc	dptr
      000019 E0               [24]  592 	movx	a,@dptr
      00001A FF               [12]  593 	mov	r7,a
      00001B 74 06            [12]  594 	mov	a,#0x06
      00001D 2D               [12]  595 	add	a, r5
      00001E FA               [12]  596 	mov	r2,a
      00001F E4               [12]  597 	clr	a
      000020 3E               [12]  598 	addc	a, r6
      000021 FB               [12]  599 	mov	r3,a
      000022 8F 04            [24]  600 	mov	ar4,r7
      000024 8A 82            [24]  601 	mov	dpl,r2
      000026 8B 83            [24]  602 	mov	dph,r3
      000028 8C F0            [24]  603 	mov	b,r4
      00002A 12r00r00         [24]  604 	lcall	__gptrget
      00002D FA               [12]  605 	mov	r2,a
      00002E 7C 00            [12]  606 	mov	r4,#0x00
      000030 74 D0            [12]  607 	mov	a,#0xd0
      000032 2A               [12]  608 	add	a, r2
      000033 FB               [12]  609 	mov	r3,a
      000034 74 07            [12]  610 	mov	a,#0x07
      000036 3C               [12]  611 	addc	a, r4
      000037 FC               [12]  612 	mov	r4,a
                                    613 ;	../Common/DateTime.c:10: switch (pdt->month)
      000038 74 05            [12]  614 	mov	a,#0x05
      00003A 2D               [12]  615 	add	a, r5
      00003B FD               [12]  616 	mov	r5,a
      00003C E4               [12]  617 	clr	a
      00003D 3E               [12]  618 	addc	a, r6
      00003E FE               [12]  619 	mov	r6,a
      00003F 8D 82            [24]  620 	mov	dpl,r5
      000041 8E 83            [24]  621 	mov	dph,r6
      000043 8F F0            [24]  622 	mov	b,r7
      000045 12r00r00         [24]  623 	lcall	__gptrget
      000048 FF               [12]  624 	mov  r7,a
      000049 24 F3            [12]  625 	add	a,#0xff - 0x0c
      00004B 50 03            [24]  626 	jnc	00133$
      00004D 02r01r08         [24]  627 	ljmp	00118$
      000050                        628 00133$:
      000050 EF               [12]  629 	mov	a,r7
      000051 24 0A            [12]  630 	add	a,#(00134$-3-.)
      000053 83               [24]  631 	movc	a,@a+pc
      000054 F5 82            [12]  632 	mov	dpl,a
      000056 EF               [12]  633 	mov	a,r7
      000057 24 11            [12]  634 	add	a,#(00135$-3-.)
      000059 83               [24]  635 	movc	a,@a+pc
      00005A F5 83            [12]  636 	mov	dph,a
      00005C E4               [12]  637 	clr	a
      00005D 73               [24]  638 	jmp	@a+dptr
      00005E                        639 00134$:
      00005Er08                     640 	.db	00118$
      00005Fr78                     641 	.db	00101$
      000060r7C                     642 	.db	00102$
      000061rE0                     643 	.db	00108$
      000062rE4                     644 	.db	00109$
      000063rE8                     645 	.db	00110$
      000064rEC                     646 	.db	00111$
      000065rF0                     647 	.db	00112$
      000066rF4                     648 	.db	00113$
      000067rF8                     649 	.db	00114$
      000068rFC                     650 	.db	00115$
      000069r00                     651 	.db	00116$
      00006Ar04                     652 	.db	00117$
      00006B                        653 00135$:
      00006Bs01                     654 	.db	00118$>>8
      00006Cs00                     655 	.db	00101$>>8
      00006Ds00                     656 	.db	00102$>>8
      00006Es00                     657 	.db	00108$>>8
      00006Fs00                     658 	.db	00109$>>8
      000070s00                     659 	.db	00110$>>8
      000071s00                     660 	.db	00111$>>8
      000072s00                     661 	.db	00112$>>8
      000073s00                     662 	.db	00113$>>8
      000074s00                     663 	.db	00114$>>8
      000075s00                     664 	.db	00115$>>8
      000076s01                     665 	.db	00116$>>8
      000077s01                     666 	.db	00117$>>8
                                    667 ;	../Common/DateTime.c:12: case 1 :   // Jan
      000078                        668 00101$:
                                    669 ;	../Common/DateTime.c:13: return 31;
      000078 90 00 1F         [24]  670 	mov	dptr,#0x001f
      00007B 22               [24]  671 	ret
                                    672 ;	../Common/DateTime.c:14: case 2 :   // Feb
      00007C                        673 00102$:
                                    674 ;	../Common/DateTime.c:15: if ((!(year % 4) && (year % 100)) || !(year % 400))
      00007C 90r00r00         [24]  675 	mov	dptr,#__modsint_PARM_2
      00007F 74 04            [12]  676 	mov	a,#0x04
      000081 F0               [24]  677 	movx	@dptr,a
      000082 E4               [12]  678 	clr	a
      000083 A3               [24]  679 	inc	dptr
      000084 F0               [24]  680 	movx	@dptr,a
      000085 8B 82            [24]  681 	mov	dpl, r3
      000087 8C 83            [24]  682 	mov	dph, r4
      000089 C0 04            [24]  683 	push	ar4
      00008B C0 03            [24]  684 	push	ar3
      00008D 12r00r00         [24]  685 	lcall	__modsint
      000090 E5 82            [12]  686 	mov	a, dpl
      000092 85 83 F0         [24]  687 	mov	b, dph
      000095 D0 03            [24]  688 	pop	ar3
      000097 D0 04            [24]  689 	pop	ar4
      000099 45 F0            [12]  690 	orl	a,b
      00009B 70 21            [24]  691 	jnz	00107$
      00009D 90r00r00         [24]  692 	mov	dptr,#__modsint_PARM_2
      0000A0 74 64            [12]  693 	mov	a,#0x64
      0000A2 F0               [24]  694 	movx	@dptr,a
      0000A3 E4               [12]  695 	clr	a
      0000A4 A3               [24]  696 	inc	dptr
      0000A5 F0               [24]  697 	movx	@dptr,a
      0000A6 8B 82            [24]  698 	mov	dpl, r3
      0000A8 8C 83            [24]  699 	mov	dph, r4
      0000AA C0 04            [24]  700 	push	ar4
      0000AC C0 03            [24]  701 	push	ar3
      0000AE 12r00r00         [24]  702 	lcall	__modsint
      0000B1 E5 82            [12]  703 	mov	a, dpl
      0000B3 85 83 F0         [24]  704 	mov	b, dph
      0000B6 D0 03            [24]  705 	pop	ar3
      0000B8 D0 04            [24]  706 	pop	ar4
      0000BA 45 F0            [12]  707 	orl	a,b
      0000BC 70 1A            [24]  708 	jnz	00103$
      0000BE                        709 00107$:
      0000BE 90r00r00         [24]  710 	mov	dptr,#__modsint_PARM_2
      0000C1 74 90            [12]  711 	mov	a,#0x90
      0000C3 F0               [24]  712 	movx	@dptr,a
      0000C4 74 01            [12]  713 	mov	a,#0x01
      0000C6 A3               [24]  714 	inc	dptr
      0000C7 F0               [24]  715 	movx	@dptr,a
      0000C8 8B 82            [24]  716 	mov	dpl, r3
      0000CA 8C 83            [24]  717 	mov	dph, r4
      0000CC 12r00r00         [24]  718 	lcall	__modsint
      0000CF E5 82            [12]  719 	mov	a, dpl
      0000D1 85 83 F0         [24]  720 	mov	b, dph
      0000D4 45 F0            [12]  721 	orl	a,b
      0000D6 70 04            [24]  722 	jnz	00104$
      0000D8                        723 00103$:
                                    724 ;	../Common/DateTime.c:17: return 29;
      0000D8 90 00 1D         [24]  725 	mov	dptr,#0x001d
      0000DB 22               [24]  726 	ret
      0000DC                        727 00104$:
                                    728 ;	../Common/DateTime.c:21: return 28;
      0000DC 90 00 1C         [24]  729 	mov	dptr,#0x001c
                                    730 ;	../Common/DateTime.c:23: case 3 :   // Mar
      0000DF 22               [24]  731 	ret
      0000E0                        732 00108$:
                                    733 ;	../Common/DateTime.c:24: return 31;
      0000E0 90 00 1F         [24]  734 	mov	dptr,#0x001f
                                    735 ;	../Common/DateTime.c:25: case 4 :   // Apr
      0000E3 22               [24]  736 	ret
      0000E4                        737 00109$:
                                    738 ;	../Common/DateTime.c:26: return 30;
      0000E4 90 00 1E         [24]  739 	mov	dptr,#0x001e
                                    740 ;	../Common/DateTime.c:27: case 5 :   // May
      0000E7 22               [24]  741 	ret
      0000E8                        742 00110$:
                                    743 ;	../Common/DateTime.c:28: return 31;
      0000E8 90 00 1F         [24]  744 	mov	dptr,#0x001f
                                    745 ;	../Common/DateTime.c:29: case 6 :   // Jun
      0000EB 22               [24]  746 	ret
      0000EC                        747 00111$:
                                    748 ;	../Common/DateTime.c:30: return 30;
      0000EC 90 00 1E         [24]  749 	mov	dptr,#0x001e
                                    750 ;	../Common/DateTime.c:31: case 7 :   // Jul 
      0000EF 22               [24]  751 	ret
      0000F0                        752 00112$:
                                    753 ;	../Common/DateTime.c:32: return 31;
      0000F0 90 00 1F         [24]  754 	mov	dptr,#0x001f
                                    755 ;	../Common/DateTime.c:33: case 8 :   // Aug
      0000F3 22               [24]  756 	ret
      0000F4                        757 00113$:
                                    758 ;	../Common/DateTime.c:34: return 30;
      0000F4 90 00 1E         [24]  759 	mov	dptr,#0x001e
                                    760 ;	../Common/DateTime.c:35: case 9 :   // Sep
      0000F7 22               [24]  761 	ret
      0000F8                        762 00114$:
                                    763 ;	../Common/DateTime.c:36: return 30;
      0000F8 90 00 1E         [24]  764 	mov	dptr,#0x001e
                                    765 ;	../Common/DateTime.c:37: case 10 :  // Oct
      0000FB 22               [24]  766 	ret
      0000FC                        767 00115$:
                                    768 ;	../Common/DateTime.c:38: return 30;
      0000FC 90 00 1E         [24]  769 	mov	dptr,#0x001e
                                    770 ;	../Common/DateTime.c:39: case 11 :  // Nov
      0000FF 22               [24]  771 	ret
      000100                        772 00116$:
                                    773 ;	../Common/DateTime.c:40: return 30;
      000100 90 00 1E         [24]  774 	mov	dptr,#0x001e
                                    775 ;	../Common/DateTime.c:41: case 12 :  // Dec
      000103 22               [24]  776 	ret
      000104                        777 00117$:
                                    778 ;	../Common/DateTime.c:42: return 31;
      000104 90 00 1F         [24]  779 	mov	dptr,#0x001f
                                    780 ;	../Common/DateTime.c:43: }
      000107 22               [24]  781 	ret
      000108                        782 00118$:
                                    783 ;	../Common/DateTime.c:44: return -1;
      000108 90 FF FF         [24]  784 	mov	dptr,#0xffff
                                    785 ;	../Common/DateTime.c:45: }
      00010B 22               [24]  786 	ret
                                    787 ;------------------------------------------------------------
                                    788 ;Allocation info for local variables in function 'FormatTime'
                                    789 ;------------------------------------------------------------
                                    790 ;pdt           Allocated with name '_FormatTime_PARM_2'
                                    791 ;seconds       Allocated with name '_FormatTime_PARM_3'
                                    792 ;buffer        Allocated with name '_FormatTime_buffer_10000_22'
                                    793 ;sloc0         Allocated with name '_FormatTime_sloc0_1_0'
                                    794 ;sloc1         Allocated with name '_FormatTime_sloc1_1_0'
                                    795 ;sloc2         Allocated with name '_FormatTime_sloc2_1_0'
                                    796 ;------------------------------------------------------------
                                    797 ;	../Common/DateTime.c:48: void FormatTime(char *buffer, DateTimeStruct *pdt, unsigned char seconds)
                                    798 ;	-----------------------------------------
                                    799 ;	 function FormatTime
                                    800 ;	-----------------------------------------
      00010C                        801 _FormatTime:
      00010C AF F0            [24]  802 	mov	r7,b
      00010E AE 83            [24]  803 	mov	r6,dph
      000110 E5 82            [12]  804 	mov	a,dpl
      000112 90r00r07         [24]  805 	mov	dptr,#_FormatTime_buffer_10000_22
      000115 F0               [24]  806 	movx	@dptr,a
      000116 EE               [12]  807 	mov	a,r6
      000117 A3               [24]  808 	inc	dptr
      000118 F0               [24]  809 	movx	@dptr,a
      000119 EF               [12]  810 	mov	a,r7
      00011A A3               [24]  811 	inc	dptr
      00011B F0               [24]  812 	movx	@dptr,a
                                    813 ;	../Common/DateTime.c:50: buffer[0] = (pdt->hours / 10) + '0';
      00011C 90r00r07         [24]  814 	mov	dptr,#_FormatTime_buffer_10000_22
      00011F E0               [24]  815 	movx	a,@dptr
      000120 FD               [12]  816 	mov	r5,a
      000121 A3               [24]  817 	inc	dptr
      000122 E0               [24]  818 	movx	a,@dptr
      000123 FE               [12]  819 	mov	r6,a
      000124 A3               [24]  820 	inc	dptr
      000125 E0               [24]  821 	movx	a,@dptr
      000126 FF               [12]  822 	mov	r7,a
      000127 90r00r03         [24]  823 	mov	dptr,#_FormatTime_PARM_2
      00012A E0               [24]  824 	movx	a,@dptr
      00012B F5*00            [12]  825 	mov	_FormatTime_sloc0_1_0,a
      00012D A3               [24]  826 	inc	dptr
      00012E E0               [24]  827 	movx	a,@dptr
      00012F F5*01            [12]  828 	mov	(_FormatTime_sloc0_1_0 + 1),a
      000131 A3               [24]  829 	inc	dptr
      000132 E0               [24]  830 	movx	a,@dptr
      000133 F5*02            [12]  831 	mov	(_FormatTime_sloc0_1_0 + 2),a
      000135 74 02            [12]  832 	mov	a,#0x02
      000137 25*00            [12]  833 	add	a, _FormatTime_sloc0_1_0
      000139 F5*03            [12]  834 	mov	_FormatTime_sloc1_1_0,a
      00013B E4               [12]  835 	clr	a
      00013C 35*01            [12]  836 	addc	a, (_FormatTime_sloc0_1_0 + 1)
      00013E F5*04            [12]  837 	mov	(_FormatTime_sloc1_1_0 + 1),a
      000140 85*02*05         [24]  838 	mov	(_FormatTime_sloc1_1_0 + 2),(_FormatTime_sloc0_1_0 + 2)
      000143 85*03 82         [24]  839 	mov	dpl,_FormatTime_sloc1_1_0
      000146 85*04 83         [24]  840 	mov	dph,(_FormatTime_sloc1_1_0 + 1)
      000149 85*05 F0         [24]  841 	mov	b,(_FormatTime_sloc1_1_0 + 2)
      00014C 12r00r00         [24]  842 	lcall	__gptrget
      00014F 75 F0 0A         [24]  843 	mov	b,#0x0a
      000152 84               [48]  844 	div	ab
      000153 24 30            [12]  845 	add	a,#0x30
      000155 8D 82            [24]  846 	mov	dpl,r5
      000157 8E 83            [24]  847 	mov	dph,r6
      000159 8F F0            [24]  848 	mov	b,r7
      00015B 12r00r00         [24]  849 	lcall	__gptrput
                                    850 ;	../Common/DateTime.c:51: buffer[1] = (pdt->hours % 10) + '0';
      00015E 74 01            [12]  851 	mov	a,#0x01
      000160 2D               [12]  852 	add	a, r5
      000161 FA               [12]  853 	mov	r2,a
      000162 E4               [12]  854 	clr	a
      000163 3E               [12]  855 	addc	a, r6
      000164 FB               [12]  856 	mov	r3,a
      000165 8F 04            [24]  857 	mov	ar4,r7
      000167 85*03 82         [24]  858 	mov	dpl,_FormatTime_sloc1_1_0
      00016A 85*04 83         [24]  859 	mov	dph,(_FormatTime_sloc1_1_0 + 1)
      00016D 85*05 F0         [24]  860 	mov	b,(_FormatTime_sloc1_1_0 + 2)
      000170 12r00r00         [24]  861 	lcall	__gptrget
      000173 75 F0 0A         [24]  862 	mov	b,#0x0a
      000176 84               [48]  863 	div	ab
      000177 A9 F0            [24]  864 	mov	r1,b
      000179 74 30            [12]  865 	mov	a,#0x30
      00017B 29               [12]  866 	add	a, r1
      00017C 8A 82            [24]  867 	mov	dpl,r2
      00017E 8B 83            [24]  868 	mov	dph,r3
      000180 8C F0            [24]  869 	mov	b,r4
      000182 12r00r00         [24]  870 	lcall	__gptrput
                                    871 ;	../Common/DateTime.c:52: buffer[2] = ':';
      000185 74 02            [12]  872 	mov	a,#0x02
      000187 2D               [12]  873 	add	a, r5
      000188 FA               [12]  874 	mov	r2,a
      000189 E4               [12]  875 	clr	a
      00018A 3E               [12]  876 	addc	a, r6
      00018B FB               [12]  877 	mov	r3,a
      00018C 8F 04            [24]  878 	mov	ar4,r7
      00018E 8A 82            [24]  879 	mov	dpl,r2
      000190 8B 83            [24]  880 	mov	dph,r3
      000192 8C F0            [24]  881 	mov	b,r4
      000194 74 3A            [12]  882 	mov	a,#0x3a
      000196 12r00r00         [24]  883 	lcall	__gptrput
                                    884 ;	../Common/DateTime.c:53: buffer[3] = (pdt->minutes / 10) + '0';
      000199 74 03            [12]  885 	mov	a,#0x03
      00019B 2D               [12]  886 	add	a, r5
      00019C F5*03            [12]  887 	mov	_FormatTime_sloc1_1_0,a
      00019E E4               [12]  888 	clr	a
      00019F 3E               [12]  889 	addc	a, r6
      0001A0 F5*04            [12]  890 	mov	(_FormatTime_sloc1_1_0 + 1),a
      0001A2 8F*05            [24]  891 	mov	(_FormatTime_sloc1_1_0 + 2),r7
      0001A4 74 01            [12]  892 	mov	a,#0x01
      0001A6 25*00            [12]  893 	add	a, _FormatTime_sloc0_1_0
      0001A8 F5*06            [12]  894 	mov	_FormatTime_sloc2_1_0,a
      0001AA E4               [12]  895 	clr	a
      0001AB 35*01            [12]  896 	addc	a, (_FormatTime_sloc0_1_0 + 1)
      0001AD F5*07            [12]  897 	mov	(_FormatTime_sloc2_1_0 + 1),a
      0001AF 85*02*08         [24]  898 	mov	(_FormatTime_sloc2_1_0 + 2),(_FormatTime_sloc0_1_0 + 2)
      0001B2 85*06 82         [24]  899 	mov	dpl,_FormatTime_sloc2_1_0
      0001B5 85*07 83         [24]  900 	mov	dph,(_FormatTime_sloc2_1_0 + 1)
      0001B8 85*08 F0         [24]  901 	mov	b,(_FormatTime_sloc2_1_0 + 2)
      0001BB 12r00r00         [24]  902 	lcall	__gptrget
      0001BE 75 F0 0A         [24]  903 	mov	b,#0x0a
      0001C1 84               [48]  904 	div	ab
      0001C2 24 30            [12]  905 	add	a,#0x30
      0001C4 85*03 82         [24]  906 	mov	dpl,_FormatTime_sloc1_1_0
      0001C7 85*04 83         [24]  907 	mov	dph,(_FormatTime_sloc1_1_0 + 1)
      0001CA 85*05 F0         [24]  908 	mov	b,(_FormatTime_sloc1_1_0 + 2)
      0001CD 12r00r00         [24]  909 	lcall	__gptrput
                                    910 ;	../Common/DateTime.c:54: buffer[4] = (pdt->minutes % 10) + '0';
      0001D0 74 04            [12]  911 	mov	a,#0x04
      0001D2 2D               [12]  912 	add	a, r5
      0001D3 FA               [12]  913 	mov	r2,a
      0001D4 E4               [12]  914 	clr	a
      0001D5 3E               [12]  915 	addc	a, r6
      0001D6 FB               [12]  916 	mov	r3,a
      0001D7 8F 04            [24]  917 	mov	ar4,r7
      0001D9 85*06 82         [24]  918 	mov	dpl,_FormatTime_sloc2_1_0
      0001DC 85*07 83         [24]  919 	mov	dph,(_FormatTime_sloc2_1_0 + 1)
      0001DF 85*08 F0         [24]  920 	mov	b,(_FormatTime_sloc2_1_0 + 2)
      0001E2 12r00r00         [24]  921 	lcall	__gptrget
      0001E5 75 F0 0A         [24]  922 	mov	b,#0x0a
      0001E8 84               [48]  923 	div	ab
      0001E9 A9 F0            [24]  924 	mov	r1,b
      0001EB 74 30            [12]  925 	mov	a,#0x30
      0001ED 29               [12]  926 	add	a, r1
      0001EE 8A 82            [24]  927 	mov	dpl,r2
      0001F0 8B 83            [24]  928 	mov	dph,r3
      0001F2 8C F0            [24]  929 	mov	b,r4
      0001F4 12r00r00         [24]  930 	lcall	__gptrput
                                    931 ;	../Common/DateTime.c:55: if (!seconds)
      0001F7 90r00r06         [24]  932 	mov	dptr,#_FormatTime_PARM_3
      0001FA E0               [24]  933 	movx	a,@dptr
      0001FB 70 13            [24]  934 	jnz	00102$
                                    935 ;	../Common/DateTime.c:57: buffer[5] = 0;
      0001FD 74 05            [12]  936 	mov	a,#0x05
      0001FF 2D               [12]  937 	add	a, r5
      000200 FA               [12]  938 	mov	r2,a
      000201 E4               [12]  939 	clr	a
      000202 3E               [12]  940 	addc	a, r6
      000203 FB               [12]  941 	mov	r3,a
      000204 8F 04            [24]  942 	mov	ar4,r7
      000206 8A 82            [24]  943 	mov	dpl,r2
      000208 8B 83            [24]  944 	mov	dph,r3
      00020A 8C F0            [24]  945 	mov	b,r4
      00020C E4               [12]  946 	clr	a
                                    947 ;	../Common/DateTime.c:58: return;
      00020D 02r00r00         [24]  948 	ljmp	__gptrput
      000210                        949 00102$:
                                    950 ;	../Common/DateTime.c:60: buffer[5] = ':';
      000210 74 05            [12]  951 	mov	a,#0x05
      000212 2D               [12]  952 	add	a, r5
      000213 FA               [12]  953 	mov	r2,a
      000214 E4               [12]  954 	clr	a
      000215 3E               [12]  955 	addc	a, r6
      000216 FB               [12]  956 	mov	r3,a
      000217 8F 04            [24]  957 	mov	ar4,r7
      000219 8A 82            [24]  958 	mov	dpl,r2
      00021B 8B 83            [24]  959 	mov	dph,r3
      00021D 8C F0            [24]  960 	mov	b,r4
      00021F 74 3A            [12]  961 	mov	a,#0x3a
      000221 12r00r00         [24]  962 	lcall	__gptrput
                                    963 ;	../Common/DateTime.c:61: buffer[6] = (pdt->seconds / 10) + '0';
      000224 74 06            [12]  964 	mov	a,#0x06
      000226 2D               [12]  965 	add	a, r5
      000227 F5*06            [12]  966 	mov	_FormatTime_sloc2_1_0,a
      000229 E4               [12]  967 	clr	a
      00022A 3E               [12]  968 	addc	a, r6
      00022B F5*07            [12]  969 	mov	(_FormatTime_sloc2_1_0 + 1),a
      00022D 8F*08            [24]  970 	mov	(_FormatTime_sloc2_1_0 + 2),r7
      00022F 85*00*03         [24]  971 	mov	_FormatTime_sloc1_1_0,_FormatTime_sloc0_1_0
      000232 85*01*04         [24]  972 	mov	(_FormatTime_sloc1_1_0 + 1),(_FormatTime_sloc0_1_0 + 1)
      000235 85*02*05         [24]  973 	mov	(_FormatTime_sloc1_1_0 + 2),(_FormatTime_sloc0_1_0 + 2)
      000238 85*03 82         [24]  974 	mov	dpl,_FormatTime_sloc1_1_0
      00023B 85*04 83         [24]  975 	mov	dph,(_FormatTime_sloc1_1_0 + 1)
      00023E 85*05 F0         [24]  976 	mov	b,(_FormatTime_sloc1_1_0 + 2)
      000241 12r00r00         [24]  977 	lcall	__gptrget
      000244 75 F0 0A         [24]  978 	mov	b,#0x0a
      000247 84               [48]  979 	div	ab
      000248 24 30            [12]  980 	add	a,#0x30
      00024A 85*06 82         [24]  981 	mov	dpl,_FormatTime_sloc2_1_0
      00024D 85*07 83         [24]  982 	mov	dph,(_FormatTime_sloc2_1_0 + 1)
      000250 85*08 F0         [24]  983 	mov	b,(_FormatTime_sloc2_1_0 + 2)
      000253 12r00r00         [24]  984 	lcall	__gptrput
                                    985 ;	../Common/DateTime.c:62: buffer[7] = (pdt->seconds % 10) + '0';
      000256 74 07            [12]  986 	mov	a,#0x07
      000258 2D               [12]  987 	add	a, r5
      000259 FA               [12]  988 	mov	r2,a
      00025A E4               [12]  989 	clr	a
      00025B 3E               [12]  990 	addc	a, r6
      00025C FB               [12]  991 	mov	r3,a
      00025D 8F 04            [24]  992 	mov	ar4,r7
      00025F 85*03 82         [24]  993 	mov	dpl,_FormatTime_sloc1_1_0
      000262 85*04 83         [24]  994 	mov	dph,(_FormatTime_sloc1_1_0 + 1)
      000265 85*05 F0         [24]  995 	mov	b,(_FormatTime_sloc1_1_0 + 2)
      000268 12r00r00         [24]  996 	lcall	__gptrget
      00026B 75 F0 0A         [24]  997 	mov	b,#0x0a
      00026E 84               [48]  998 	div	ab
      00026F A9 F0            [24]  999 	mov	r1,b
      000271 74 30            [12] 1000 	mov	a,#0x30
      000273 29               [12] 1001 	add	a, r1
      000274 8A 82            [24] 1002 	mov	dpl,r2
      000276 8B 83            [24] 1003 	mov	dph,r3
      000278 8C F0            [24] 1004 	mov	b,r4
      00027A 12r00r00         [24] 1005 	lcall	__gptrput
                                   1006 ;	../Common/DateTime.c:63: buffer[8] = 0;
      00027D 74 08            [12] 1007 	mov	a,#0x08
      00027F 2D               [12] 1008 	add	a, r5
      000280 FD               [12] 1009 	mov	r5,a
      000281 E4               [12] 1010 	clr	a
      000282 3E               [12] 1011 	addc	a, r6
      000283 FE               [12] 1012 	mov	r6,a
      000284 8D 82            [24] 1013 	mov	dpl,r5
      000286 8E 83            [24] 1014 	mov	dph,r6
      000288 8F F0            [24] 1015 	mov	b,r7
      00028A E4               [12] 1016 	clr	a
                                   1017 ;	../Common/DateTime.c:64: }
      00028B 02r00r00         [24] 1018 	ljmp	__gptrput
                                   1019 ;------------------------------------------------------------
                                   1020 ;Allocation info for local variables in function 'FormatDate'
                                   1021 ;------------------------------------------------------------
                                   1022 ;pdt           Allocated with name '_FormatDate_PARM_2'
                                   1023 ;buffer        Allocated with name '_FormatDate_buffer_10000_25'
                                   1024 ;sloc0         Allocated with name '_FormatDate_sloc0_1_0'
                                   1025 ;sloc1         Allocated with name '_FormatDate_sloc1_1_0'
                                   1026 ;sloc2         Allocated with name '_FormatDate_sloc2_1_0'
                                   1027 ;------------------------------------------------------------
                                   1028 ;	../Common/DateTime.c:67: void FormatDate(char *buffer, DateTimeStruct *pdt)
                                   1029 ;	-----------------------------------------
                                   1030 ;	 function FormatDate
                                   1031 ;	-----------------------------------------
      00028E                       1032 _FormatDate:
      00028E AF F0            [24] 1033 	mov	r7,b
      000290 AE 83            [24] 1034 	mov	r6,dph
      000292 E5 82            [12] 1035 	mov	a,dpl
      000294 90r00r0D         [24] 1036 	mov	dptr,#_FormatDate_buffer_10000_25
      000297 F0               [24] 1037 	movx	@dptr,a
      000298 EE               [12] 1038 	mov	a,r6
      000299 A3               [24] 1039 	inc	dptr
      00029A F0               [24] 1040 	movx	@dptr,a
      00029B EF               [12] 1041 	mov	a,r7
      00029C A3               [24] 1042 	inc	dptr
      00029D F0               [24] 1043 	movx	@dptr,a
                                   1044 ;	../Common/DateTime.c:69: buffer[0] = (pdt->day / 10) + '0';
      00029E 90r00r0D         [24] 1045 	mov	dptr,#_FormatDate_buffer_10000_25
      0002A1 E0               [24] 1046 	movx	a,@dptr
      0002A2 FD               [12] 1047 	mov	r5,a
      0002A3 A3               [24] 1048 	inc	dptr
      0002A4 E0               [24] 1049 	movx	a,@dptr
      0002A5 FE               [12] 1050 	mov	r6,a
      0002A6 A3               [24] 1051 	inc	dptr
      0002A7 E0               [24] 1052 	movx	a,@dptr
      0002A8 FF               [12] 1053 	mov	r7,a
      0002A9 90r00r0A         [24] 1054 	mov	dptr,#_FormatDate_PARM_2
      0002AC E0               [24] 1055 	movx	a,@dptr
      0002AD F5*00            [12] 1056 	mov	_FormatDate_sloc0_1_0,a
      0002AF A3               [24] 1057 	inc	dptr
      0002B0 E0               [24] 1058 	movx	a,@dptr
      0002B1 F5*01            [12] 1059 	mov	(_FormatDate_sloc0_1_0 + 1),a
      0002B3 A3               [24] 1060 	inc	dptr
      0002B4 E0               [24] 1061 	movx	a,@dptr
      0002B5 F5*02            [12] 1062 	mov	(_FormatDate_sloc0_1_0 + 2),a
      0002B7 74 04            [12] 1063 	mov	a,#0x04
      0002B9 25*00            [12] 1064 	add	a, _FormatDate_sloc0_1_0
      0002BB F5*03            [12] 1065 	mov	_FormatDate_sloc1_1_0,a
      0002BD E4               [12] 1066 	clr	a
      0002BE 35*01            [12] 1067 	addc	a, (_FormatDate_sloc0_1_0 + 1)
      0002C0 F5*04            [12] 1068 	mov	(_FormatDate_sloc1_1_0 + 1),a
      0002C2 85*02*05         [24] 1069 	mov	(_FormatDate_sloc1_1_0 + 2),(_FormatDate_sloc0_1_0 + 2)
      0002C5 85*03 82         [24] 1070 	mov	dpl,_FormatDate_sloc1_1_0
      0002C8 85*04 83         [24] 1071 	mov	dph,(_FormatDate_sloc1_1_0 + 1)
      0002CB 85*05 F0         [24] 1072 	mov	b,(_FormatDate_sloc1_1_0 + 2)
      0002CE 12r00r00         [24] 1073 	lcall	__gptrget
      0002D1 75 F0 0A         [24] 1074 	mov	b,#0x0a
      0002D4 84               [48] 1075 	div	ab
      0002D5 24 30            [12] 1076 	add	a,#0x30
      0002D7 8D 82            [24] 1077 	mov	dpl,r5
      0002D9 8E 83            [24] 1078 	mov	dph,r6
      0002DB 8F F0            [24] 1079 	mov	b,r7
      0002DD 12r00r00         [24] 1080 	lcall	__gptrput
                                   1081 ;	../Common/DateTime.c:70: buffer[1] = (pdt->day % 10) + '0';
      0002E0 74 01            [12] 1082 	mov	a,#0x01
      0002E2 2D               [12] 1083 	add	a, r5
      0002E3 FA               [12] 1084 	mov	r2,a
      0002E4 E4               [12] 1085 	clr	a
      0002E5 3E               [12] 1086 	addc	a, r6
      0002E6 FB               [12] 1087 	mov	r3,a
      0002E7 8F 04            [24] 1088 	mov	ar4,r7
      0002E9 85*03 82         [24] 1089 	mov	dpl,_FormatDate_sloc1_1_0
      0002EC 85*04 83         [24] 1090 	mov	dph,(_FormatDate_sloc1_1_0 + 1)
      0002EF 85*05 F0         [24] 1091 	mov	b,(_FormatDate_sloc1_1_0 + 2)
      0002F2 12r00r00         [24] 1092 	lcall	__gptrget
      0002F5 75 F0 0A         [24] 1093 	mov	b,#0x0a
      0002F8 84               [48] 1094 	div	ab
      0002F9 A9 F0            [24] 1095 	mov	r1,b
      0002FB 74 30            [12] 1096 	mov	a,#0x30
      0002FD 29               [12] 1097 	add	a, r1
      0002FE 8A 82            [24] 1098 	mov	dpl,r2
      000300 8B 83            [24] 1099 	mov	dph,r3
      000302 8C F0            [24] 1100 	mov	b,r4
      000304 12r00r00         [24] 1101 	lcall	__gptrput
                                   1102 ;	../Common/DateTime.c:71: buffer[2] = '/';
      000307 74 02            [12] 1103 	mov	a,#0x02
      000309 2D               [12] 1104 	add	a, r5
      00030A FA               [12] 1105 	mov	r2,a
      00030B E4               [12] 1106 	clr	a
      00030C 3E               [12] 1107 	addc	a, r6
      00030D FB               [12] 1108 	mov	r3,a
      00030E 8F 04            [24] 1109 	mov	ar4,r7
      000310 8A 82            [24] 1110 	mov	dpl,r2
      000312 8B 83            [24] 1111 	mov	dph,r3
      000314 8C F0            [24] 1112 	mov	b,r4
      000316 74 2F            [12] 1113 	mov	a,#0x2f
      000318 12r00r00         [24] 1114 	lcall	__gptrput
                                   1115 ;	../Common/DateTime.c:72: buffer[3] = (pdt->month / 10) + '0';
      00031B 74 03            [12] 1116 	mov	a,#0x03
      00031D 2D               [12] 1117 	add	a, r5
      00031E F5*03            [12] 1118 	mov	_FormatDate_sloc1_1_0,a
      000320 E4               [12] 1119 	clr	a
      000321 3E               [12] 1120 	addc	a, r6
      000322 F5*04            [12] 1121 	mov	(_FormatDate_sloc1_1_0 + 1),a
      000324 8F*05            [24] 1122 	mov	(_FormatDate_sloc1_1_0 + 2),r7
      000326 74 05            [12] 1123 	mov	a,#0x05
      000328 25*00            [12] 1124 	add	a, _FormatDate_sloc0_1_0
      00032A F5*06            [12] 1125 	mov	_FormatDate_sloc2_1_0,a
      00032C E4               [12] 1126 	clr	a
      00032D 35*01            [12] 1127 	addc	a, (_FormatDate_sloc0_1_0 + 1)
      00032F F5*07            [12] 1128 	mov	(_FormatDate_sloc2_1_0 + 1),a
      000331 85*02*08         [24] 1129 	mov	(_FormatDate_sloc2_1_0 + 2),(_FormatDate_sloc0_1_0 + 2)
      000334 85*06 82         [24] 1130 	mov	dpl,_FormatDate_sloc2_1_0
      000337 85*07 83         [24] 1131 	mov	dph,(_FormatDate_sloc2_1_0 + 1)
      00033A 85*08 F0         [24] 1132 	mov	b,(_FormatDate_sloc2_1_0 + 2)
      00033D 12r00r00         [24] 1133 	lcall	__gptrget
      000340 75 F0 0A         [24] 1134 	mov	b,#0x0a
      000343 84               [48] 1135 	div	ab
      000344 24 30            [12] 1136 	add	a,#0x30
      000346 85*03 82         [24] 1137 	mov	dpl,_FormatDate_sloc1_1_0
      000349 85*04 83         [24] 1138 	mov	dph,(_FormatDate_sloc1_1_0 + 1)
      00034C 85*05 F0         [24] 1139 	mov	b,(_FormatDate_sloc1_1_0 + 2)
      00034F 12r00r00         [24] 1140 	lcall	__gptrput
                                   1141 ;	../Common/DateTime.c:73: buffer[4] = (pdt->month % 10) + '0';
      000352 74 04            [12] 1142 	mov	a,#0x04
      000354 2D               [12] 1143 	add	a, r5
      000355 FA               [12] 1144 	mov	r2,a
      000356 E4               [12] 1145 	clr	a
      000357 3E               [12] 1146 	addc	a, r6
      000358 FB               [12] 1147 	mov	r3,a
      000359 8F 04            [24] 1148 	mov	ar4,r7
      00035B 85*06 82         [24] 1149 	mov	dpl,_FormatDate_sloc2_1_0
      00035E 85*07 83         [24] 1150 	mov	dph,(_FormatDate_sloc2_1_0 + 1)
      000361 85*08 F0         [24] 1151 	mov	b,(_FormatDate_sloc2_1_0 + 2)
      000364 12r00r00         [24] 1152 	lcall	__gptrget
      000367 75 F0 0A         [24] 1153 	mov	b,#0x0a
      00036A 84               [48] 1154 	div	ab
      00036B A9 F0            [24] 1155 	mov	r1,b
      00036D 74 30            [12] 1156 	mov	a,#0x30
      00036F 29               [12] 1157 	add	a, r1
      000370 8A 82            [24] 1158 	mov	dpl,r2
      000372 8B 83            [24] 1159 	mov	dph,r3
      000374 8C F0            [24] 1160 	mov	b,r4
      000376 12r00r00         [24] 1161 	lcall	__gptrput
                                   1162 ;	../Common/DateTime.c:74: buffer[5] = '/';
      000379 74 05            [12] 1163 	mov	a,#0x05
      00037B 2D               [12] 1164 	add	a, r5
      00037C FA               [12] 1165 	mov	r2,a
      00037D E4               [12] 1166 	clr	a
      00037E 3E               [12] 1167 	addc	a, r6
      00037F FB               [12] 1168 	mov	r3,a
      000380 8F 04            [24] 1169 	mov	ar4,r7
      000382 8A 82            [24] 1170 	mov	dpl,r2
      000384 8B 83            [24] 1171 	mov	dph,r3
      000386 8C F0            [24] 1172 	mov	b,r4
      000388 74 2F            [12] 1173 	mov	a,#0x2f
      00038A 12r00r00         [24] 1174 	lcall	__gptrput
                                   1175 ;	../Common/DateTime.c:75: buffer[6] = (pdt->year / 10) + '0';
      00038D 74 06            [12] 1176 	mov	a,#0x06
      00038F 2D               [12] 1177 	add	a, r5
      000390 F5*06            [12] 1178 	mov	_FormatDate_sloc2_1_0,a
      000392 E4               [12] 1179 	clr	a
      000393 3E               [12] 1180 	addc	a, r6
      000394 F5*07            [12] 1181 	mov	(_FormatDate_sloc2_1_0 + 1),a
      000396 8F*08            [24] 1182 	mov	(_FormatDate_sloc2_1_0 + 2),r7
      000398 74 06            [12] 1183 	mov	a,#0x06
      00039A 25*00            [12] 1184 	add	a, _FormatDate_sloc0_1_0
      00039C F5*03            [12] 1185 	mov	_FormatDate_sloc1_1_0,a
      00039E E4               [12] 1186 	clr	a
      00039F 35*01            [12] 1187 	addc	a, (_FormatDate_sloc0_1_0 + 1)
      0003A1 F5*04            [12] 1188 	mov	(_FormatDate_sloc1_1_0 + 1),a
      0003A3 85*02*05         [24] 1189 	mov	(_FormatDate_sloc1_1_0 + 2),(_FormatDate_sloc0_1_0 + 2)
      0003A6 85*03 82         [24] 1190 	mov	dpl,_FormatDate_sloc1_1_0
      0003A9 85*04 83         [24] 1191 	mov	dph,(_FormatDate_sloc1_1_0 + 1)
      0003AC 85*05 F0         [24] 1192 	mov	b,(_FormatDate_sloc1_1_0 + 2)
      0003AF 12r00r00         [24] 1193 	lcall	__gptrget
      0003B2 75 F0 0A         [24] 1194 	mov	b,#0x0a
      0003B5 84               [48] 1195 	div	ab
      0003B6 24 30            [12] 1196 	add	a,#0x30
      0003B8 85*06 82         [24] 1197 	mov	dpl,_FormatDate_sloc2_1_0
      0003BB 85*07 83         [24] 1198 	mov	dph,(_FormatDate_sloc2_1_0 + 1)
      0003BE 85*08 F0         [24] 1199 	mov	b,(_FormatDate_sloc2_1_0 + 2)
      0003C1 12r00r00         [24] 1200 	lcall	__gptrput
                                   1201 ;	../Common/DateTime.c:76: buffer[7] = (pdt->year % 10) + '0';
      0003C4 74 07            [12] 1202 	mov	a,#0x07
      0003C6 2D               [12] 1203 	add	a, r5
      0003C7 FA               [12] 1204 	mov	r2,a
      0003C8 E4               [12] 1205 	clr	a
      0003C9 3E               [12] 1206 	addc	a, r6
      0003CA FB               [12] 1207 	mov	r3,a
      0003CB 8F 04            [24] 1208 	mov	ar4,r7
      0003CD 85*03 82         [24] 1209 	mov	dpl,_FormatDate_sloc1_1_0
      0003D0 85*04 83         [24] 1210 	mov	dph,(_FormatDate_sloc1_1_0 + 1)
      0003D3 85*05 F0         [24] 1211 	mov	b,(_FormatDate_sloc1_1_0 + 2)
      0003D6 12r00r00         [24] 1212 	lcall	__gptrget
      0003D9 75 F0 0A         [24] 1213 	mov	b,#0x0a
      0003DC 84               [48] 1214 	div	ab
      0003DD A9 F0            [24] 1215 	mov	r1,b
      0003DF 74 30            [12] 1216 	mov	a,#0x30
      0003E1 29               [12] 1217 	add	a, r1
      0003E2 8A 82            [24] 1218 	mov	dpl,r2
      0003E4 8B 83            [24] 1219 	mov	dph,r3
      0003E6 8C F0            [24] 1220 	mov	b,r4
      0003E8 12r00r00         [24] 1221 	lcall	__gptrput
                                   1222 ;	../Common/DateTime.c:77: buffer[8] = 0;
      0003EB 74 08            [12] 1223 	mov	a,#0x08
      0003ED 2D               [12] 1224 	add	a, r5
      0003EE FD               [12] 1225 	mov	r5,a
      0003EF E4               [12] 1226 	clr	a
      0003F0 3E               [12] 1227 	addc	a, r6
      0003F1 FE               [12] 1228 	mov	r6,a
      0003F2 8D 82            [24] 1229 	mov	dpl,r5
      0003F4 8E 83            [24] 1230 	mov	dph,r6
      0003F6 8F F0            [24] 1231 	mov	b,r7
      0003F8 E4               [12] 1232 	clr	a
                                   1233 ;	../Common/DateTime.c:78: }
      0003F9 02r00r00         [24] 1234 	ljmp	__gptrput
                                   1235 ;------------------------------------------------------------
                                   1236 ;Allocation info for local variables in function 'AddSecondsToDateTime'
                                   1237 ;------------------------------------------------------------
                                   1238 ;sloc0         Allocated with name '_AddSecondsToDateTime_sloc0_1_0'
                                   1239 ;sloc1         Allocated with name '_AddSecondsToDateTime_sloc1_1_0'
                                   1240 ;sloc2         Allocated with name '_AddSecondsToDateTime_sloc2_1_0'
                                   1241 ;sloc3         Allocated with name '_AddSecondsToDateTime_sloc3_1_0'
                                   1242 ;sloc4         Allocated with name '_AddSecondsToDateTime_sloc4_1_0'
                                   1243 ;sloc5         Allocated with name '_AddSecondsToDateTime_sloc5_1_0'
                                   1244 ;seconds       Allocated with name '_AddSecondsToDateTime_PARM_2'
                                   1245 ;result        Allocated with name '_AddSecondsToDateTime_PARM_3'
                                   1246 ;pdt           Allocated with name '_AddSecondsToDateTime_pdt_10000_27'
                                   1247 ;secondsLeft   Allocated with name '_AddSecondsToDateTime_secondsLeft_10000_28'
                                   1248 ;secondsAdded  Allocated with name '_AddSecondsToDateTime_secondsAdded_10000_28'
                                   1249 ;secondsToNextMinute Allocated with name '_AddSecondsToDateTime_secondsToNextMinute_10000_28'
                                   1250 ;numDays       Allocated with name '_AddSecondsToDateTime_numDays_10000_28'
                                   1251 ;------------------------------------------------------------
                                   1252 ;	../Common/DateTime.c:81: void AddSecondsToDateTime(DateTimeStruct* pdt, int seconds, DateTimeStruct* result)
                                   1253 ;	-----------------------------------------
                                   1254 ;	 function AddSecondsToDateTime
                                   1255 ;	-----------------------------------------
      0003FC                       1256 _AddSecondsToDateTime:
      0003FC AF F0            [24] 1257 	mov	r7,b
      0003FE AE 83            [24] 1258 	mov	r6,dph
      000400 E5 82            [12] 1259 	mov	a,dpl
      000402 90r00r15         [24] 1260 	mov	dptr,#_AddSecondsToDateTime_pdt_10000_27
      000405 F0               [24] 1261 	movx	@dptr,a
      000406 EE               [12] 1262 	mov	a,r6
      000407 A3               [24] 1263 	inc	dptr
      000408 F0               [24] 1264 	movx	@dptr,a
      000409 EF               [12] 1265 	mov	a,r7
      00040A A3               [24] 1266 	inc	dptr
      00040B F0               [24] 1267 	movx	@dptr,a
                                   1268 ;	../Common/DateTime.c:86: result->day = pdt->day;
      00040C 90r00r12         [24] 1269 	mov	dptr,#_AddSecondsToDateTime_PARM_3
      00040F E0               [24] 1270 	movx	a,@dptr
      000410 F5*0F            [12] 1271 	mov	_AddSecondsToDateTime_sloc5_1_0,a
      000412 A3               [24] 1272 	inc	dptr
      000413 E0               [24] 1273 	movx	a,@dptr
      000414 F5*10            [12] 1274 	mov	(_AddSecondsToDateTime_sloc5_1_0 + 1),a
      000416 A3               [24] 1275 	inc	dptr
      000417 E0               [24] 1276 	movx	a,@dptr
      000418 F5*11            [12] 1277 	mov	(_AddSecondsToDateTime_sloc5_1_0 + 2),a
      00041A 74 04            [12] 1278 	mov	a,#0x04
      00041C 25*0F            [12] 1279 	add	a, _AddSecondsToDateTime_sloc5_1_0
      00041E F5*00            [12] 1280 	mov	_AddSecondsToDateTime_sloc0_1_0,a
      000420 E4               [12] 1281 	clr	a
      000421 35*10            [12] 1282 	addc	a, (_AddSecondsToDateTime_sloc5_1_0 + 1)
      000423 F5*01            [12] 1283 	mov	(_AddSecondsToDateTime_sloc0_1_0 + 1),a
      000425 85*11*02         [24] 1284 	mov	(_AddSecondsToDateTime_sloc0_1_0 + 2),(_AddSecondsToDateTime_sloc5_1_0 + 2)
      000428 90r00r15         [24] 1285 	mov	dptr,#_AddSecondsToDateTime_pdt_10000_27
      00042B E0               [24] 1286 	movx	a,@dptr
      00042C F5*03            [12] 1287 	mov	_AddSecondsToDateTime_sloc1_1_0,a
      00042E A3               [24] 1288 	inc	dptr
      00042F E0               [24] 1289 	movx	a,@dptr
      000430 F5*04            [12] 1290 	mov	(_AddSecondsToDateTime_sloc1_1_0 + 1),a
      000432 A3               [24] 1291 	inc	dptr
      000433 E0               [24] 1292 	movx	a,@dptr
      000434 F5*05            [12] 1293 	mov	(_AddSecondsToDateTime_sloc1_1_0 + 2),a
      000436 74 04            [12] 1294 	mov	a,#0x04
      000438 25*03            [12] 1295 	add	a, _AddSecondsToDateTime_sloc1_1_0
      00043A FA               [12] 1296 	mov	r2,a
      00043B E4               [12] 1297 	clr	a
      00043C 35*04            [12] 1298 	addc	a, (_AddSecondsToDateTime_sloc1_1_0 + 1)
      00043E FB               [12] 1299 	mov	r3,a
      00043F AC*05            [24] 1300 	mov	r4,(_AddSecondsToDateTime_sloc1_1_0 + 2)
      000441 8A 82            [24] 1301 	mov	dpl,r2
      000443 8B 83            [24] 1302 	mov	dph,r3
      000445 8C F0            [24] 1303 	mov	b,r4
      000447 12r00r00         [24] 1304 	lcall	__gptrget
      00044A 85*00 82         [24] 1305 	mov	dpl,_AddSecondsToDateTime_sloc0_1_0
      00044D 85*01 83         [24] 1306 	mov	dph,(_AddSecondsToDateTime_sloc0_1_0 + 1)
      000450 85*02 F0         [24] 1307 	mov	b,(_AddSecondsToDateTime_sloc0_1_0 + 2)
      000453 12r00r00         [24] 1308 	lcall	__gptrput
                                   1309 ;	../Common/DateTime.c:87: result->dayOfWeek = pdt->dayOfWeek;
      000456 74 03            [12] 1310 	mov	a,#0x03
      000458 25*0F            [12] 1311 	add	a, _AddSecondsToDateTime_sloc5_1_0
      00045A F5*06            [12] 1312 	mov	_AddSecondsToDateTime_sloc2_1_0,a
      00045C E4               [12] 1313 	clr	a
      00045D 35*10            [12] 1314 	addc	a, (_AddSecondsToDateTime_sloc5_1_0 + 1)
      00045F F5*07            [12] 1315 	mov	(_AddSecondsToDateTime_sloc2_1_0 + 1),a
      000461 85*11*08         [24] 1316 	mov	(_AddSecondsToDateTime_sloc2_1_0 + 2),(_AddSecondsToDateTime_sloc5_1_0 + 2)
      000464 74 03            [12] 1317 	mov	a,#0x03
      000466 25*03            [12] 1318 	add	a, _AddSecondsToDateTime_sloc1_1_0
      000468 F8               [12] 1319 	mov	r0,a
      000469 E4               [12] 1320 	clr	a
      00046A 35*04            [12] 1321 	addc	a, (_AddSecondsToDateTime_sloc1_1_0 + 1)
      00046C F9               [12] 1322 	mov	r1,a
      00046D AC*05            [24] 1323 	mov	r4,(_AddSecondsToDateTime_sloc1_1_0 + 2)
      00046F 88 82            [24] 1324 	mov	dpl,r0
      000471 89 83            [24] 1325 	mov	dph,r1
      000473 8C F0            [24] 1326 	mov	b,r4
      000475 12r00r00         [24] 1327 	lcall	__gptrget
      000478 85*06 82         [24] 1328 	mov	dpl,_AddSecondsToDateTime_sloc2_1_0
      00047B 85*07 83         [24] 1329 	mov	dph,(_AddSecondsToDateTime_sloc2_1_0 + 1)
      00047E 85*08 F0         [24] 1330 	mov	b,(_AddSecondsToDateTime_sloc2_1_0 + 2)
      000481 12r00r00         [24] 1331 	lcall	__gptrput
                                   1332 ;	../Common/DateTime.c:88: result->hours = pdt->hours;
      000484 74 02            [12] 1333 	mov	a,#0x02
      000486 25*0F            [12] 1334 	add	a, _AddSecondsToDateTime_sloc5_1_0
      000488 F5*06            [12] 1335 	mov	_AddSecondsToDateTime_sloc2_1_0,a
      00048A E4               [12] 1336 	clr	a
      00048B 35*10            [12] 1337 	addc	a, (_AddSecondsToDateTime_sloc5_1_0 + 1)
      00048D F5*07            [12] 1338 	mov	(_AddSecondsToDateTime_sloc2_1_0 + 1),a
      00048F 85*11*08         [24] 1339 	mov	(_AddSecondsToDateTime_sloc2_1_0 + 2),(_AddSecondsToDateTime_sloc5_1_0 + 2)
      000492 74 02            [12] 1340 	mov	a,#0x02
      000494 25*03            [12] 1341 	add	a, _AddSecondsToDateTime_sloc1_1_0
      000496 F8               [12] 1342 	mov	r0,a
      000497 E4               [12] 1343 	clr	a
      000498 35*04            [12] 1344 	addc	a, (_AddSecondsToDateTime_sloc1_1_0 + 1)
      00049A F9               [12] 1345 	mov	r1,a
      00049B AC*05            [24] 1346 	mov	r4,(_AddSecondsToDateTime_sloc1_1_0 + 2)
      00049D 88 82            [24] 1347 	mov	dpl,r0
      00049F 89 83            [24] 1348 	mov	dph,r1
      0004A1 8C F0            [24] 1349 	mov	b,r4
      0004A3 12r00r00         [24] 1350 	lcall	__gptrget
      0004A6 85*06 82         [24] 1351 	mov	dpl,_AddSecondsToDateTime_sloc2_1_0
      0004A9 85*07 83         [24] 1352 	mov	dph,(_AddSecondsToDateTime_sloc2_1_0 + 1)
      0004AC 85*08 F0         [24] 1353 	mov	b,(_AddSecondsToDateTime_sloc2_1_0 + 2)
      0004AF 12r00r00         [24] 1354 	lcall	__gptrput
                                   1355 ;	../Common/DateTime.c:89: result->minutes = pdt->minutes;
      0004B2 74 01            [12] 1356 	mov	a,#0x01
      0004B4 25*0F            [12] 1357 	add	a, _AddSecondsToDateTime_sloc5_1_0
      0004B6 F5*09            [12] 1358 	mov	_AddSecondsToDateTime_sloc3_1_0,a
      0004B8 E4               [12] 1359 	clr	a
      0004B9 35*10            [12] 1360 	addc	a, (_AddSecondsToDateTime_sloc5_1_0 + 1)
      0004BB F5*0A            [12] 1361 	mov	(_AddSecondsToDateTime_sloc3_1_0 + 1),a
      0004BD 85*11*0B         [24] 1362 	mov	(_AddSecondsToDateTime_sloc3_1_0 + 2),(_AddSecondsToDateTime_sloc5_1_0 + 2)
      0004C0 74 01            [12] 1363 	mov	a,#0x01
      0004C2 25*03            [12] 1364 	add	a, _AddSecondsToDateTime_sloc1_1_0
      0004C4 F8               [12] 1365 	mov	r0,a
      0004C5 E4               [12] 1366 	clr	a
      0004C6 35*04            [12] 1367 	addc	a, (_AddSecondsToDateTime_sloc1_1_0 + 1)
      0004C8 F9               [12] 1368 	mov	r1,a
      0004C9 AC*05            [24] 1369 	mov	r4,(_AddSecondsToDateTime_sloc1_1_0 + 2)
      0004CB 88 82            [24] 1370 	mov	dpl,r0
      0004CD 89 83            [24] 1371 	mov	dph,r1
      0004CF 8C F0            [24] 1372 	mov	b,r4
      0004D1 12r00r00         [24] 1373 	lcall	__gptrget
      0004D4 85*09 82         [24] 1374 	mov	dpl,_AddSecondsToDateTime_sloc3_1_0
      0004D7 85*0A 83         [24] 1375 	mov	dph,(_AddSecondsToDateTime_sloc3_1_0 + 1)
      0004DA 85*0B F0         [24] 1376 	mov	b,(_AddSecondsToDateTime_sloc3_1_0 + 2)
      0004DD 12r00r00         [24] 1377 	lcall	__gptrput
                                   1378 ;	../Common/DateTime.c:90: result->month = pdt->month;
      0004E0 74 05            [12] 1379 	mov	a,#0x05
      0004E2 25*0F            [12] 1380 	add	a, _AddSecondsToDateTime_sloc5_1_0
      0004E4 F5*0C            [12] 1381 	mov	_AddSecondsToDateTime_sloc4_1_0,a
      0004E6 E4               [12] 1382 	clr	a
      0004E7 35*10            [12] 1383 	addc	a, (_AddSecondsToDateTime_sloc5_1_0 + 1)
      0004E9 F5*0D            [12] 1384 	mov	(_AddSecondsToDateTime_sloc4_1_0 + 1),a
      0004EB 85*11*0E         [24] 1385 	mov	(_AddSecondsToDateTime_sloc4_1_0 + 2),(_AddSecondsToDateTime_sloc5_1_0 + 2)
      0004EE 74 05            [12] 1386 	mov	a,#0x05
      0004F0 25*03            [12] 1387 	add	a, _AddSecondsToDateTime_sloc1_1_0
      0004F2 F8               [12] 1388 	mov	r0,a
      0004F3 E4               [12] 1389 	clr	a
      0004F4 35*04            [12] 1390 	addc	a, (_AddSecondsToDateTime_sloc1_1_0 + 1)
      0004F6 F9               [12] 1391 	mov	r1,a
      0004F7 AC*05            [24] 1392 	mov	r4,(_AddSecondsToDateTime_sloc1_1_0 + 2)
      0004F9 88 82            [24] 1393 	mov	dpl,r0
      0004FB 89 83            [24] 1394 	mov	dph,r1
      0004FD 8C F0            [24] 1395 	mov	b,r4
      0004FF 12r00r00         [24] 1396 	lcall	__gptrget
      000502 85*0C 82         [24] 1397 	mov	dpl,_AddSecondsToDateTime_sloc4_1_0
      000505 85*0D 83         [24] 1398 	mov	dph,(_AddSecondsToDateTime_sloc4_1_0 + 1)
      000508 85*0E F0         [24] 1399 	mov	b,(_AddSecondsToDateTime_sloc4_1_0 + 2)
      00050B 12r00r00         [24] 1400 	lcall	__gptrput
                                   1401 ;	../Common/DateTime.c:91: result->seconds = pdt->seconds;
      00050E AA*0F            [24] 1402 	mov	r2,_AddSecondsToDateTime_sloc5_1_0
      000510 AB*10            [24] 1403 	mov	r3,(_AddSecondsToDateTime_sloc5_1_0 + 1)
      000512 AC*11            [24] 1404 	mov	r4,(_AddSecondsToDateTime_sloc5_1_0 + 2)
      000514 A8*03            [24] 1405 	mov	r0,_AddSecondsToDateTime_sloc1_1_0
      000516 A9*04            [24] 1406 	mov	r1,(_AddSecondsToDateTime_sloc1_1_0 + 1)
      000518 AF*05            [24] 1407 	mov	r7,(_AddSecondsToDateTime_sloc1_1_0 + 2)
      00051A 88 82            [24] 1408 	mov	dpl,r0
      00051C 89 83            [24] 1409 	mov	dph,r1
      00051E 8F F0            [24] 1410 	mov	b,r7
      000520 12r00r00         [24] 1411 	lcall	__gptrget
      000523 8A 82            [24] 1412 	mov	dpl,r2
      000525 8B 83            [24] 1413 	mov	dph,r3
      000527 8C F0            [24] 1414 	mov	b,r4
      000529 12r00r00         [24] 1415 	lcall	__gptrput
                                   1416 ;	../Common/DateTime.c:92: result->year = pdt->year;
      00052C 74 06            [12] 1417 	mov	a,#0x06
      00052E 25*0F            [12] 1418 	add	a, _AddSecondsToDateTime_sloc5_1_0
      000530 F5*0C            [12] 1419 	mov	_AddSecondsToDateTime_sloc4_1_0,a
      000532 E4               [12] 1420 	clr	a
      000533 35*10            [12] 1421 	addc	a, (_AddSecondsToDateTime_sloc5_1_0 + 1)
      000535 F5*0D            [12] 1422 	mov	(_AddSecondsToDateTime_sloc4_1_0 + 1),a
      000537 85*11*0E         [24] 1423 	mov	(_AddSecondsToDateTime_sloc4_1_0 + 2),(_AddSecondsToDateTime_sloc5_1_0 + 2)
      00053A 74 06            [12] 1424 	mov	a,#0x06
      00053C 25*03            [12] 1425 	add	a, _AddSecondsToDateTime_sloc1_1_0
      00053E F8               [12] 1426 	mov	r0,a
      00053F E4               [12] 1427 	clr	a
      000540 35*04            [12] 1428 	addc	a, (_AddSecondsToDateTime_sloc1_1_0 + 1)
      000542 F9               [12] 1429 	mov	r1,a
      000543 AF*05            [24] 1430 	mov	r7,(_AddSecondsToDateTime_sloc1_1_0 + 2)
      000545 88 82            [24] 1431 	mov	dpl,r0
      000547 89 83            [24] 1432 	mov	dph,r1
      000549 8F F0            [24] 1433 	mov	b,r7
      00054B 12r00r00         [24] 1434 	lcall	__gptrget
      00054E 85*0C 82         [24] 1435 	mov	dpl,_AddSecondsToDateTime_sloc4_1_0
      000551 85*0D 83         [24] 1436 	mov	dph,(_AddSecondsToDateTime_sloc4_1_0 + 1)
      000554 85*0E F0         [24] 1437 	mov	b,(_AddSecondsToDateTime_sloc4_1_0 + 2)
      000557 12r00r00         [24] 1438 	lcall	__gptrput
                                   1439 ;	../Common/DateTime.c:95: secondsLeft = seconds;
      00055A 90r00r10         [24] 1440 	mov	dptr,#_AddSecondsToDateTime_PARM_2
      00055D E0               [24] 1441 	movx	a,@dptr
      00055E FE               [12] 1442 	mov	r6,a
      00055F A3               [24] 1443 	inc	dptr
      000560 E0               [24] 1444 	movx	a,@dptr
      000561 FF               [12] 1445 	mov	r7,a
      000562 90r00r18         [24] 1446 	mov	dptr,#_AddSecondsToDateTime_secondsLeft_10000_28
      000565 EE               [12] 1447 	mov	a,r6
      000566 F0               [24] 1448 	movx	@dptr,a
      000567 EF               [12] 1449 	mov	a,r7
      000568 A3               [24] 1450 	inc	dptr
      000569 F0               [24] 1451 	movx	@dptr,a
                                   1452 ;	../Common/DateTime.c:96: while (secondsLeft > 0)
      00056A AD*0F            [24] 1453 	mov	r5,_AddSecondsToDateTime_sloc5_1_0
      00056C AE*10            [24] 1454 	mov	r6,(_AddSecondsToDateTime_sloc5_1_0 + 1)
      00056E AF*11            [24] 1455 	mov	r7,(_AddSecondsToDateTime_sloc5_1_0 + 2)
      000570                       1456 00111$:
      000570 90r00r18         [24] 1457 	mov	dptr,#_AddSecondsToDateTime_secondsLeft_10000_28
      000573 E0               [24] 1458 	movx	a,@dptr
      000574 F8               [12] 1459 	mov	r0,a
      000575 A3               [24] 1460 	inc	dptr
      000576 E0               [24] 1461 	movx	a,@dptr
      000577 F9               [12] 1462 	mov	r1,a
      000578 C3               [12] 1463 	clr	c
      000579 E4               [12] 1464 	clr	a
      00057A 98               [12] 1465 	subb	a,r0
      00057B 74 80            [12] 1466 	mov	a,#(0x00 ^ 0x80)
      00057D 89 F0            [24] 1467 	mov	b,r1
      00057F 63 F0 80         [24] 1468 	xrl	b,#0x80
      000582 95 F0            [12] 1469 	subb	a,b
      000584 40 01            [24] 1470 	jc	00166$
      000586 22               [24] 1471 	ret
      000587                       1472 00166$:
                                   1473 ;	../Common/DateTime.c:98: secondsToNextMinute = 60 - result->seconds;
      000587 C0 05            [24] 1474 	push	ar5
      000589 C0 06            [24] 1475 	push	ar6
      00058B C0 07            [24] 1476 	push	ar7
      00058D 8A 82            [24] 1477 	mov	dpl,r2
      00058F 8B 83            [24] 1478 	mov	dph,r3
      000591 8C F0            [24] 1479 	mov	b,r4
      000593 12r00r00         [24] 1480 	lcall	__gptrget
      000596 FF               [12] 1481 	mov	r7,a
      000597 7E 00            [12] 1482 	mov	r6,#0x00
      000599 74 3C            [12] 1483 	mov	a,#0x3c
      00059B C3               [12] 1484 	clr	c
      00059C 9F               [12] 1485 	subb	a,r7
      00059D F5*0C            [12] 1486 	mov	_AddSecondsToDateTime_sloc4_1_0,a
      00059F E4               [12] 1487 	clr	a
      0005A0 9E               [12] 1488 	subb	a,r6
      0005A1 F5*0D            [12] 1489 	mov	(_AddSecondsToDateTime_sloc4_1_0 + 1),a
                                   1490 ;	../Common/DateTime.c:99: secondsAdded = secondsLeft < secondsToNextMinute ? secondsLeft : secondsToNextMinute;
      0005A3 C3               [12] 1491 	clr	c
      0005A4 E8               [12] 1492 	mov	a,r0
      0005A5 95*0C            [12] 1493 	subb	a,_AddSecondsToDateTime_sloc4_1_0
      0005A7 E9               [12] 1494 	mov	a,r1
      0005A8 64 80            [12] 1495 	xrl	a,#0x80
      0005AA 85*0D F0         [24] 1496 	mov	b,(_AddSecondsToDateTime_sloc4_1_0 + 1)
      0005AD 63 F0 80         [24] 1497 	xrl	b,#0x80
      0005B0 95 F0            [12] 1498 	subb	a,b
      0005B2 D0 07            [24] 1499 	pop	ar7
      0005B4 D0 06            [24] 1500 	pop	ar6
      0005B6 D0 05            [24] 1501 	pop	ar5
      0005B8 40 04            [24] 1502 	jc	00117$
      0005BA A8*0C            [24] 1503 	mov	r0,_AddSecondsToDateTime_sloc4_1_0
      0005BC A9*0D            [24] 1504 	mov	r1,(_AddSecondsToDateTime_sloc4_1_0 + 1)
      0005BE                       1505 00117$:
                                   1506 ;	../Common/DateTime.c:100: result->seconds += secondsAdded;
      0005BE C0 05            [24] 1507 	push	ar5
      0005C0 C0 06            [24] 1508 	push	ar6
      0005C2 C0 07            [24] 1509 	push	ar7
      0005C4 8A 82            [24] 1510 	mov	dpl,r2
      0005C6 8B 83            [24] 1511 	mov	dph,r3
      0005C8 8C F0            [24] 1512 	mov	b,r4
      0005CA 12r00r00         [24] 1513 	lcall	__gptrget
      0005CD FF               [12] 1514 	mov	r7,a
      0005CE 88 06            [24] 1515 	mov	ar6,r0
      0005D0 EE               [12] 1516 	mov	a,r6
      0005D1 2F               [12] 1517 	add	a, r7
      0005D2 8A 82            [24] 1518 	mov	dpl,r2
      0005D4 8B 83            [24] 1519 	mov	dph,r3
      0005D6 8C F0            [24] 1520 	mov	b,r4
      0005D8 12r00r00         [24] 1521 	lcall	__gptrput
                                   1522 ;	../Common/DateTime.c:101: secondsLeft -= secondsAdded;
      0005DB 90r00r18         [24] 1523 	mov	dptr,#_AddSecondsToDateTime_secondsLeft_10000_28
      0005DE E0               [24] 1524 	movx	a,@dptr
      0005DF FE               [12] 1525 	mov	r6,a
      0005E0 A3               [24] 1526 	inc	dptr
      0005E1 E0               [24] 1527 	movx	a,@dptr
      0005E2 FF               [12] 1528 	mov	r7,a
      0005E3 90r00r18         [24] 1529 	mov	dptr,#_AddSecondsToDateTime_secondsLeft_10000_28
      0005E6 EE               [12] 1530 	mov	a,r6
      0005E7 C3               [12] 1531 	clr	c
      0005E8 98               [12] 1532 	subb	a,r0
      0005E9 F0               [24] 1533 	movx	@dptr,a
      0005EA EF               [12] 1534 	mov	a,r7
      0005EB 99               [12] 1535 	subb	a,r1
      0005EC A3               [24] 1536 	inc	dptr
      0005ED F0               [24] 1537 	movx	@dptr,a
                                   1538 ;	../Common/DateTime.c:104: if (result->seconds == 60)
      0005EE 8A 82            [24] 1539 	mov	dpl,r2
      0005F0 8B 83            [24] 1540 	mov	dph,r3
      0005F2 8C F0            [24] 1541 	mov	b,r4
      0005F4 12r00r00         [24] 1542 	lcall	__gptrget
      0005F7 FF               [12] 1543 	mov	r7,a
      0005F8 BF 3C 02         [24] 1544 	cjne	r7,#0x3c,00168$
      0005FB 80 09            [24] 1545 	sjmp	00169$
      0005FD                       1546 00168$:
      0005FD D0 07            [24] 1547 	pop	ar7
      0005FF D0 06            [24] 1548 	pop	ar6
      000601 D0 05            [24] 1549 	pop	ar5
      000603 02r05r70         [24] 1550 	ljmp	00111$
      000606                       1551 00169$:
      000606 D0 07            [24] 1552 	pop	ar7
      000608 D0 06            [24] 1553 	pop	ar6
      00060A D0 05            [24] 1554 	pop	ar5
                                   1555 ;	../Common/DateTime.c:106: result->seconds = 0;
      00060C 8A 82            [24] 1556 	mov	dpl,r2
      00060E 8B 83            [24] 1557 	mov	dph,r3
      000610 8C F0            [24] 1558 	mov	b,r4
      000612 E4               [12] 1559 	clr	a
      000613 12r00r00         [24] 1560 	lcall	__gptrput
                                   1561 ;	../Common/DateTime.c:107: result->minutes++;
      000616 85*09 82         [24] 1562 	mov	dpl,_AddSecondsToDateTime_sloc3_1_0
      000619 85*0A 83         [24] 1563 	mov	dph,(_AddSecondsToDateTime_sloc3_1_0 + 1)
      00061C 85*0B F0         [24] 1564 	mov	b,(_AddSecondsToDateTime_sloc3_1_0 + 2)
      00061F 12r00r00         [24] 1565 	lcall	__gptrget
      000622 F9               [12] 1566 	mov	r1,a
      000623 09               [12] 1567 	inc	r1
      000624 85*09 82         [24] 1568 	mov	dpl,_AddSecondsToDateTime_sloc3_1_0
      000627 85*0A 83         [24] 1569 	mov	dph,(_AddSecondsToDateTime_sloc3_1_0 + 1)
      00062A 85*0B F0         [24] 1570 	mov	b,(_AddSecondsToDateTime_sloc3_1_0 + 2)
      00062D E9               [12] 1571 	mov	a,r1
      00062E 12r00r00         [24] 1572 	lcall	__gptrput
                                   1573 ;	../Common/DateTime.c:108: if (result->minutes == 60)
      000631 B9 3C 02         [24] 1574 	cjne	r1,#0x3c,00170$
      000634 80 03            [24] 1575 	sjmp	00171$
      000636                       1576 00170$:
      000636 02r05r70         [24] 1577 	ljmp	00111$
      000639                       1578 00171$:
                                   1579 ;	../Common/DateTime.c:110: result->minutes = 0;
      000639 85*09 82         [24] 1580 	mov	dpl,_AddSecondsToDateTime_sloc3_1_0
      00063C 85*0A 83         [24] 1581 	mov	dph,(_AddSecondsToDateTime_sloc3_1_0 + 1)
      00063F 85*0B F0         [24] 1582 	mov	b,(_AddSecondsToDateTime_sloc3_1_0 + 2)
      000642 E4               [12] 1583 	clr	a
      000643 12r00r00         [24] 1584 	lcall	__gptrput
                                   1585 ;	../Common/DateTime.c:111: result->hours++;
      000646 85*06 82         [24] 1586 	mov	dpl,_AddSecondsToDateTime_sloc2_1_0
      000649 85*07 83         [24] 1587 	mov	dph,(_AddSecondsToDateTime_sloc2_1_0 + 1)
      00064C 85*08 F0         [24] 1588 	mov	b,(_AddSecondsToDateTime_sloc2_1_0 + 2)
      00064F 12r00r00         [24] 1589 	lcall	__gptrget
      000652 F9               [12] 1590 	mov	r1,a
      000653 09               [12] 1591 	inc	r1
      000654 85*06 82         [24] 1592 	mov	dpl,_AddSecondsToDateTime_sloc2_1_0
      000657 85*07 83         [24] 1593 	mov	dph,(_AddSecondsToDateTime_sloc2_1_0 + 1)
      00065A 85*08 F0         [24] 1594 	mov	b,(_AddSecondsToDateTime_sloc2_1_0 + 2)
      00065D E9               [12] 1595 	mov	a,r1
      00065E 12r00r00         [24] 1596 	lcall	__gptrput
                                   1597 ;	../Common/DateTime.c:112: if (result->hours == 24)
      000661 B9 18 02         [24] 1598 	cjne	r1,#0x18,00172$
      000664 80 03            [24] 1599 	sjmp	00173$
      000666                       1600 00172$:
      000666 02r05r70         [24] 1601 	ljmp	00111$
      000669                       1602 00173$:
                                   1603 ;	../Common/DateTime.c:114: result->hours = 0;
      000669 C0 02            [24] 1604 	push	ar2
      00066B C0 03            [24] 1605 	push	ar3
      00066D C0 04            [24] 1606 	push	ar4
      00066F 85*06 82         [24] 1607 	mov	dpl,_AddSecondsToDateTime_sloc2_1_0
      000672 85*07 83         [24] 1608 	mov	dph,(_AddSecondsToDateTime_sloc2_1_0 + 1)
      000675 85*08 F0         [24] 1609 	mov	b,(_AddSecondsToDateTime_sloc2_1_0 + 2)
      000678 E4               [12] 1610 	clr	a
      000679 12r00r00         [24] 1611 	lcall	__gptrput
                                   1612 ;	../Common/DateTime.c:115: result->day++;
      00067C 85*00 82         [24] 1613 	mov	dpl,_AddSecondsToDateTime_sloc0_1_0
      00067F 85*01 83         [24] 1614 	mov	dph,(_AddSecondsToDateTime_sloc0_1_0 + 1)
      000682 85*02 F0         [24] 1615 	mov	b,(_AddSecondsToDateTime_sloc0_1_0 + 2)
      000685 12r00r00         [24] 1616 	lcall	__gptrget
      000688 F9               [12] 1617 	mov	r1,a
      000689 09               [12] 1618 	inc	r1
      00068A 85*00 82         [24] 1619 	mov	dpl,_AddSecondsToDateTime_sloc0_1_0
      00068D 85*01 83         [24] 1620 	mov	dph,(_AddSecondsToDateTime_sloc0_1_0 + 1)
      000690 85*02 F0         [24] 1621 	mov	b,(_AddSecondsToDateTime_sloc0_1_0 + 2)
      000693 E9               [12] 1622 	mov	a,r1
      000694 12r00r00         [24] 1623 	lcall	__gptrput
                                   1624 ;	../Common/DateTime.c:116: numDays = GetNumDaysInMonth(result);
      000697 85*0F 82         [24] 1625 	mov	dpl, _AddSecondsToDateTime_sloc5_1_0
      00069A 85*10 83         [24] 1626 	mov	dph, (_AddSecondsToDateTime_sloc5_1_0 + 1)
      00069D 85*11 F0         [24] 1627 	mov	b, (_AddSecondsToDateTime_sloc5_1_0 + 2)
      0006A0 C0 07            [24] 1628 	push	ar7
      0006A2 C0 06            [24] 1629 	push	ar6
      0006A4 C0 05            [24] 1630 	push	ar5
      0006A6 C0 04            [24] 1631 	push	ar4
      0006A8 C0 03            [24] 1632 	push	ar3
      0006AA C0 02            [24] 1633 	push	ar2
      0006AC 12r00r00         [24] 1634 	lcall	_GetNumDaysInMonth
      0006AF A8 82            [24] 1635 	mov	r0, dpl
      0006B1 A9 83            [24] 1636 	mov	r1, dph
      0006B3 D0 02            [24] 1637 	pop	ar2
      0006B5 D0 03            [24] 1638 	pop	ar3
      0006B7 D0 04            [24] 1639 	pop	ar4
      0006B9 D0 05            [24] 1640 	pop	ar5
      0006BB D0 06            [24] 1641 	pop	ar6
      0006BD D0 07            [24] 1642 	pop	ar7
                                   1643 ;	../Common/DateTime.c:117: if (result->day > numDays)
      0006BF 74 04            [12] 1644 	mov	a,#0x04
      0006C1 2D               [12] 1645 	add	a, r5
      0006C2 F5*0C            [12] 1646 	mov	_AddSecondsToDateTime_sloc4_1_0,a
      0006C4 E4               [12] 1647 	clr	a
      0006C5 3E               [12] 1648 	addc	a, r6
      0006C6 F5*0D            [12] 1649 	mov	(_AddSecondsToDateTime_sloc4_1_0 + 1),a
      0006C8 8F*0E            [24] 1650 	mov	(_AddSecondsToDateTime_sloc4_1_0 + 2),r7
      0006CA 85*0C 82         [24] 1651 	mov	dpl,_AddSecondsToDateTime_sloc4_1_0
      0006CD 85*0D 83         [24] 1652 	mov	dph,(_AddSecondsToDateTime_sloc4_1_0 + 1)
      0006D0 85*0E F0         [24] 1653 	mov	b,(_AddSecondsToDateTime_sloc4_1_0 + 2)
      0006D3 12r00r00         [24] 1654 	lcall	__gptrget
      0006D6 FC               [12] 1655 	mov	r4,a
      0006D7 7B 00            [12] 1656 	mov	r3,#0x00
      0006D9 C3               [12] 1657 	clr	c
      0006DA E8               [12] 1658 	mov	a,r0
      0006DB 9C               [12] 1659 	subb	a,r4
      0006DC E9               [12] 1660 	mov	a,r1
      0006DD 64 80            [12] 1661 	xrl	a,#0x80
      0006DF 8B F0            [24] 1662 	mov	b,r3
      0006E1 63 F0 80         [24] 1663 	xrl	b,#0x80
      0006E4 95 F0            [12] 1664 	subb	a,b
      0006E6 D0 04            [24] 1665 	pop	ar4
      0006E8 D0 03            [24] 1666 	pop	ar3
      0006EA D0 02            [24] 1667 	pop	ar2
      0006EC 40 03            [24] 1668 	jc	00174$
      0006EE 02r05r70         [24] 1669 	ljmp	00111$
      0006F1                       1670 00174$:
                                   1671 ;	../Common/DateTime.c:119: result->day = 1;
      0006F1 85*0C 82         [24] 1672 	mov	dpl,_AddSecondsToDateTime_sloc4_1_0
      0006F4 85*0D 83         [24] 1673 	mov	dph,(_AddSecondsToDateTime_sloc4_1_0 + 1)
      0006F7 85*0E F0         [24] 1674 	mov	b,(_AddSecondsToDateTime_sloc4_1_0 + 2)
      0006FA 74 01            [12] 1675 	mov	a,#0x01
      0006FC 12r00r00         [24] 1676 	lcall	__gptrput
                                   1677 ;	../Common/DateTime.c:120: result->month++;
      0006FF 74 05            [12] 1678 	mov	a,#0x05
      000701 2D               [12] 1679 	add	a, r5
      000702 F5*0C            [12] 1680 	mov	_AddSecondsToDateTime_sloc4_1_0,a
      000704 E4               [12] 1681 	clr	a
      000705 3E               [12] 1682 	addc	a, r6
      000706 F5*0D            [12] 1683 	mov	(_AddSecondsToDateTime_sloc4_1_0 + 1),a
      000708 8F*0E            [24] 1684 	mov	(_AddSecondsToDateTime_sloc4_1_0 + 2),r7
      00070A 85*0C 82         [24] 1685 	mov	dpl,_AddSecondsToDateTime_sloc4_1_0
      00070D 85*0D 83         [24] 1686 	mov	dph,(_AddSecondsToDateTime_sloc4_1_0 + 1)
      000710 85*0E F0         [24] 1687 	mov	b,(_AddSecondsToDateTime_sloc4_1_0 + 2)
      000713 12r00r00         [24] 1688 	lcall	__gptrget
      000716 F9               [12] 1689 	mov	r1,a
      000717 09               [12] 1690 	inc	r1
      000718 85*0C 82         [24] 1691 	mov	dpl,_AddSecondsToDateTime_sloc4_1_0
      00071B 85*0D 83         [24] 1692 	mov	dph,(_AddSecondsToDateTime_sloc4_1_0 + 1)
      00071E 85*0E F0         [24] 1693 	mov	b,(_AddSecondsToDateTime_sloc4_1_0 + 2)
      000721 E9               [12] 1694 	mov	a,r1
      000722 12r00r00         [24] 1695 	lcall	__gptrput
                                   1696 ;	../Common/DateTime.c:121: if (result->month == 12)
      000725 B9 0C 02         [24] 1697 	cjne	r1,#0x0c,00175$
      000728 80 03            [24] 1698 	sjmp	00176$
      00072A                       1699 00175$:
      00072A 02r05r70         [24] 1700 	ljmp	00111$
      00072D                       1701 00176$:
                                   1702 ;	../Common/DateTime.c:123: result->month = 1;
      00072D C0 02            [24] 1703 	push	ar2
      00072F C0 03            [24] 1704 	push	ar3
      000731 C0 04            [24] 1705 	push	ar4
      000733 85*0C 82         [24] 1706 	mov	dpl,_AddSecondsToDateTime_sloc4_1_0
      000736 85*0D 83         [24] 1707 	mov	dph,(_AddSecondsToDateTime_sloc4_1_0 + 1)
      000739 85*0E F0         [24] 1708 	mov	b,(_AddSecondsToDateTime_sloc4_1_0 + 2)
      00073C 74 01            [12] 1709 	mov	a,#0x01
      00073E 12r00r00         [24] 1710 	lcall	__gptrput
                                   1711 ;	../Common/DateTime.c:124: result->year++;
      000741 74 06            [12] 1712 	mov	a,#0x06
      000743 2D               [12] 1713 	add	a, r5
      000744 F8               [12] 1714 	mov	r0,a
      000745 E4               [12] 1715 	clr	a
      000746 3E               [12] 1716 	addc	a, r6
      000747 F9               [12] 1717 	mov	r1,a
      000748 8F 04            [24] 1718 	mov	ar4,r7
      00074A 88 82            [24] 1719 	mov	dpl,r0
      00074C 89 83            [24] 1720 	mov	dph,r1
      00074E 8C F0            [24] 1721 	mov	b,r4
      000750 12r00r00         [24] 1722 	lcall	__gptrget
      000753 FB               [12] 1723 	mov	r3,a
      000754 0B               [12] 1724 	inc	r3
      000755 88 82            [24] 1725 	mov	dpl,r0
      000757 89 83            [24] 1726 	mov	dph,r1
      000759 8C F0            [24] 1727 	mov	b,r4
      00075B EB               [12] 1728 	mov	a,r3
      00075C 12r00r00         [24] 1729 	lcall	__gptrput
      00075F D0 04            [24] 1730 	pop	ar4
      000761 D0 03            [24] 1731 	pop	ar3
      000763 D0 02            [24] 1732 	pop	ar2
                                   1733 ;	../Common/DateTime.c:131: }
      000765 02r05r70         [24] 1734 	ljmp	00111$
                                   1735 ;------------------------------------------------------------
                                   1736 ;Allocation info for local variables in function 'CompareDateTime'
                                   1737 ;------------------------------------------------------------
                                   1738 ;dt2           Allocated with name '_CompareDateTime_PARM_2'
                                   1739 ;dt1           Allocated with name '_CompareDateTime_dt1_10000_35'
                                   1740 ;sloc0         Allocated with name '_CompareDateTime_sloc0_1_0'
                                   1741 ;sloc1         Allocated with name '_CompareDateTime_sloc1_1_0'
                                   1742 ;sloc2         Allocated with name '_CompareDateTime_sloc2_1_0'
                                   1743 ;sloc3         Allocated with name '_CompareDateTime_sloc3_1_0'
                                   1744 ;sloc4         Allocated with name '_CompareDateTime_sloc4_1_0'
                                   1745 ;sloc5         Allocated with name '_CompareDateTime_sloc5_1_0'
                                   1746 ;------------------------------------------------------------
                                   1747 ;	../Common/DateTime.c:134: int CompareDateTime(DateTimeStruct* dt1, DateTimeStruct* dt2)
                                   1748 ;	-----------------------------------------
                                   1749 ;	 function CompareDateTime
                                   1750 ;	-----------------------------------------
      000768                       1751 _CompareDateTime:
      000768 AF F0            [24] 1752 	mov	r7,b
      00076A AE 83            [24] 1753 	mov	r6,dph
      00076C E5 82            [12] 1754 	mov	a,dpl
      00076E 90r00r1D         [24] 1755 	mov	dptr,#_CompareDateTime_dt1_10000_35
      000771 F0               [24] 1756 	movx	@dptr,a
      000772 EE               [12] 1757 	mov	a,r6
      000773 A3               [24] 1758 	inc	dptr
      000774 F0               [24] 1759 	movx	@dptr,a
      000775 EF               [12] 1760 	mov	a,r7
      000776 A3               [24] 1761 	inc	dptr
      000777 F0               [24] 1762 	movx	@dptr,a
                                   1763 ;	../Common/DateTime.c:136: if (dt1->year == dt2->year)
      000778 90r00r1D         [24] 1764 	mov	dptr,#_CompareDateTime_dt1_10000_35
      00077B E0               [24] 1765 	movx	a,@dptr
      00077C F5*04            [12] 1766 	mov	_CompareDateTime_sloc2_1_0,a
      00077E A3               [24] 1767 	inc	dptr
      00077F E0               [24] 1768 	movx	a,@dptr
      000780 F5*05            [12] 1769 	mov	(_CompareDateTime_sloc2_1_0 + 1),a
      000782 A3               [24] 1770 	inc	dptr
      000783 E0               [24] 1771 	movx	a,@dptr
      000784 F5*06            [12] 1772 	mov	(_CompareDateTime_sloc2_1_0 + 2),a
      000786 74 06            [12] 1773 	mov	a,#0x06
      000788 25*04            [12] 1774 	add	a, _CompareDateTime_sloc2_1_0
      00078A FA               [12] 1775 	mov	r2,a
      00078B E4               [12] 1776 	clr	a
      00078C 35*05            [12] 1777 	addc	a, (_CompareDateTime_sloc2_1_0 + 1)
      00078E FB               [12] 1778 	mov	r3,a
      00078F AC*06            [24] 1779 	mov	r4,(_CompareDateTime_sloc2_1_0 + 2)
      000791 8A 82            [24] 1780 	mov	dpl,r2
      000793 8B 83            [24] 1781 	mov	dph,r3
      000795 8C F0            [24] 1782 	mov	b,r4
      000797 12r00r00         [24] 1783 	lcall	__gptrget
      00079A F5*00            [12] 1784 	mov	_CompareDateTime_sloc0_1_0,a
      00079C 90r00r1A         [24] 1785 	mov	dptr,#_CompareDateTime_PARM_2
      00079F E0               [24] 1786 	movx	a,@dptr
      0007A0 F5*01            [12] 1787 	mov	_CompareDateTime_sloc1_1_0,a
      0007A2 A3               [24] 1788 	inc	dptr
      0007A3 E0               [24] 1789 	movx	a,@dptr
      0007A4 F5*02            [12] 1790 	mov	(_CompareDateTime_sloc1_1_0 + 1),a
      0007A6 A3               [24] 1791 	inc	dptr
      0007A7 E0               [24] 1792 	movx	a,@dptr
      0007A8 F5*03            [12] 1793 	mov	(_CompareDateTime_sloc1_1_0 + 2),a
      0007AA 74 06            [12] 1794 	mov	a,#0x06
      0007AC 25*01            [12] 1795 	add	a, _CompareDateTime_sloc1_1_0
      0007AE F8               [12] 1796 	mov	r0,a
      0007AF E4               [12] 1797 	clr	a
      0007B0 35*02            [12] 1798 	addc	a, (_CompareDateTime_sloc1_1_0 + 1)
      0007B2 FB               [12] 1799 	mov	r3,a
      0007B3 AC*03            [24] 1800 	mov	r4,(_CompareDateTime_sloc1_1_0 + 2)
      0007B5 88 82            [24] 1801 	mov	dpl,r0
      0007B7 8B 83            [24] 1802 	mov	dph,r3
      0007B9 8C F0            [24] 1803 	mov	b,r4
      0007BB 12r00r00         [24] 1804 	lcall	__gptrget
      0007BE FC               [12] 1805 	mov	r4,a
      0007BF B5*00 02         [24] 1806 	cjne	a,_CompareDateTime_sloc0_1_0,00157$
      0007C2 80 03            [24] 1807 	sjmp	00158$
      0007C4                       1808 00157$:
      0007C4 02r09r37         [24] 1809 	ljmp	00117$
      0007C7                       1810 00158$:
                                   1811 ;	../Common/DateTime.c:138: if (dt1->month == dt2->month)
      0007C7 74 05            [12] 1812 	mov	a,#0x05
      0007C9 25*04            [12] 1813 	add	a, _CompareDateTime_sloc2_1_0
      0007CB F9               [12] 1814 	mov	r1,a
      0007CC E4               [12] 1815 	clr	a
      0007CD 35*05            [12] 1816 	addc	a, (_CompareDateTime_sloc2_1_0 + 1)
      0007CF FA               [12] 1817 	mov	r2,a
      0007D0 AB*06            [24] 1818 	mov	r3,(_CompareDateTime_sloc2_1_0 + 2)
      0007D2 89 82            [24] 1819 	mov	dpl,r1
      0007D4 8A 83            [24] 1820 	mov	dph,r2
      0007D6 8B F0            [24] 1821 	mov	b,r3
      0007D8 12r00r00         [24] 1822 	lcall	__gptrget
      0007DB FB               [12] 1823 	mov	r3,a
      0007DC 74 05            [12] 1824 	mov	a,#0x05
      0007DE 25*01            [12] 1825 	add	a, _CompareDateTime_sloc1_1_0
      0007E0 F8               [12] 1826 	mov	r0,a
      0007E1 E4               [12] 1827 	clr	a
      0007E2 35*02            [12] 1828 	addc	a, (_CompareDateTime_sloc1_1_0 + 1)
      0007E4 F9               [12] 1829 	mov	r1,a
      0007E5 AA*03            [24] 1830 	mov	r2,(_CompareDateTime_sloc1_1_0 + 2)
      0007E7 88 82            [24] 1831 	mov	dpl,r0
      0007E9 89 83            [24] 1832 	mov	dph,r1
      0007EB 8A F0            [24] 1833 	mov	b,r2
      0007ED 12r00r00         [24] 1834 	lcall	__gptrget
      0007F0 FA               [12] 1835 	mov	r2,a
      0007F1 EB               [12] 1836 	mov	a,r3
      0007F2 B5 02 02         [24] 1837 	cjne	a,ar2,00159$
      0007F5 80 03            [24] 1838 	sjmp	00160$
      0007F7                       1839 00159$:
      0007F7 02r09r28         [24] 1840 	ljmp	00114$
      0007FA                       1841 00160$:
                                   1842 ;	../Common/DateTime.c:140: if (dt1->day == dt2->day)
      0007FA 74 04            [12] 1843 	mov	a,#0x04
      0007FC 25*04            [12] 1844 	add	a, _CompareDateTime_sloc2_1_0
      0007FE F8               [12] 1845 	mov	r0,a
      0007FF E4               [12] 1846 	clr	a
      000800 35*05            [12] 1847 	addc	a, (_CompareDateTime_sloc2_1_0 + 1)
      000802 F9               [12] 1848 	mov	r1,a
      000803 AF*06            [24] 1849 	mov	r7,(_CompareDateTime_sloc2_1_0 + 2)
      000805 88 82            [24] 1850 	mov	dpl,r0
      000807 89 83            [24] 1851 	mov	dph,r1
      000809 8F F0            [24] 1852 	mov	b,r7
      00080B 12r00r00         [24] 1853 	lcall	__gptrget
      00080E FF               [12] 1854 	mov	r7,a
      00080F 74 04            [12] 1855 	mov	a,#0x04
      000811 25*01            [12] 1856 	add	a, _CompareDateTime_sloc1_1_0
      000813 F9               [12] 1857 	mov	r1,a
      000814 E4               [12] 1858 	clr	a
      000815 35*02            [12] 1859 	addc	a, (_CompareDateTime_sloc1_1_0 + 1)
      000817 FD               [12] 1860 	mov	r5,a
      000818 AE*03            [24] 1861 	mov	r6,(_CompareDateTime_sloc1_1_0 + 2)
      00081A 89 82            [24] 1862 	mov	dpl,r1
      00081C 8D 83            [24] 1863 	mov	dph,r5
      00081E 8E F0            [24] 1864 	mov	b,r6
      000820 12r00r00         [24] 1865 	lcall	__gptrget
      000823 FE               [12] 1866 	mov	r6,a
      000824 EF               [12] 1867 	mov	a,r7
      000825 B5 06 02         [24] 1868 	cjne	a,ar6,00161$
      000828 80 03            [24] 1869 	sjmp	00162$
      00082A                       1870 00161$:
      00082A 02r09r16         [24] 1871 	ljmp	00111$
      00082D                       1872 00162$:
                                   1873 ;	../Common/DateTime.c:142: if (dt1->hours == dt2->hours)
      00082D 74 02            [12] 1874 	mov	a,#0x02
      00082F 25*04            [12] 1875 	add	a, _CompareDateTime_sloc2_1_0
      000831 F8               [12] 1876 	mov	r0,a
      000832 E4               [12] 1877 	clr	a
      000833 35*05            [12] 1878 	addc	a, (_CompareDateTime_sloc2_1_0 + 1)
      000835 F9               [12] 1879 	mov	r1,a
      000836 AD*06            [24] 1880 	mov	r5,(_CompareDateTime_sloc2_1_0 + 2)
      000838 88 82            [24] 1881 	mov	dpl,r0
      00083A 89 83            [24] 1882 	mov	dph,r1
      00083C 8D F0            [24] 1883 	mov	b,r5
      00083E 12r00r00         [24] 1884 	lcall	__gptrget
      000841 F5*07            [12] 1885 	mov	_CompareDateTime_sloc3_1_0,a
      000843 74 02            [12] 1886 	mov	a,#0x02
      000845 25*01            [12] 1887 	add	a, _CompareDateTime_sloc1_1_0
      000847 F8               [12] 1888 	mov	r0,a
      000848 E4               [12] 1889 	clr	a
      000849 35*02            [12] 1890 	addc	a, (_CompareDateTime_sloc1_1_0 + 1)
      00084B F9               [12] 1891 	mov	r1,a
      00084C AD*03            [24] 1892 	mov	r5,(_CompareDateTime_sloc1_1_0 + 2)
      00084E 88 82            [24] 1893 	mov	dpl,r0
      000850 89 83            [24] 1894 	mov	dph,r1
      000852 8D F0            [24] 1895 	mov	b,r5
      000854 12r00r00         [24] 1896 	lcall	__gptrget
      000857 FD               [12] 1897 	mov	r5,a
      000858 B5*07 02         [24] 1898 	cjne	a,_CompareDateTime_sloc3_1_0,00163$
      00085B 80 03            [24] 1899 	sjmp	00164$
      00085D                       1900 00163$:
      00085D 02r08rFE         [24] 1901 	ljmp	00108$
      000860                       1902 00164$:
                                   1903 ;	../Common/DateTime.c:144: if (dt1->minutes == dt2->minutes)
      000860 74 01            [12] 1904 	mov	a,#0x01
      000862 25*04            [12] 1905 	add	a, _CompareDateTime_sloc2_1_0
      000864 F5*08            [12] 1906 	mov	_CompareDateTime_sloc4_1_0,a
      000866 E4               [12] 1907 	clr	a
      000867 35*05            [12] 1908 	addc	a, (_CompareDateTime_sloc2_1_0 + 1)
      000869 F5*09            [12] 1909 	mov	(_CompareDateTime_sloc4_1_0 + 1),a
      00086B 85*06*0A         [24] 1910 	mov	(_CompareDateTime_sloc4_1_0 + 2),(_CompareDateTime_sloc2_1_0 + 2)
      00086E 85*08 82         [24] 1911 	mov	dpl,_CompareDateTime_sloc4_1_0
      000871 85*09 83         [24] 1912 	mov	dph,(_CompareDateTime_sloc4_1_0 + 1)
      000874 85*0A F0         [24] 1913 	mov	b,(_CompareDateTime_sloc4_1_0 + 2)
      000877 12r00r00         [24] 1914 	lcall	__gptrget
      00087A F5*08            [12] 1915 	mov	_CompareDateTime_sloc4_1_0,a
      00087C 74 01            [12] 1916 	mov	a,#0x01
      00087E 25*01            [12] 1917 	add	a, _CompareDateTime_sloc1_1_0
      000880 F5*0B            [12] 1918 	mov	_CompareDateTime_sloc5_1_0,a
      000882 E4               [12] 1919 	clr	a
      000883 35*02            [12] 1920 	addc	a, (_CompareDateTime_sloc1_1_0 + 1)
      000885 F5*0C            [12] 1921 	mov	(_CompareDateTime_sloc5_1_0 + 1),a
      000887 85*03*0D         [24] 1922 	mov	(_CompareDateTime_sloc5_1_0 + 2),(_CompareDateTime_sloc1_1_0 + 2)
      00088A 85*0B 82         [24] 1923 	mov	dpl,_CompareDateTime_sloc5_1_0
      00088D 85*0C 83         [24] 1924 	mov	dph,(_CompareDateTime_sloc5_1_0 + 1)
      000890 85*0D F0         [24] 1925 	mov	b,(_CompareDateTime_sloc5_1_0 + 2)
      000893 12r00r00         [24] 1926 	lcall	__gptrget
      000896 F5*0B            [12] 1927 	mov	_CompareDateTime_sloc5_1_0,a
      000898 B5*08 4E         [24] 1928 	cjne	a,_CompareDateTime_sloc4_1_0,00105$
                                   1929 ;	../Common/DateTime.c:146: if (dt1->seconds == dt2->seconds)
      00089B 85*04*0B         [24] 1930 	mov	_CompareDateTime_sloc5_1_0,_CompareDateTime_sloc2_1_0
      00089E 85*05*0C         [24] 1931 	mov	(_CompareDateTime_sloc5_1_0 + 1),(_CompareDateTime_sloc2_1_0 + 1)
      0008A1 85*06*0D         [24] 1932 	mov	(_CompareDateTime_sloc5_1_0 + 2),(_CompareDateTime_sloc2_1_0 + 2)
      0008A4 85*0B 82         [24] 1933 	mov	dpl,_CompareDateTime_sloc5_1_0
      0008A7 85*0C 83         [24] 1934 	mov	dph,(_CompareDateTime_sloc5_1_0 + 1)
      0008AA 85*0D F0         [24] 1935 	mov	b,(_CompareDateTime_sloc5_1_0 + 2)
      0008AD 12r00r00         [24] 1936 	lcall	__gptrget
      0008B0 F5*0B            [12] 1937 	mov	_CompareDateTime_sloc5_1_0,a
      0008B2 85*01*04         [24] 1938 	mov	_CompareDateTime_sloc2_1_0,_CompareDateTime_sloc1_1_0
      0008B5 85*02*05         [24] 1939 	mov	(_CompareDateTime_sloc2_1_0 + 1),(_CompareDateTime_sloc1_1_0 + 1)
      0008B8 85*03*06         [24] 1940 	mov	(_CompareDateTime_sloc2_1_0 + 2),(_CompareDateTime_sloc1_1_0 + 2)
      0008BB 85*04 82         [24] 1941 	mov	dpl,_CompareDateTime_sloc2_1_0
      0008BE 85*05 83         [24] 1942 	mov	dph,(_CompareDateTime_sloc2_1_0 + 1)
      0008C1 85*06 F0         [24] 1943 	mov	b,(_CompareDateTime_sloc2_1_0 + 2)
      0008C4 12r00r00         [24] 1944 	lcall	__gptrget
      0008C7 F5*04            [12] 1945 	mov	_CompareDateTime_sloc2_1_0,a
      0008C9 B5*0B 04         [24] 1946 	cjne	a,_CompareDateTime_sloc5_1_0,00102$
                                   1947 ;	../Common/DateTime.c:148: return 0;
      0008CC 90 00 00         [24] 1948 	mov	dptr,#0x0000
      0008CF 22               [24] 1949 	ret
      0008D0                       1950 00102$:
                                   1951 ;	../Common/DateTime.c:152: return dt1->seconds - dt2->seconds;
      0008D0 E4               [12] 1952 	clr	a
      0008D1 F5*0C            [12] 1953 	mov	(_CompareDateTime_sloc5_1_0 + 1),a
      0008D3 F5*05            [12] 1954 	mov	(_CompareDateTime_sloc2_1_0 + 1),a
      0008D5 E5*0B            [12] 1955 	mov	a,_CompareDateTime_sloc5_1_0
      0008D7 C3               [12] 1956 	clr	c
      0008D8 95*04            [12] 1957 	subb	a,_CompareDateTime_sloc2_1_0
      0008DA F5*0B            [12] 1958 	mov	_CompareDateTime_sloc5_1_0,a
      0008DC E5*0C            [12] 1959 	mov	a,(_CompareDateTime_sloc5_1_0 + 1)
      0008DE 95*05            [12] 1960 	subb	a,(_CompareDateTime_sloc2_1_0 + 1)
      0008E0 F5*0C            [12] 1961 	mov	(_CompareDateTime_sloc5_1_0 + 1),a
      0008E2 85*0B 82         [24] 1962 	mov	dpl, _CompareDateTime_sloc5_1_0
      0008E5 85*0C 83         [24] 1963 	mov	dph, (_CompareDateTime_sloc5_1_0 + 1)
      0008E8 22               [24] 1964 	ret
      0008E9                       1965 00105$:
                                   1966 ;	../Common/DateTime.c:157: return dt1->minutes - dt2->minutes;
      0008E9 75*09 00         [24] 1967 	mov	(_CompareDateTime_sloc4_1_0 + 1),#0x00
      0008EC A8*0B            [24] 1968 	mov	r0,_CompareDateTime_sloc5_1_0
      0008EE 79 00            [12] 1969 	mov	r1,#0x00
      0008F0 E5*08            [12] 1970 	mov	a,_CompareDateTime_sloc4_1_0
      0008F2 C3               [12] 1971 	clr	c
      0008F3 98               [12] 1972 	subb	a,r0
      0008F4 F8               [12] 1973 	mov	r0,a
      0008F5 E5*09            [12] 1974 	mov	a,(_CompareDateTime_sloc4_1_0 + 1)
      0008F7 99               [12] 1975 	subb	a,r1
      0008F8 F9               [12] 1976 	mov	r1,a
      0008F9 88 82            [24] 1977 	mov	dpl, r0
      0008FB 89 83            [24] 1978 	mov	dph, r1
      0008FD 22               [24] 1979 	ret
      0008FE                       1980 00108$:
                                   1981 ;	../Common/DateTime.c:162: return dt1->hours - dt2->hours;
      0008FE 85*07*0B         [24] 1982 	mov	_CompareDateTime_sloc5_1_0,_CompareDateTime_sloc3_1_0
      000901 75*0C 00         [24] 1983 	mov	(_CompareDateTime_sloc5_1_0 + 1),#0x00
      000904 8D 01            [24] 1984 	mov	ar1,r5
      000906 7D 00            [12] 1985 	mov	r5,#0x00
      000908 E5*0B            [12] 1986 	mov	a,_CompareDateTime_sloc5_1_0
      00090A C3               [12] 1987 	clr	c
      00090B 99               [12] 1988 	subb	a,r1
      00090C F9               [12] 1989 	mov	r1,a
      00090D E5*0C            [12] 1990 	mov	a,(_CompareDateTime_sloc5_1_0 + 1)
      00090F 9D               [12] 1991 	subb	a,r5
      000910 FD               [12] 1992 	mov	r5,a
      000911 89 82            [24] 1993 	mov	dpl, r1
      000913 8D 83            [24] 1994 	mov	dph, r5
      000915 22               [24] 1995 	ret
      000916                       1996 00111$:
                                   1997 ;	../Common/DateTime.c:167: return dt1->day - dt2->day;
      000916 7D 00            [12] 1998 	mov	r5,#0x00
      000918 8E 01            [24] 1999 	mov	ar1,r6
      00091A 7E 00            [12] 2000 	mov	r6,#0x00
      00091C EF               [12] 2001 	mov	a,r7
      00091D C3               [12] 2002 	clr	c
      00091E 99               [12] 2003 	subb	a,r1
      00091F FF               [12] 2004 	mov	r7,a
      000920 ED               [12] 2005 	mov	a,r5
      000921 9E               [12] 2006 	subb	a,r6
      000922 FD               [12] 2007 	mov	r5,a
      000923 8F 82            [24] 2008 	mov	dpl, r7
      000925 8D 83            [24] 2009 	mov	dph, r5
      000927 22               [24] 2010 	ret
      000928                       2011 00114$:
                                   2012 ;	../Common/DateTime.c:172: return dt1->month - dt2->month;
      000928 E4               [12] 2013 	clr	a
      000929 FF               [12] 2014 	mov	r7,a
      00092A FE               [12] 2015 	mov	r6,a
      00092B EB               [12] 2016 	mov	a,r3
      00092C C3               [12] 2017 	clr	c
      00092D 9A               [12] 2018 	subb	a,r2
      00092E FB               [12] 2019 	mov	r3,a
      00092F EF               [12] 2020 	mov	a,r7
      000930 9E               [12] 2021 	subb	a,r6
      000931 FF               [12] 2022 	mov	r7,a
      000932 8B 82            [24] 2023 	mov	dpl, r3
      000934 8F 83            [24] 2024 	mov	dph, r7
      000936 22               [24] 2025 	ret
      000937                       2026 00117$:
                                   2027 ;	../Common/DateTime.c:177: return dt1->year - dt2->year;
      000937 AE*00            [24] 2028 	mov	r6,_CompareDateTime_sloc0_1_0
      000939 E4               [12] 2029 	clr	a
      00093A FF               [12] 2030 	mov	r7,a
      00093B FD               [12] 2031 	mov	r5,a
      00093C EE               [12] 2032 	mov	a,r6
      00093D C3               [12] 2033 	clr	c
      00093E 9C               [12] 2034 	subb	a,r4
      00093F FE               [12] 2035 	mov	r6,a
      000940 EF               [12] 2036 	mov	a,r7
      000941 9D               [12] 2037 	subb	a,r5
                                   2038 ;	../Common/DateTime.c:180: }
      000942 8E 82            [24] 2039 	mov	dpl,r6
      000944 F5 83            [12] 2040 	mov	dph,a
      000946 22               [24] 2041 	ret
                                   2042 	.area CSEG    (CODE)
                                   2043 	.area CONST   (CODE)
                                   2044 	.area XINIT   (CODE)
                                   2045 	.area CABS    (ABS,CODE)
