                                      1 ;--------------------------------------------------------
                                      2 ; File Created by SDCC : free open source ANSI-C Compiler
                                      3 ; Version 4.0.0 #11528 (MINGW64)
                                      4 ;--------------------------------------------------------
                                      5 	.module MenuMgr
                                      6 	.optsdcc -mmcs51 --model-large
                                      7 	
                                      8 ;--------------------------------------------------------
                                      9 ; Public variables in this module
                                     10 ;--------------------------------------------------------
                                     11 	.globl _HandleMenuCommand
                                     12 	.globl _P5_7
                                     13 	.globl _P5_6
                                     14 	.globl _P5_5
                                     15 	.globl _P5_4
                                     16 	.globl _P5_3
                                     17 	.globl _P5_2
                                     18 	.globl _P5_1
                                     19 	.globl _P5_0
                                     20 	.globl _P4_7
                                     21 	.globl _P4_6
                                     22 	.globl _P4_5
                                     23 	.globl _P4_4
                                     24 	.globl _P4_3
                                     25 	.globl _P4_2
                                     26 	.globl _P4_1
                                     27 	.globl _P4_0
                                     28 	.globl _PX0L
                                     29 	.globl _PT0L
                                     30 	.globl _PX1L
                                     31 	.globl _PT1L
                                     32 	.globl _PSL
                                     33 	.globl _PT2L
                                     34 	.globl _PPCL
                                     35 	.globl _EC
                                     36 	.globl _CCF0
                                     37 	.globl _CCF1
                                     38 	.globl _CCF2
                                     39 	.globl _CCF3
                                     40 	.globl _CCF4
                                     41 	.globl _CR
                                     42 	.globl _CF
                                     43 	.globl _TF2
                                     44 	.globl _EXF2
                                     45 	.globl _RCLK
                                     46 	.globl _TCLK
                                     47 	.globl _EXEN2
                                     48 	.globl _TR2
                                     49 	.globl _C_T2
                                     50 	.globl _CP_RL2
                                     51 	.globl _T2CON_7
                                     52 	.globl _T2CON_6
                                     53 	.globl _T2CON_5
                                     54 	.globl _T2CON_4
                                     55 	.globl _T2CON_3
                                     56 	.globl _T2CON_2
                                     57 	.globl _T2CON_1
                                     58 	.globl _T2CON_0
                                     59 	.globl _PT2
                                     60 	.globl _ET2
                                     61 	.globl _CY
                                     62 	.globl _AC
                                     63 	.globl _F0
                                     64 	.globl _RS1
                                     65 	.globl _RS0
                                     66 	.globl _OV
                                     67 	.globl _F1
                                     68 	.globl _P
                                     69 	.globl _PS
                                     70 	.globl _PT1
                                     71 	.globl _PX1
                                     72 	.globl _PT0
                                     73 	.globl _PX0
                                     74 	.globl _RD
                                     75 	.globl _WR
                                     76 	.globl _T1
                                     77 	.globl _T0
                                     78 	.globl _INT1
                                     79 	.globl _INT0
                                     80 	.globl _TXD
                                     81 	.globl _RXD
                                     82 	.globl _P3_7
                                     83 	.globl _P3_6
                                     84 	.globl _P3_5
                                     85 	.globl _P3_4
                                     86 	.globl _P3_3
                                     87 	.globl _P3_2
                                     88 	.globl _P3_1
                                     89 	.globl _P3_0
                                     90 	.globl _EA
                                     91 	.globl _ES
                                     92 	.globl _ET1
                                     93 	.globl _EX1
                                     94 	.globl _ET0
                                     95 	.globl _EX0
                                     96 	.globl _P2_7
                                     97 	.globl _P2_6
                                     98 	.globl _P2_5
                                     99 	.globl _P2_4
                                    100 	.globl _P2_3
                                    101 	.globl _P2_2
                                    102 	.globl _P2_1
                                    103 	.globl _P2_0
                                    104 	.globl _SM0
                                    105 	.globl _SM1
                                    106 	.globl _SM2
                                    107 	.globl _REN
                                    108 	.globl _TB8
                                    109 	.globl _RB8
                                    110 	.globl _TI
                                    111 	.globl _RI
                                    112 	.globl _P1_7
                                    113 	.globl _P1_6
                                    114 	.globl _P1_5
                                    115 	.globl _P1_4
                                    116 	.globl _P1_3
                                    117 	.globl _P1_2
                                    118 	.globl _P1_1
                                    119 	.globl _P1_0
                                    120 	.globl _TF1
                                    121 	.globl _TR1
                                    122 	.globl _TF0
                                    123 	.globl _TR0
                                    124 	.globl _IE1
                                    125 	.globl _IT1
                                    126 	.globl _IE0
                                    127 	.globl _IT0
                                    128 	.globl _P0_7
                                    129 	.globl _P0_6
                                    130 	.globl _P0_5
                                    131 	.globl _P0_4
                                    132 	.globl _P0_3
                                    133 	.globl _P0_2
                                    134 	.globl _P0_1
                                    135 	.globl _P0_0
                                    136 	.globl _EECON
                                    137 	.globl _KBF
                                    138 	.globl _KBE
                                    139 	.globl _KBLS
                                    140 	.globl _BRL
                                    141 	.globl _BDRCON
                                    142 	.globl _T2MOD
                                    143 	.globl _SPDAT
                                    144 	.globl _SPSTA
                                    145 	.globl _SPCON
                                    146 	.globl _SADEN
                                    147 	.globl _SADDR
                                    148 	.globl _WDTPRG
                                    149 	.globl _WDTRST
                                    150 	.globl _P5
                                    151 	.globl _P4
                                    152 	.globl _IPH1
                                    153 	.globl _IPL1
                                    154 	.globl _IPH0
                                    155 	.globl _IPL0
                                    156 	.globl _IEN1
                                    157 	.globl _IEN0
                                    158 	.globl _CMOD
                                    159 	.globl _CL
                                    160 	.globl _CH
                                    161 	.globl _CCON
                                    162 	.globl _CCAPM4
                                    163 	.globl _CCAPM3
                                    164 	.globl _CCAPM2
                                    165 	.globl _CCAPM1
                                    166 	.globl _CCAPM0
                                    167 	.globl _CCAP4L
                                    168 	.globl _CCAP3L
                                    169 	.globl _CCAP2L
                                    170 	.globl _CCAP1L
                                    171 	.globl _CCAP0L
                                    172 	.globl _CCAP4H
                                    173 	.globl _CCAP3H
                                    174 	.globl _CCAP2H
                                    175 	.globl _CCAP1H
                                    176 	.globl _CCAP0H
                                    177 	.globl _CKCON1
                                    178 	.globl _CKCON0
                                    179 	.globl _CKRL
                                    180 	.globl _AUXR1
                                    181 	.globl _AUXR
                                    182 	.globl _TH2
                                    183 	.globl _TL2
                                    184 	.globl _RCAP2H
                                    185 	.globl _RCAP2L
                                    186 	.globl _T2CON
                                    187 	.globl _B
                                    188 	.globl _ACC
                                    189 	.globl _PSW
                                    190 	.globl _IP
                                    191 	.globl _P3
                                    192 	.globl _IE
                                    193 	.globl _P2
                                    194 	.globl _SBUF
                                    195 	.globl _SCON
                                    196 	.globl _P1
                                    197 	.globl _TH1
                                    198 	.globl _TH0
                                    199 	.globl _TL1
                                    200 	.globl _TL0
                                    201 	.globl _TMOD
                                    202 	.globl _TCON
                                    203 	.globl _PCON
                                    204 	.globl _DPH
                                    205 	.globl _DPL
                                    206 	.globl _SP
                                    207 	.globl _P0
                                    208 	.globl _RenderMenuOnBuffer_PARM_2
                                    209 	.globl _GetMenuItemExtent_PARM_3
                                    210 	.globl _GetMenuItemExtent_PARM_2
                                    211 	.globl _RenderActiveMenu_PARM_3
                                    212 	.globl _RenderActiveMenu_PARM_2
                                    213 	.globl _AddMenuDefinition_PARM_3
                                    214 	.globl _AddMenuDefinition_PARM_2
                                    215 	.globl _MenuController
                                    216 	.globl _MenuDefinitionCounter
                                    217 	.globl _MenuDefinitions
                                    218 	.globl _InitialiseMenuDefinitions
                                    219 	.globl _TerminateMenuDefinitions
                                    220 	.globl _AddMenuDefinition
                                    221 	.globl _InitialiseMenuController
                                    222 	.globl _MenuNavigation
                                    223 	.globl _RenderActiveMenu
                                    224 	.globl _GetMenuItemExtent
                                    225 	.globl _RenderMenuOnBuffer
                                    226 	.globl _IsParentMenu
                                    227 	.globl _IsGoBack
                                    228 	.globl _GoSubMenu
                                    229 	.globl _GoRight
                                    230 	.globl _GoLeft
                                    231 	.globl _GoBackUp
                                    232 ;--------------------------------------------------------
                                    233 ; special function registers
                                    234 ;--------------------------------------------------------
                                    235 	.area RSEG    (ABS,DATA)
      000000                        236 	.org 0x0000
                           000080   237 _P0	=	0x0080
                           000081   238 _SP	=	0x0081
                           000082   239 _DPL	=	0x0082
                           000083   240 _DPH	=	0x0083
                           000087   241 _PCON	=	0x0087
                           000088   242 _TCON	=	0x0088
                           000089   243 _TMOD	=	0x0089
                           00008A   244 _TL0	=	0x008a
                           00008B   245 _TL1	=	0x008b
                           00008C   246 _TH0	=	0x008c
                           00008D   247 _TH1	=	0x008d
                           000090   248 _P1	=	0x0090
                           000098   249 _SCON	=	0x0098
                           000099   250 _SBUF	=	0x0099
                           0000A0   251 _P2	=	0x00a0
                           0000A8   252 _IE	=	0x00a8
                           0000B0   253 _P3	=	0x00b0
                           0000B8   254 _IP	=	0x00b8
                           0000D0   255 _PSW	=	0x00d0
                           0000E0   256 _ACC	=	0x00e0
                           0000F0   257 _B	=	0x00f0
                           0000C8   258 _T2CON	=	0x00c8
                           0000CA   259 _RCAP2L	=	0x00ca
                           0000CB   260 _RCAP2H	=	0x00cb
                           0000CC   261 _TL2	=	0x00cc
                           0000CD   262 _TH2	=	0x00cd
                           00008E   263 _AUXR	=	0x008e
                           0000A2   264 _AUXR1	=	0x00a2
                           000097   265 _CKRL	=	0x0097
                           00008F   266 _CKCON0	=	0x008f
                           0000AF   267 _CKCON1	=	0x00af
                           0000FA   268 _CCAP0H	=	0x00fa
                           0000FB   269 _CCAP1H	=	0x00fb
                           0000FC   270 _CCAP2H	=	0x00fc
                           0000FD   271 _CCAP3H	=	0x00fd
                           0000FE   272 _CCAP4H	=	0x00fe
                           0000EA   273 _CCAP0L	=	0x00ea
                           0000EB   274 _CCAP1L	=	0x00eb
                           0000EC   275 _CCAP2L	=	0x00ec
                           0000ED   276 _CCAP3L	=	0x00ed
                           0000EE   277 _CCAP4L	=	0x00ee
                           0000DA   278 _CCAPM0	=	0x00da
                           0000DB   279 _CCAPM1	=	0x00db
                           0000DC   280 _CCAPM2	=	0x00dc
                           0000DD   281 _CCAPM3	=	0x00dd
                           0000DE   282 _CCAPM4	=	0x00de
                           0000D8   283 _CCON	=	0x00d8
                           0000F9   284 _CH	=	0x00f9
                           0000E9   285 _CL	=	0x00e9
                           0000D9   286 _CMOD	=	0x00d9
                           0000A8   287 _IEN0	=	0x00a8
                           0000B1   288 _IEN1	=	0x00b1
                           0000B8   289 _IPL0	=	0x00b8
                           0000B7   290 _IPH0	=	0x00b7
                           0000B2   291 _IPL1	=	0x00b2
                           0000B3   292 _IPH1	=	0x00b3
                           0000C0   293 _P4	=	0x00c0
                           0000E8   294 _P5	=	0x00e8
                           0000A6   295 _WDTRST	=	0x00a6
                           0000A7   296 _WDTPRG	=	0x00a7
                           0000A9   297 _SADDR	=	0x00a9
                           0000B9   298 _SADEN	=	0x00b9
                           0000C3   299 _SPCON	=	0x00c3
                           0000C4   300 _SPSTA	=	0x00c4
                           0000C5   301 _SPDAT	=	0x00c5
                           0000C9   302 _T2MOD	=	0x00c9
                           00009B   303 _BDRCON	=	0x009b
                           00009A   304 _BRL	=	0x009a
                           00009C   305 _KBLS	=	0x009c
                           00009D   306 _KBE	=	0x009d
                           00009E   307 _KBF	=	0x009e
                           0000D2   308 _EECON	=	0x00d2
                                    309 ;--------------------------------------------------------
                                    310 ; special function bits
                                    311 ;--------------------------------------------------------
                                    312 	.area RSEG    (ABS,DATA)
      000000                        313 	.org 0x0000
                           000080   314 _P0_0	=	0x0080
                           000081   315 _P0_1	=	0x0081
                           000082   316 _P0_2	=	0x0082
                           000083   317 _P0_3	=	0x0083
                           000084   318 _P0_4	=	0x0084
                           000085   319 _P0_5	=	0x0085
                           000086   320 _P0_6	=	0x0086
                           000087   321 _P0_7	=	0x0087
                           000088   322 _IT0	=	0x0088
                           000089   323 _IE0	=	0x0089
                           00008A   324 _IT1	=	0x008a
                           00008B   325 _IE1	=	0x008b
                           00008C   326 _TR0	=	0x008c
                           00008D   327 _TF0	=	0x008d
                           00008E   328 _TR1	=	0x008e
                           00008F   329 _TF1	=	0x008f
                           000090   330 _P1_0	=	0x0090
                           000091   331 _P1_1	=	0x0091
                           000092   332 _P1_2	=	0x0092
                           000093   333 _P1_3	=	0x0093
                           000094   334 _P1_4	=	0x0094
                           000095   335 _P1_5	=	0x0095
                           000096   336 _P1_6	=	0x0096
                           000097   337 _P1_7	=	0x0097
                           000098   338 _RI	=	0x0098
                           000099   339 _TI	=	0x0099
                           00009A   340 _RB8	=	0x009a
                           00009B   341 _TB8	=	0x009b
                           00009C   342 _REN	=	0x009c
                           00009D   343 _SM2	=	0x009d
                           00009E   344 _SM1	=	0x009e
                           00009F   345 _SM0	=	0x009f
                           0000A0   346 _P2_0	=	0x00a0
                           0000A1   347 _P2_1	=	0x00a1
                           0000A2   348 _P2_2	=	0x00a2
                           0000A3   349 _P2_3	=	0x00a3
                           0000A4   350 _P2_4	=	0x00a4
                           0000A5   351 _P2_5	=	0x00a5
                           0000A6   352 _P2_6	=	0x00a6
                           0000A7   353 _P2_7	=	0x00a7
                           0000A8   354 _EX0	=	0x00a8
                           0000A9   355 _ET0	=	0x00a9
                           0000AA   356 _EX1	=	0x00aa
                           0000AB   357 _ET1	=	0x00ab
                           0000AC   358 _ES	=	0x00ac
                           0000AF   359 _EA	=	0x00af
                           0000B0   360 _P3_0	=	0x00b0
                           0000B1   361 _P3_1	=	0x00b1
                           0000B2   362 _P3_2	=	0x00b2
                           0000B3   363 _P3_3	=	0x00b3
                           0000B4   364 _P3_4	=	0x00b4
                           0000B5   365 _P3_5	=	0x00b5
                           0000B6   366 _P3_6	=	0x00b6
                           0000B7   367 _P3_7	=	0x00b7
                           0000B0   368 _RXD	=	0x00b0
                           0000B1   369 _TXD	=	0x00b1
                           0000B2   370 _INT0	=	0x00b2
                           0000B3   371 _INT1	=	0x00b3
                           0000B4   372 _T0	=	0x00b4
                           0000B5   373 _T1	=	0x00b5
                           0000B6   374 _WR	=	0x00b6
                           0000B7   375 _RD	=	0x00b7
                           0000B8   376 _PX0	=	0x00b8
                           0000B9   377 _PT0	=	0x00b9
                           0000BA   378 _PX1	=	0x00ba
                           0000BB   379 _PT1	=	0x00bb
                           0000BC   380 _PS	=	0x00bc
                           0000D0   381 _P	=	0x00d0
                           0000D1   382 _F1	=	0x00d1
                           0000D2   383 _OV	=	0x00d2
                           0000D3   384 _RS0	=	0x00d3
                           0000D4   385 _RS1	=	0x00d4
                           0000D5   386 _F0	=	0x00d5
                           0000D6   387 _AC	=	0x00d6
                           0000D7   388 _CY	=	0x00d7
                           0000AD   389 _ET2	=	0x00ad
                           0000BD   390 _PT2	=	0x00bd
                           0000C8   391 _T2CON_0	=	0x00c8
                           0000C9   392 _T2CON_1	=	0x00c9
                           0000CA   393 _T2CON_2	=	0x00ca
                           0000CB   394 _T2CON_3	=	0x00cb
                           0000CC   395 _T2CON_4	=	0x00cc
                           0000CD   396 _T2CON_5	=	0x00cd
                           0000CE   397 _T2CON_6	=	0x00ce
                           0000CF   398 _T2CON_7	=	0x00cf
                           0000C8   399 _CP_RL2	=	0x00c8
                           0000C9   400 _C_T2	=	0x00c9
                           0000CA   401 _TR2	=	0x00ca
                           0000CB   402 _EXEN2	=	0x00cb
                           0000CC   403 _TCLK	=	0x00cc
                           0000CD   404 _RCLK	=	0x00cd
                           0000CE   405 _EXF2	=	0x00ce
                           0000CF   406 _TF2	=	0x00cf
                           0000DF   407 _CF	=	0x00df
                           0000DE   408 _CR	=	0x00de
                           0000DC   409 _CCF4	=	0x00dc
                           0000DB   410 _CCF3	=	0x00db
                           0000DA   411 _CCF2	=	0x00da
                           0000D9   412 _CCF1	=	0x00d9
                           0000D8   413 _CCF0	=	0x00d8
                           0000AE   414 _EC	=	0x00ae
                           0000BE   415 _PPCL	=	0x00be
                           0000BD   416 _PT2L	=	0x00bd
                           0000BC   417 _PSL	=	0x00bc
                           0000BB   418 _PT1L	=	0x00bb
                           0000BA   419 _PX1L	=	0x00ba
                           0000B9   420 _PT0L	=	0x00b9
                           0000B8   421 _PX0L	=	0x00b8
                           0000C0   422 _P4_0	=	0x00c0
                           0000C1   423 _P4_1	=	0x00c1
                           0000C2   424 _P4_2	=	0x00c2
                           0000C3   425 _P4_3	=	0x00c3
                           0000C4   426 _P4_4	=	0x00c4
                           0000C5   427 _P4_5	=	0x00c5
                           0000C6   428 _P4_6	=	0x00c6
                           0000C7   429 _P4_7	=	0x00c7
                           0000E8   430 _P5_0	=	0x00e8
                           0000E9   431 _P5_1	=	0x00e9
                           0000EA   432 _P5_2	=	0x00ea
                           0000EB   433 _P5_3	=	0x00eb
                           0000EC   434 _P5_4	=	0x00ec
                           0000ED   435 _P5_5	=	0x00ed
                           0000EE   436 _P5_6	=	0x00ee
                           0000EF   437 _P5_7	=	0x00ef
                                    438 ;--------------------------------------------------------
                                    439 ; overlayable register banks
                                    440 ;--------------------------------------------------------
                                    441 	.area REG_BANK_0	(REL,OVR,DATA)
      000000                        442 	.ds 8
                                    443 ;--------------------------------------------------------
                                    444 ; internal ram data
                                    445 ;--------------------------------------------------------
                                    446 	.area DSEG    (DATA)
      000000                        447 _RenderActiveMenu_sloc0_1_0:
      000000                        448 	.ds 2
      000002                        449 _RenderActiveMenu_sloc1_1_0:
      000002                        450 	.ds 2
      000004                        451 _RenderActiveMenu_sloc2_1_0:
      000004                        452 	.ds 2
      000006                        453 _RenderActiveMenu_sloc3_1_0:
      000006                        454 	.ds 2
      000008                        455 _RenderActiveMenu_sloc4_1_0:
      000008                        456 	.ds 2
      00000A                        457 _RenderActiveMenu_sloc5_1_0:
      00000A                        458 	.ds 3
      00000D                        459 _GetMenuItemExtent_sloc0_1_0:
      00000D                        460 	.ds 2
      00000F                        461 _GetMenuItemExtent_sloc1_1_0:
      00000F                        462 	.ds 2
      000011                        463 _GetMenuItemExtent_sloc2_1_0:
      000011                        464 	.ds 2
      000013                        465 _GetMenuItemExtent_sloc3_1_0:
      000013                        466 	.ds 2
      000015                        467 _GetMenuItemExtent_sloc4_1_0:
      000015                        468 	.ds 2
      000017                        469 _GetMenuItemExtent_sloc5_1_0:
      000017                        470 	.ds 3
      00001A                        471 _RenderMenuOnBuffer_sloc0_1_0:
      00001A                        472 	.ds 2
      00001C                        473 _IsParentMenu_sloc0_1_0:
      00001C                        474 	.ds 2
      00001E                        475 _GoRight_sloc0_1_0:
      00001E                        476 	.ds 2
                                    477 ;--------------------------------------------------------
                                    478 ; overlayable items in internal ram 
                                    479 ;--------------------------------------------------------
                                    480 ;--------------------------------------------------------
                                    481 ; indirectly addressable internal ram data
                                    482 ;--------------------------------------------------------
                                    483 	.area ISEG    (DATA)
                                    484 ;--------------------------------------------------------
                                    485 ; absolute internal ram data
                                    486 ;--------------------------------------------------------
                                    487 	.area IABS    (ABS,DATA)
                                    488 	.area IABS    (ABS,DATA)
                                    489 ;--------------------------------------------------------
                                    490 ; bit data
                                    491 ;--------------------------------------------------------
                                    492 	.area BSEG    (BIT)
                                    493 ;--------------------------------------------------------
                                    494 ; paged external ram data
                                    495 ;--------------------------------------------------------
                                    496 	.area PSEG    (PAG,XDATA)
                                    497 ;--------------------------------------------------------
                                    498 ; external ram data
                                    499 ;--------------------------------------------------------
                                    500 	.area XSEG    (XDATA)
      000000                        501 _MenuDefinitions::
      000000                        502 	.ds 200
      0000C8                        503 _MenuDefinitionCounter::
      0000C8                        504 	.ds 2
      0000CA                        505 _MenuController::
      0000CA                        506 	.ds 6
      0000D0                        507 _AddMenuDefinition_PARM_2:
      0000D0                        508 	.ds 2
      0000D2                        509 _AddMenuDefinition_PARM_3:
      0000D2                        510 	.ds 2
      0000D4                        511 _AddMenuDefinition_text_65536_61:
      0000D4                        512 	.ds 3
      0000D7                        513 _MenuNavigation_navType_65536_65:
      0000D7                        514 	.ds 1
      0000D8                        515 _RenderActiveMenu_PARM_2:
      0000D8                        516 	.ds 2
      0000DA                        517 _RenderActiveMenu_PARM_3:
      0000DA                        518 	.ds 2
      0000DC                        519 _RenderActiveMenu_pDisplay_65536_71:
      0000DC                        520 	.ds 3
      0000DF                        521 _RenderActiveMenu_ch_65536_72:
      0000DF                        522 	.ds 1
      0000E0                        523 _RenderActiveMenu_currentPos_65536_72:
      0000E0                        524 	.ds 2
      0000E2                        525 _GetMenuItemExtent_PARM_2:
      0000E2                        526 	.ds 3
      0000E5                        527 _GetMenuItemExtent_PARM_3:
      0000E5                        528 	.ds 3
      0000E8                        529 _GetMenuItemExtent_menuItem_65536_85:
      0000E8                        530 	.ds 2
      0000EA                        531 _GetMenuItemExtent_currentPos_65536_86:
      0000EA                        532 	.ds 2
      0000EC                        533 _RenderMenuOnBuffer_PARM_2:
      0000EC                        534 	.ds 2
      0000EE                        535 _RenderMenuOnBuffer_pBuffer_65536_94:
      0000EE                        536 	.ds 3
      0000F1                        537 _RenderMenuOnBuffer_startPos_131072_96:
      0000F1                        538 	.ds 2
      0000F3                        539 _RenderMenuOnBuffer_endPos_131072_96:
      0000F3                        540 	.ds 2
                                    541 ;--------------------------------------------------------
                                    542 ; absolute external ram data
                                    543 ;--------------------------------------------------------
                                    544 	.area XABS    (ABS,XDATA)
                                    545 ;--------------------------------------------------------
                                    546 ; external initialized ram data
                                    547 ;--------------------------------------------------------
                                    548 	.area XISEG   (XDATA)
                                    549 	.area HOME    (CODE)
                                    550 	.area GSINIT0 (CODE)
                                    551 	.area GSINIT1 (CODE)
                                    552 	.area GSINIT2 (CODE)
                                    553 	.area GSINIT3 (CODE)
                                    554 	.area GSINIT4 (CODE)
                                    555 	.area GSINIT5 (CODE)
                                    556 	.area GSINIT  (CODE)
                                    557 	.area GSFINAL (CODE)
                                    558 	.area CSEG    (CODE)
                                    559 ;--------------------------------------------------------
                                    560 ; global & static initialisations
                                    561 ;--------------------------------------------------------
                                    562 	.area HOME    (CODE)
                                    563 	.area GSINIT  (CODE)
                                    564 	.area GSFINAL (CODE)
                                    565 	.area GSINIT  (CODE)
                                    566 ;--------------------------------------------------------
                                    567 ; Home
                                    568 ;--------------------------------------------------------
                                    569 	.area HOME    (CODE)
                                    570 	.area HOME    (CODE)
                                    571 ;--------------------------------------------------------
                                    572 ; code
                                    573 ;--------------------------------------------------------
                                    574 	.area CSEG    (CODE)
                                    575 ;------------------------------------------------------------
                                    576 ;Allocation info for local variables in function 'InitialiseMenuDefinitions'
                                    577 ;------------------------------------------------------------
                                    578 ;	../Common/MenuMgr.c:47: void InitialiseMenuDefinitions()
                                    579 ;	-----------------------------------------
                                    580 ;	 function InitialiseMenuDefinitions
                                    581 ;	-----------------------------------------
      000000                        582 _InitialiseMenuDefinitions:
                           000007   583 	ar7 = 0x07
                           000006   584 	ar6 = 0x06
                           000005   585 	ar5 = 0x05
                           000004   586 	ar4 = 0x04
                           000003   587 	ar3 = 0x03
                           000002   588 	ar2 = 0x02
                           000001   589 	ar1 = 0x01
                           000000   590 	ar0 = 0x00
                                    591 ;	../Common/MenuMgr.c:49: MenuDefinitionCounter = 0;
      000000 90r00rC8         [24]  592 	mov	dptr,#_MenuDefinitionCounter
      000003 E4               [12]  593 	clr	a
      000004 F0               [24]  594 	movx	@dptr,a
      000005 A3               [24]  595 	inc	dptr
      000006 F0               [24]  596 	movx	@dptr,a
                                    597 ;	../Common/MenuMgr.c:50: TerminateMenuDefinitions();
                                    598 ;	../Common/MenuMgr.c:51: }
      000007 02r00r0A         [24]  599 	ljmp	_TerminateMenuDefinitions
                                    600 ;------------------------------------------------------------
                                    601 ;Allocation info for local variables in function 'TerminateMenuDefinitions'
                                    602 ;------------------------------------------------------------
                                    603 ;	../Common/MenuMgr.c:53: void TerminateMenuDefinitions()
                                    604 ;	-----------------------------------------
                                    605 ;	 function TerminateMenuDefinitions
                                    606 ;	-----------------------------------------
      00000A                        607 _TerminateMenuDefinitions:
                                    608 ;	../Common/MenuMgr.c:55: MenuDefinitions[MenuDefinitionCounter].id = 0;
      00000A 90r00rC8         [24]  609 	mov	dptr,#_MenuDefinitionCounter
      00000D E0               [24]  610 	movx	a,@dptr
      00000E FE               [12]  611 	mov	r6,a
      00000F A3               [24]  612 	inc	dptr
      000010 E0               [24]  613 	movx	a,@dptr
      000011 FF               [12]  614 	mov	r7,a
      000012 90r00r00         [24]  615 	mov	dptr,#__mulint_PARM_2
      000015 EE               [12]  616 	mov	a,r6
      000016 F0               [24]  617 	movx	@dptr,a
      000017 EF               [12]  618 	mov	a,r7
      000018 A3               [24]  619 	inc	dptr
      000019 F0               [24]  620 	movx	@dptr,a
      00001A 90 00 05         [24]  621 	mov	dptr,#0x0005
      00001D 12r00r00         [24]  622 	lcall	__mulint
      000020 AE 82            [24]  623 	mov	r6,dpl
      000022 AF 83            [24]  624 	mov	r7,dph
      000024 EE               [12]  625 	mov	a,r6
      000025 24r00            [12]  626 	add	a,#_MenuDefinitions
      000027 FE               [12]  627 	mov	r6,a
      000028 EF               [12]  628 	mov	a,r7
      000029 34s00            [12]  629 	addc	a,#(_MenuDefinitions >> 8)
      00002B FF               [12]  630 	mov	r7,a
      00002C 8E 82            [24]  631 	mov	dpl,r6
      00002E 8F 83            [24]  632 	mov	dph,r7
      000030 A3               [24]  633 	inc	dptr
      000031 A3               [24]  634 	inc	dptr
      000032 A3               [24]  635 	inc	dptr
      000033 A3               [24]  636 	inc	dptr
      000034 E4               [12]  637 	clr	a
      000035 F0               [24]  638 	movx	@dptr,a
                                    639 ;	../Common/MenuMgr.c:56: MenuDefinitions[MenuDefinitionCounter].text = 0;
      000036 90r00rC8         [24]  640 	mov	dptr,#_MenuDefinitionCounter
      000039 E0               [24]  641 	movx	a,@dptr
      00003A FE               [12]  642 	mov	r6,a
      00003B A3               [24]  643 	inc	dptr
      00003C E0               [24]  644 	movx	a,@dptr
      00003D FF               [12]  645 	mov	r7,a
      00003E 90r00r00         [24]  646 	mov	dptr,#__mulint_PARM_2
      000041 EE               [12]  647 	mov	a,r6
      000042 F0               [24]  648 	movx	@dptr,a
      000043 EF               [12]  649 	mov	a,r7
      000044 A3               [24]  650 	inc	dptr
      000045 F0               [24]  651 	movx	@dptr,a
      000046 90 00 05         [24]  652 	mov	dptr,#0x0005
      000049 12r00r00         [24]  653 	lcall	__mulint
      00004C AE 82            [24]  654 	mov	r6,dpl
      00004E AF 83            [24]  655 	mov	r7,dph
      000050 EE               [12]  656 	mov	a,r6
      000051 24r00            [12]  657 	add	a,#_MenuDefinitions
      000053 F5 82            [12]  658 	mov	dpl,a
      000055 EF               [12]  659 	mov	a,r7
      000056 34s00            [12]  660 	addc	a,#(_MenuDefinitions >> 8)
      000058 F5 83            [12]  661 	mov	dph,a
      00005A E4               [12]  662 	clr	a
      00005B F0               [24]  663 	movx	@dptr,a
      00005C A3               [24]  664 	inc	dptr
      00005D F0               [24]  665 	movx	@dptr,a
      00005E A3               [24]  666 	inc	dptr
      00005F F0               [24]  667 	movx	@dptr,a
                                    668 ;	../Common/MenuMgr.c:57: MenuDefinitions[MenuDefinitionCounter].parent = 0;
      000060 90r00rC8         [24]  669 	mov	dptr,#_MenuDefinitionCounter
      000063 E0               [24]  670 	movx	a,@dptr
      000064 FE               [12]  671 	mov	r6,a
      000065 A3               [24]  672 	inc	dptr
      000066 E0               [24]  673 	movx	a,@dptr
      000067 FF               [12]  674 	mov	r7,a
      000068 90r00r00         [24]  675 	mov	dptr,#__mulint_PARM_2
      00006B EE               [12]  676 	mov	a,r6
      00006C F0               [24]  677 	movx	@dptr,a
      00006D EF               [12]  678 	mov	a,r7
      00006E A3               [24]  679 	inc	dptr
      00006F F0               [24]  680 	movx	@dptr,a
      000070 90 00 05         [24]  681 	mov	dptr,#0x0005
      000073 12r00r00         [24]  682 	lcall	__mulint
      000076 AE 82            [24]  683 	mov	r6,dpl
      000078 AF 83            [24]  684 	mov	r7,dph
      00007A EE               [12]  685 	mov	a,r6
      00007B 24r00            [12]  686 	add	a,#_MenuDefinitions
      00007D FE               [12]  687 	mov	r6,a
      00007E EF               [12]  688 	mov	a,r7
      00007F 34s00            [12]  689 	addc	a,#(_MenuDefinitions >> 8)
      000081 FF               [12]  690 	mov	r7,a
      000082 8E 82            [24]  691 	mov	dpl,r6
      000084 8F 83            [24]  692 	mov	dph,r7
      000086 A3               [24]  693 	inc	dptr
      000087 A3               [24]  694 	inc	dptr
      000088 A3               [24]  695 	inc	dptr
      000089 E4               [12]  696 	clr	a
      00008A F0               [24]  697 	movx	@dptr,a
                                    698 ;	../Common/MenuMgr.c:58: }
      00008B 22               [24]  699 	ret
                                    700 ;------------------------------------------------------------
                                    701 ;Allocation info for local variables in function 'AddMenuDefinition'
                                    702 ;------------------------------------------------------------
                                    703 ;parent                    Allocated with name '_AddMenuDefinition_PARM_2'
                                    704 ;id                        Allocated with name '_AddMenuDefinition_PARM_3'
                                    705 ;text                      Allocated with name '_AddMenuDefinition_text_65536_61'
                                    706 ;------------------------------------------------------------
                                    707 ;	../Common/MenuMgr.c:60: void AddMenuDefinition(char *text, int parent, int id)
                                    708 ;	-----------------------------------------
                                    709 ;	 function AddMenuDefinition
                                    710 ;	-----------------------------------------
      00008C                        711 _AddMenuDefinition:
      00008C AF F0            [24]  712 	mov	r7,b
      00008E AE 83            [24]  713 	mov	r6,dph
      000090 E5 82            [12]  714 	mov	a,dpl
      000092 90r00rD4         [24]  715 	mov	dptr,#_AddMenuDefinition_text_65536_61
      000095 F0               [24]  716 	movx	@dptr,a
      000096 EE               [12]  717 	mov	a,r6
      000097 A3               [24]  718 	inc	dptr
      000098 F0               [24]  719 	movx	@dptr,a
      000099 EF               [12]  720 	mov	a,r7
      00009A A3               [24]  721 	inc	dptr
      00009B F0               [24]  722 	movx	@dptr,a
                                    723 ;	../Common/MenuMgr.c:62: MenuDefinitions[MenuDefinitionCounter].id = id;
      00009C 90r00rC8         [24]  724 	mov	dptr,#_MenuDefinitionCounter
      00009F E0               [24]  725 	movx	a,@dptr
      0000A0 FE               [12]  726 	mov	r6,a
      0000A1 A3               [24]  727 	inc	dptr
      0000A2 E0               [24]  728 	movx	a,@dptr
      0000A3 FF               [12]  729 	mov	r7,a
      0000A4 90r00r00         [24]  730 	mov	dptr,#__mulint_PARM_2
      0000A7 EE               [12]  731 	mov	a,r6
      0000A8 F0               [24]  732 	movx	@dptr,a
      0000A9 EF               [12]  733 	mov	a,r7
      0000AA A3               [24]  734 	inc	dptr
      0000AB F0               [24]  735 	movx	@dptr,a
      0000AC 90 00 05         [24]  736 	mov	dptr,#0x0005
      0000AF 12r00r00         [24]  737 	lcall	__mulint
      0000B2 AE 82            [24]  738 	mov	r6,dpl
      0000B4 AF 83            [24]  739 	mov	r7,dph
      0000B6 EE               [12]  740 	mov	a,r6
      0000B7 24r00            [12]  741 	add	a,#_MenuDefinitions
      0000B9 FE               [12]  742 	mov	r6,a
      0000BA EF               [12]  743 	mov	a,r7
      0000BB 34s00            [12]  744 	addc	a,#(_MenuDefinitions >> 8)
      0000BD FF               [12]  745 	mov	r7,a
      0000BE 74 04            [12]  746 	mov	a,#0x04
      0000C0 2E               [12]  747 	add	a,r6
      0000C1 FE               [12]  748 	mov	r6,a
      0000C2 E4               [12]  749 	clr	a
      0000C3 3F               [12]  750 	addc	a,r7
      0000C4 FF               [12]  751 	mov	r7,a
      0000C5 90r00rD2         [24]  752 	mov	dptr,#_AddMenuDefinition_PARM_3
      0000C8 E0               [24]  753 	movx	a,@dptr
      0000C9 FC               [12]  754 	mov	r4,a
      0000CA A3               [24]  755 	inc	dptr
      0000CB E0               [24]  756 	movx	a,@dptr
      0000CC 8E 82            [24]  757 	mov	dpl,r6
      0000CE 8F 83            [24]  758 	mov	dph,r7
      0000D0 EC               [12]  759 	mov	a,r4
      0000D1 F0               [24]  760 	movx	@dptr,a
                                    761 ;	../Common/MenuMgr.c:63: MenuDefinitions[MenuDefinitionCounter].text = text;
      0000D2 90r00rC8         [24]  762 	mov	dptr,#_MenuDefinitionCounter
      0000D5 E0               [24]  763 	movx	a,@dptr
      0000D6 FE               [12]  764 	mov	r6,a
      0000D7 A3               [24]  765 	inc	dptr
      0000D8 E0               [24]  766 	movx	a,@dptr
      0000D9 FF               [12]  767 	mov	r7,a
      0000DA 90r00r00         [24]  768 	mov	dptr,#__mulint_PARM_2
      0000DD EE               [12]  769 	mov	a,r6
      0000DE F0               [24]  770 	movx	@dptr,a
      0000DF EF               [12]  771 	mov	a,r7
      0000E0 A3               [24]  772 	inc	dptr
      0000E1 F0               [24]  773 	movx	@dptr,a
      0000E2 90 00 05         [24]  774 	mov	dptr,#0x0005
      0000E5 12r00r00         [24]  775 	lcall	__mulint
      0000E8 AE 82            [24]  776 	mov	r6,dpl
      0000EA AF 83            [24]  777 	mov	r7,dph
      0000EC EE               [12]  778 	mov	a,r6
      0000ED 24r00            [12]  779 	add	a,#_MenuDefinitions
      0000EF FE               [12]  780 	mov	r6,a
      0000F0 EF               [12]  781 	mov	a,r7
      0000F1 34s00            [12]  782 	addc	a,#(_MenuDefinitions >> 8)
      0000F3 FF               [12]  783 	mov	r7,a
      0000F4 90r00rD4         [24]  784 	mov	dptr,#_AddMenuDefinition_text_65536_61
      0000F7 E0               [24]  785 	movx	a,@dptr
      0000F8 FB               [12]  786 	mov	r3,a
      0000F9 A3               [24]  787 	inc	dptr
      0000FA E0               [24]  788 	movx	a,@dptr
      0000FB FC               [12]  789 	mov	r4,a
      0000FC A3               [24]  790 	inc	dptr
      0000FD E0               [24]  791 	movx	a,@dptr
      0000FE FD               [12]  792 	mov	r5,a
      0000FF 8E 82            [24]  793 	mov	dpl,r6
      000101 8F 83            [24]  794 	mov	dph,r7
      000103 EB               [12]  795 	mov	a,r3
      000104 F0               [24]  796 	movx	@dptr,a
      000105 EC               [12]  797 	mov	a,r4
      000106 A3               [24]  798 	inc	dptr
      000107 F0               [24]  799 	movx	@dptr,a
      000108 ED               [12]  800 	mov	a,r5
      000109 A3               [24]  801 	inc	dptr
      00010A F0               [24]  802 	movx	@dptr,a
                                    803 ;	../Common/MenuMgr.c:64: MenuDefinitions[MenuDefinitionCounter].parent = parent;
      00010B 90r00rC8         [24]  804 	mov	dptr,#_MenuDefinitionCounter
      00010E E0               [24]  805 	movx	a,@dptr
      00010F FE               [12]  806 	mov	r6,a
      000110 A3               [24]  807 	inc	dptr
      000111 E0               [24]  808 	movx	a,@dptr
      000112 FF               [12]  809 	mov	r7,a
      000113 90r00r00         [24]  810 	mov	dptr,#__mulint_PARM_2
      000116 EE               [12]  811 	mov	a,r6
      000117 F0               [24]  812 	movx	@dptr,a
      000118 EF               [12]  813 	mov	a,r7
      000119 A3               [24]  814 	inc	dptr
      00011A F0               [24]  815 	movx	@dptr,a
      00011B 90 00 05         [24]  816 	mov	dptr,#0x0005
      00011E 12r00r00         [24]  817 	lcall	__mulint
      000121 AE 82            [24]  818 	mov	r6,dpl
      000123 AF 83            [24]  819 	mov	r7,dph
      000125 EE               [12]  820 	mov	a,r6
      000126 24r00            [12]  821 	add	a,#_MenuDefinitions
      000128 FE               [12]  822 	mov	r6,a
      000129 EF               [12]  823 	mov	a,r7
      00012A 34s00            [12]  824 	addc	a,#(_MenuDefinitions >> 8)
      00012C FF               [12]  825 	mov	r7,a
      00012D 74 03            [12]  826 	mov	a,#0x03
      00012F 2E               [12]  827 	add	a,r6
      000130 FE               [12]  828 	mov	r6,a
      000131 E4               [12]  829 	clr	a
      000132 3F               [12]  830 	addc	a,r7
      000133 FF               [12]  831 	mov	r7,a
      000134 90r00rD0         [24]  832 	mov	dptr,#_AddMenuDefinition_PARM_2
      000137 E0               [24]  833 	movx	a,@dptr
      000138 FC               [12]  834 	mov	r4,a
      000139 A3               [24]  835 	inc	dptr
      00013A E0               [24]  836 	movx	a,@dptr
      00013B FD               [12]  837 	mov	r5,a
      00013C 8E 82            [24]  838 	mov	dpl,r6
      00013E 8F 83            [24]  839 	mov	dph,r7
      000140 EC               [12]  840 	mov	a,r4
      000141 F0               [24]  841 	movx	@dptr,a
                                    842 ;	../Common/MenuMgr.c:66: ++MenuDefinitionCounter;
      000142 90r00rC8         [24]  843 	mov	dptr,#_MenuDefinitionCounter
      000145 E0               [24]  844 	movx	a,@dptr
      000146 24 01            [12]  845 	add	a,#0x01
      000148 F0               [24]  846 	movx	@dptr,a
      000149 A3               [24]  847 	inc	dptr
      00014A E0               [24]  848 	movx	a,@dptr
      00014B 34 00            [12]  849 	addc	a,#0x00
      00014D F0               [24]  850 	movx	@dptr,a
                                    851 ;	../Common/MenuMgr.c:67: if ((MenuDefinitionCounter + 1) > MAX_MENU_ITEMS)
      00014E 90r00rC8         [24]  852 	mov	dptr,#_MenuDefinitionCounter
      000151 E0               [24]  853 	movx	a,@dptr
      000152 FE               [12]  854 	mov	r6,a
      000153 A3               [24]  855 	inc	dptr
      000154 E0               [24]  856 	movx	a,@dptr
      000155 FF               [12]  857 	mov	r7,a
      000156 0E               [12]  858 	inc	r6
      000157 BE 00 01         [24]  859 	cjne	r6,#0x00,00109$
      00015A 0F               [12]  860 	inc	r7
      00015B                        861 00109$:
      00015B C3               [12]  862 	clr	c
      00015C 74 28            [12]  863 	mov	a,#0x28
      00015E 9E               [12]  864 	subb	a,r6
      00015F 74 80            [12]  865 	mov	a,#(0x00 ^ 0x80)
      000161 8F F0            [24]  866 	mov	b,r7
      000163 63 F0 80         [24]  867 	xrl	b,#0x80
      000166 95 F0            [12]  868 	subb	a,b
      000168 50 16            [24]  869 	jnc	00102$
                                    870 ;	../Common/MenuMgr.c:69: pCrashDump("Menu item count");
      00016A 12r01r6F         [24]  871 	lcall	00111$
      00016D 80 11            [24]  872 	sjmp	00112$
      00016F                        873 00111$:
      00016F 90r00r00         [24]  874 	mov	dptr,#_pCrashDump
      000172 E0               [24]  875 	movx	a,@dptr
      000173 C0 E0            [24]  876 	push	acc
      000175 A3               [24]  877 	inc	dptr
      000176 E0               [24]  878 	movx	a,@dptr
      000177 C0 E0            [24]  879 	push	acc
      000179 90r00r00         [24]  880 	mov	dptr,#___str_0
      00017C 75 F0 80         [24]  881 	mov	b,#0x80
      00017F 22               [24]  882 	ret
      000180                        883 00112$:
      000180                        884 00102$:
                                    885 ;	../Common/MenuMgr.c:72: TerminateMenuDefinitions();
                                    886 ;	../Common/MenuMgr.c:73: }
      000180 02r00r0A         [24]  887 	ljmp	_TerminateMenuDefinitions
                                    888 ;------------------------------------------------------------
                                    889 ;Allocation info for local variables in function 'InitialiseMenuController'
                                    890 ;------------------------------------------------------------
                                    891 ;	../Common/MenuMgr.c:77: void InitialiseMenuController()
                                    892 ;	-----------------------------------------
                                    893 ;	 function InitialiseMenuController
                                    894 ;	-----------------------------------------
      000183                        895 _InitialiseMenuController:
                                    896 ;	../Common/MenuMgr.c:79: MenuController.currentSelectedMenuIndex = 0;
      000183 90r00rCA         [24]  897 	mov	dptr,#_MenuController
      000186 E4               [12]  898 	clr	a
      000187 F0               [24]  899 	movx	@dptr,a
                                    900 ;	../Common/MenuMgr.c:80: MenuController.navStack[0] = 0;
      000188 90r00rCB         [24]  901 	mov	dptr,#(_MenuController + 0x0001)
      00018B F0               [24]  902 	movx	@dptr,a
                                    903 ;	../Common/MenuMgr.c:81: MenuController.navStackPtr = 0;
      00018C 90r00rCE         [24]  904 	mov	dptr,#(_MenuController + 0x0004)
      00018F F0               [24]  905 	movx	@dptr,a
                                    906 ;	../Common/MenuMgr.c:82: MenuController.scrollPos = 0;
      000190 90r00rCF         [24]  907 	mov	dptr,#(_MenuController + 0x0005)
      000193 F0               [24]  908 	movx	@dptr,a
                                    909 ;	../Common/MenuMgr.c:83: HandleMenuCommand(MenuDefinitions[MenuController.currentSelectedMenuIndex].id, MENU_HOVERED);
      000194 90r00rCA         [24]  910 	mov	dptr,#_MenuController
      000197 E0               [24]  911 	movx	a,@dptr
      000198 75 F0 05         [24]  912 	mov	b,#0x05
      00019B A4               [48]  913 	mul	ab
      00019C 24r00            [12]  914 	add	a,#_MenuDefinitions
      00019E FE               [12]  915 	mov	r6,a
      00019F 74s00            [12]  916 	mov	a,#(_MenuDefinitions >> 8)
      0001A1 35 F0            [12]  917 	addc	a,b
      0001A3 FF               [12]  918 	mov	r7,a
      0001A4 8E 82            [24]  919 	mov	dpl,r6
      0001A6 8F 83            [24]  920 	mov	dph,r7
      0001A8 A3               [24]  921 	inc	dptr
      0001A9 A3               [24]  922 	inc	dptr
      0001AA A3               [24]  923 	inc	dptr
      0001AB A3               [24]  924 	inc	dptr
      0001AC E0               [24]  925 	movx	a,@dptr
      0001AD FF               [12]  926 	mov	r7,a
      0001AE 7E 00            [12]  927 	mov	r6,#0x00
      0001B0 90r00r00         [24]  928 	mov	dptr,#_HandleMenuCommand_PARM_2
      0001B3 74 01            [12]  929 	mov	a,#0x01
      0001B5 F0               [24]  930 	movx	@dptr,a
      0001B6 E4               [12]  931 	clr	a
      0001B7 A3               [24]  932 	inc	dptr
      0001B8 F0               [24]  933 	movx	@dptr,a
      0001B9 8F 82            [24]  934 	mov	dpl,r7
      0001BB 8E 83            [24]  935 	mov	dph,r6
                                    936 ;	../Common/MenuMgr.c:84: }
      0001BD 02r00r00         [24]  937 	ljmp	_HandleMenuCommand
                                    938 ;------------------------------------------------------------
                                    939 ;Allocation info for local variables in function 'MenuNavigation'
                                    940 ;------------------------------------------------------------
                                    941 ;navType                   Allocated with name '_MenuNavigation_navType_65536_65'
                                    942 ;------------------------------------------------------------
                                    943 ;	../Common/MenuMgr.c:87: void MenuNavigation(char navType)
                                    944 ;	-----------------------------------------
                                    945 ;	 function MenuNavigation
                                    946 ;	-----------------------------------------
      0001C0                        947 _MenuNavigation:
      0001C0 E5 82            [12]  948 	mov	a,dpl
      0001C2 90r00rD7         [24]  949 	mov	dptr,#_MenuNavigation_navType_65536_65
      0001C5 F0               [24]  950 	movx	@dptr,a
                                    951 ;	../Common/MenuMgr.c:89: switch (navType)
      0001C6 E0               [24]  952 	movx	a,@dptr
      0001C7 FF               [12]  953 	mov	r7,a
      0001C8 BF 01 02         [24]  954 	cjne	r7,#0x01,00133$
      0001CB 80 0D            [24]  955 	sjmp	00102$
      0001CD                        956 00133$:
      0001CD BF 02 02         [24]  957 	cjne	r7,#0x02,00134$
      0001D0 80 05            [24]  958 	sjmp	00101$
      0001D2                        959 00134$:
                                    960 ;	../Common/MenuMgr.c:91: case NAVTYPE_RIGHT :
      0001D2 BF 03 52         [24]  961 	cjne	r7,#0x03,00111$
      0001D5 80 06            [24]  962 	sjmp	00103$
      0001D7                        963 00101$:
                                    964 ;	../Common/MenuMgr.c:92: GoRight();
                                    965 ;	../Common/MenuMgr.c:93: break;
                                    966 ;	../Common/MenuMgr.c:95: case NAVTYPE_LEFT :
      0001D7 02r08rC9         [24]  967 	ljmp	_GoRight
      0001DA                        968 00102$:
                                    969 ;	../Common/MenuMgr.c:96: GoLeft();
                                    970 ;	../Common/MenuMgr.c:97: break;
                                    971 ;	../Common/MenuMgr.c:99: case NAVTYPE_SELECTITEM :
      0001DA 02r09r71         [24]  972 	ljmp	_GoLeft
      0001DD                        973 00103$:
                                    974 ;	../Common/MenuMgr.c:101: if (IsParentMenu())
      0001DD 12r07r57         [24]  975 	lcall	_IsParentMenu
      0001E0 E5 82            [12]  976 	mov	a,dpl
      0001E2 85 83 F0         [24]  977 	mov	b,dph
      0001E5 45 F0            [12]  978 	orl	a,b
      0001E7 60 03            [24]  979 	jz	00108$
                                    980 ;	../Common/MenuMgr.c:103: GoSubMenu();
      0001E9 02r07rF9         [24]  981 	ljmp	_GoSubMenu
      0001EC                        982 00108$:
                                    983 ;	../Common/MenuMgr.c:105: else if (IsGoBack())
      0001EC 12r07rD0         [24]  984 	lcall	_IsGoBack
      0001EF E5 82            [12]  985 	mov	a,dpl
      0001F1 85 83 F0         [24]  986 	mov	b,dph
      0001F4 45 F0            [12]  987 	orl	a,b
      0001F6 60 03            [24]  988 	jz	00105$
                                    989 ;	../Common/MenuMgr.c:107: GoBackUp();
      0001F8 02r0Ar0D         [24]  990 	ljmp	_GoBackUp
      0001FB                        991 00105$:
                                    992 ;	../Common/MenuMgr.c:111: HandleMenuCommand(MenuDefinitions[MenuController.currentSelectedMenuIndex].id, MENU_COMMAND);
      0001FB 90r00rCA         [24]  993 	mov	dptr,#_MenuController
      0001FE E0               [24]  994 	movx	a,@dptr
      0001FF 75 F0 05         [24]  995 	mov	b,#0x05
      000202 A4               [48]  996 	mul	ab
      000203 24r00            [12]  997 	add	a,#_MenuDefinitions
      000205 FE               [12]  998 	mov	r6,a
      000206 74s00            [12]  999 	mov	a,#(_MenuDefinitions >> 8)
      000208 35 F0            [12] 1000 	addc	a,b
      00020A FF               [12] 1001 	mov	r7,a
      00020B 8E 82            [24] 1002 	mov	dpl,r6
      00020D 8F 83            [24] 1003 	mov	dph,r7
      00020F A3               [24] 1004 	inc	dptr
      000210 A3               [24] 1005 	inc	dptr
      000211 A3               [24] 1006 	inc	dptr
      000212 A3               [24] 1007 	inc	dptr
      000213 E0               [24] 1008 	movx	a,@dptr
      000214 FF               [12] 1009 	mov	r7,a
      000215 7E 00            [12] 1010 	mov	r6,#0x00
      000217 90r00r00         [24] 1011 	mov	dptr,#_HandleMenuCommand_PARM_2
      00021A 74 02            [12] 1012 	mov	a,#0x02
      00021C F0               [24] 1013 	movx	@dptr,a
      00021D E4               [12] 1014 	clr	a
      00021E A3               [24] 1015 	inc	dptr
      00021F F0               [24] 1016 	movx	@dptr,a
      000220 8F 82            [24] 1017 	mov	dpl,r7
      000222 8E 83            [24] 1018 	mov	dph,r6
                                   1019 ;	../Common/MenuMgr.c:116: }
                                   1020 ;	../Common/MenuMgr.c:117: }
      000224 02r00r00         [24] 1021 	ljmp	_HandleMenuCommand
      000227                       1022 00111$:
      000227 22               [24] 1023 	ret
                                   1024 ;------------------------------------------------------------
                                   1025 ;Allocation info for local variables in function 'RenderActiveMenu'
                                   1026 ;------------------------------------------------------------
                                   1027 ;sloc0                     Allocated with name '_RenderActiveMenu_sloc0_1_0'
                                   1028 ;sloc1                     Allocated with name '_RenderActiveMenu_sloc1_1_0'
                                   1029 ;sloc2                     Allocated with name '_RenderActiveMenu_sloc2_1_0'
                                   1030 ;sloc3                     Allocated with name '_RenderActiveMenu_sloc3_1_0'
                                   1031 ;sloc4                     Allocated with name '_RenderActiveMenu_sloc4_1_0'
                                   1032 ;sloc5                     Allocated with name '_RenderActiveMenu_sloc5_1_0'
                                   1033 ;windowStart               Allocated with name '_RenderActiveMenu_PARM_2'
                                   1034 ;windowEnd                 Allocated with name '_RenderActiveMenu_PARM_3'
                                   1035 ;pDisplay                  Allocated with name '_RenderActiveMenu_pDisplay_65536_71'
                                   1036 ;currentParent             Allocated with name '_RenderActiveMenu_currentParent_65536_72'
                                   1037 ;i                         Allocated with name '_RenderActiveMenu_i_65536_72'
                                   1038 ;pTemp                     Allocated with name '_RenderActiveMenu_pTemp_65536_72'
                                   1039 ;ch                        Allocated with name '_RenderActiveMenu_ch_65536_72'
                                   1040 ;currentPos                Allocated with name '_RenderActiveMenu_currentPos_65536_72'
                                   1041 ;------------------------------------------------------------
                                   1042 ;	../Common/MenuMgr.c:121: void RenderActiveMenu(char *pDisplay, int windowStart, int windowEnd)
                                   1043 ;	-----------------------------------------
                                   1044 ;	 function RenderActiveMenu
                                   1045 ;	-----------------------------------------
      000228                       1046 _RenderActiveMenu:
      000228 AF F0            [24] 1047 	mov	r7,b
      00022A AE 83            [24] 1048 	mov	r6,dph
      00022C E5 82            [12] 1049 	mov	a,dpl
      00022E 90r00rDC         [24] 1050 	mov	dptr,#_RenderActiveMenu_pDisplay_65536_71
      000231 F0               [24] 1051 	movx	@dptr,a
      000232 EE               [12] 1052 	mov	a,r6
      000233 A3               [24] 1053 	inc	dptr
      000234 F0               [24] 1054 	movx	@dptr,a
      000235 EF               [12] 1055 	mov	a,r7
      000236 A3               [24] 1056 	inc	dptr
      000237 F0               [24] 1057 	movx	@dptr,a
                                   1058 ;	../Common/MenuMgr.c:125: int currentParent = MenuDefinitions[MenuController.currentSelectedMenuIndex].parent;
      000238 90r00rCA         [24] 1059 	mov	dptr,#_MenuController
      00023B E0               [24] 1060 	movx	a,@dptr
      00023C 75 F0 05         [24] 1061 	mov	b,#0x05
      00023F A4               [48] 1062 	mul	ab
      000240 24r00            [12] 1063 	add	a,#_MenuDefinitions
      000242 FE               [12] 1064 	mov	r6,a
      000243 74s00            [12] 1065 	mov	a,#(_MenuDefinitions >> 8)
      000245 35 F0            [12] 1066 	addc	a,b
      000247 FF               [12] 1067 	mov	r7,a
      000248 8E 82            [24] 1068 	mov	dpl,r6
      00024A 8F 83            [24] 1069 	mov	dph,r7
      00024C A3               [24] 1070 	inc	dptr
      00024D A3               [24] 1071 	inc	dptr
      00024E A3               [24] 1072 	inc	dptr
      00024F E0               [24] 1073 	movx	a,@dptr
      000250 FF               [12] 1074 	mov	r7,a
      000251 8F*06            [24] 1075 	mov	_RenderActiveMenu_sloc3_1_0,r7
      000253 75*07 00         [24] 1076 	mov	(_RenderActiveMenu_sloc3_1_0 + 1),#0x00
                                   1077 ;	../Common/MenuMgr.c:131: currentPos = 0;
      000256 90r00rE0         [24] 1078 	mov	dptr,#_RenderActiveMenu_currentPos_65536_72
      000259 E4               [12] 1079 	clr	a
      00025A F0               [24] 1080 	movx	@dptr,a
      00025B A3               [24] 1081 	inc	dptr
      00025C F0               [24] 1082 	movx	@dptr,a
                                   1083 ;	../Common/MenuMgr.c:132: for (i = 0; MenuDefinitions[i].text != 0; ++i)
      00025D 90r00rDA         [24] 1084 	mov	dptr,#_RenderActiveMenu_PARM_3
      000260 E0               [24] 1085 	movx	a,@dptr
      000261 FC               [12] 1086 	mov	r4,a
      000262 A3               [24] 1087 	inc	dptr
      000263 E0               [24] 1088 	movx	a,@dptr
      000264 FD               [12] 1089 	mov	r5,a
      000265 90r00rD8         [24] 1090 	mov	dptr,#_RenderActiveMenu_PARM_2
      000268 E0               [24] 1091 	movx	a,@dptr
      000269 FA               [12] 1092 	mov	r2,a
      00026A A3               [24] 1093 	inc	dptr
      00026B E0               [24] 1094 	movx	a,@dptr
      00026C FB               [12] 1095 	mov	r3,a
      00026D 8C*08            [24] 1096 	mov	_RenderActiveMenu_sloc4_1_0,r4
      00026F 8D*09            [24] 1097 	mov	(_RenderActiveMenu_sloc4_1_0 + 1),r5
      000271 8C*00            [24] 1098 	mov	_RenderActiveMenu_sloc0_1_0,r4
      000273 8D*01            [24] 1099 	mov	(_RenderActiveMenu_sloc0_1_0 + 1),r5
      000275 E4               [12] 1100 	clr	a
      000276 F5*02            [12] 1101 	mov	_RenderActiveMenu_sloc1_1_0,a
      000278 F5*03            [12] 1102 	mov	(_RenderActiveMenu_sloc1_1_0 + 1),a
      00027A                       1103 00124$:
      00027A 90r00r00         [24] 1104 	mov	dptr,#__mulint_PARM_2
      00027D E5*02            [12] 1105 	mov	a,_RenderActiveMenu_sloc1_1_0
      00027F F0               [24] 1106 	movx	@dptr,a
      000280 E5*03            [12] 1107 	mov	a,(_RenderActiveMenu_sloc1_1_0 + 1)
      000282 A3               [24] 1108 	inc	dptr
      000283 F0               [24] 1109 	movx	@dptr,a
      000284 90 00 05         [24] 1110 	mov	dptr,#0x0005
      000287 C0 05            [24] 1111 	push	ar5
      000289 C0 04            [24] 1112 	push	ar4
      00028B C0 03            [24] 1113 	push	ar3
      00028D C0 02            [24] 1114 	push	ar2
      00028F 12r00r00         [24] 1115 	lcall	__mulint
      000292 85 82*04         [24] 1116 	mov	_RenderActiveMenu_sloc2_1_0,dpl
      000295 85 83*05         [24] 1117 	mov	(_RenderActiveMenu_sloc2_1_0 + 1),dph
      000298 D0 02            [24] 1118 	pop	ar2
      00029A D0 03            [24] 1119 	pop	ar3
      00029C D0 04            [24] 1120 	pop	ar4
      00029E D0 05            [24] 1121 	pop	ar5
      0002A0 E5*04            [12] 1122 	mov	a,_RenderActiveMenu_sloc2_1_0
      0002A2 24r00            [12] 1123 	add	a,#_MenuDefinitions
      0002A4 F5 82            [12] 1124 	mov	dpl,a
      0002A6 E5*05            [12] 1125 	mov	a,(_RenderActiveMenu_sloc2_1_0 + 1)
      0002A8 34s00            [12] 1126 	addc	a,#(_MenuDefinitions >> 8)
      0002AA F5 83            [12] 1127 	mov	dph,a
      0002AC E0               [24] 1128 	movx	a,@dptr
      0002AD F9               [12] 1129 	mov	r1,a
      0002AE A3               [24] 1130 	inc	dptr
      0002AF E0               [24] 1131 	movx	a,@dptr
      0002B0 FE               [12] 1132 	mov	r6,a
      0002B1 A3               [24] 1133 	inc	dptr
      0002B2 E0               [24] 1134 	movx	a,@dptr
      0002B3 E9               [12] 1135 	mov	a,r1
      0002B4 4E               [12] 1136 	orl	a,r6
      0002B5 70 01            [24] 1137 	jnz	00182$
      0002B7 22               [24] 1138 	ret
      0002B8                       1139 00182$:
                                   1140 ;	../Common/MenuMgr.c:134: if (MenuDefinitions[i].parent == currentParent)
      0002B8 E5*04            [12] 1141 	mov	a,_RenderActiveMenu_sloc2_1_0
      0002BA 24r00            [12] 1142 	add	a,#_MenuDefinitions
      0002BC FE               [12] 1143 	mov	r6,a
      0002BD E5*05            [12] 1144 	mov	a,(_RenderActiveMenu_sloc2_1_0 + 1)
      0002BF 34s00            [12] 1145 	addc	a,#(_MenuDefinitions >> 8)
      0002C1 FF               [12] 1146 	mov	r7,a
      0002C2 8E 82            [24] 1147 	mov	dpl,r6
      0002C4 8F 83            [24] 1148 	mov	dph,r7
      0002C6 A3               [24] 1149 	inc	dptr
      0002C7 A3               [24] 1150 	inc	dptr
      0002C8 A3               [24] 1151 	inc	dptr
      0002C9 E0               [24] 1152 	movx	a,@dptr
      0002CA FF               [12] 1153 	mov	r7,a
      0002CB 7E 00            [12] 1154 	mov	r6,#0x00
      0002CD B5*06 06         [24] 1155 	cjne	a,_RenderActiveMenu_sloc3_1_0,00183$
      0002D0 EE               [12] 1156 	mov	a,r6
      0002D1 B5*07 02         [24] 1157 	cjne	a,(_RenderActiveMenu_sloc3_1_0 + 1),00183$
      0002D4 80 03            [24] 1158 	sjmp	00184$
      0002D6                       1159 00183$:
      0002D6 02r04rBE         [24] 1160 	ljmp	00125$
      0002D9                       1161 00184$:
                                   1162 ;	../Common/MenuMgr.c:136: if (i == MenuController.currentSelectedMenuIndex)
      0002D9 90r00rCA         [24] 1163 	mov	dptr,#_MenuController
      0002DC E0               [24] 1164 	movx	a,@dptr
      0002DD 7E 00            [12] 1165 	mov	r6,#0x00
      0002DF B5*02 0C         [24] 1166 	cjne	a,_RenderActiveMenu_sloc1_1_0,00102$
      0002E2 EE               [12] 1167 	mov	a,r6
      0002E3 B5*03 08         [24] 1168 	cjne	a,(_RenderActiveMenu_sloc1_1_0 + 1),00102$
                                   1169 ;	../Common/MenuMgr.c:138: ch = '[';
      0002E6 90r00rDF         [24] 1170 	mov	dptr,#_RenderActiveMenu_ch_65536_72
      0002E9 74 5B            [12] 1171 	mov	a,#0x5b
      0002EB F0               [24] 1172 	movx	@dptr,a
      0002EC 80 06            [24] 1173 	sjmp	00103$
      0002EE                       1174 00102$:
                                   1175 ;	../Common/MenuMgr.c:142: ch = ' ';
      0002EE 90r00rDF         [24] 1176 	mov	dptr,#_RenderActiveMenu_ch_65536_72
      0002F1 74 20            [12] 1177 	mov	a,#0x20
      0002F3 F0               [24] 1178 	movx	@dptr,a
      0002F4                       1179 00103$:
                                   1180 ;	../Common/MenuMgr.c:144: COPY_IF_IN_WINDOW(pDisplay, ch, currentPos, windowStart, windowEnd);
      0002F4 90r00rE0         [24] 1181 	mov	dptr,#_RenderActiveMenu_currentPos_65536_72
      0002F7 E0               [24] 1182 	movx	a,@dptr
      0002F8 FE               [12] 1183 	mov	r6,a
      0002F9 A3               [24] 1184 	inc	dptr
      0002FA E0               [24] 1185 	movx	a,@dptr
      0002FB FF               [12] 1186 	mov	r7,a
      0002FC C3               [12] 1187 	clr	c
      0002FD EE               [12] 1188 	mov	a,r6
      0002FE 9A               [12] 1189 	subb	a,r2
      0002FF EF               [12] 1190 	mov	a,r7
      000300 64 80            [12] 1191 	xrl	a,#0x80
      000302 8B F0            [24] 1192 	mov	b,r3
      000304 63 F0 80         [24] 1193 	xrl	b,#0x80
      000307 95 F0            [12] 1194 	subb	a,b
      000309 40 4A            [24] 1195 	jc	00105$
      00030B EE               [12] 1196 	mov	a,r6
      00030C 9C               [12] 1197 	subb	a,r4
      00030D EF               [12] 1198 	mov	a,r7
      00030E 64 80            [12] 1199 	xrl	a,#0x80
      000310 8D F0            [24] 1200 	mov	b,r5
      000312 63 F0 80         [24] 1201 	xrl	b,#0x80
      000315 95 F0            [12] 1202 	subb	a,b
      000317 50 3C            [24] 1203 	jnc	00105$
      000319 90r00rDC         [24] 1204 	mov	dptr,#_RenderActiveMenu_pDisplay_65536_71
      00031C E0               [24] 1205 	movx	a,@dptr
      00031D F9               [12] 1206 	mov	r1,a
      00031E A3               [24] 1207 	inc	dptr
      00031F E0               [24] 1208 	movx	a,@dptr
      000320 FE               [12] 1209 	mov	r6,a
      000321 A3               [24] 1210 	inc	dptr
      000322 E0               [24] 1211 	movx	a,@dptr
      000323 FF               [12] 1212 	mov	r7,a
      000324 90r00rDF         [24] 1213 	mov	dptr,#_RenderActiveMenu_ch_65536_72
      000327 E0               [24] 1214 	movx	a,@dptr
      000328 F8               [12] 1215 	mov	r0,a
      000329 89 82            [24] 1216 	mov	dpl,r1
      00032B 8E 83            [24] 1217 	mov	dph,r6
      00032D 8F F0            [24] 1218 	mov	b,r7
      00032F 12r00r00         [24] 1219 	lcall	__gptrput
      000332 90r00rDC         [24] 1220 	mov	dptr,#_RenderActiveMenu_pDisplay_65536_71
      000335 74 01            [12] 1221 	mov	a,#0x01
      000337 29               [12] 1222 	add	a,r1
      000338 F0               [24] 1223 	movx	@dptr,a
      000339 E4               [12] 1224 	clr	a
      00033A 3E               [12] 1225 	addc	a,r6
      00033B A3               [24] 1226 	inc	dptr
      00033C F0               [24] 1227 	movx	@dptr,a
      00033D EF               [12] 1228 	mov	a,r7
      00033E A3               [24] 1229 	inc	dptr
      00033F F0               [24] 1230 	movx	@dptr,a
      000340 90r00rDC         [24] 1231 	mov	dptr,#_RenderActiveMenu_pDisplay_65536_71
      000343 E0               [24] 1232 	movx	a,@dptr
      000344 F9               [12] 1233 	mov	r1,a
      000345 A3               [24] 1234 	inc	dptr
      000346 E0               [24] 1235 	movx	a,@dptr
      000347 FE               [12] 1236 	mov	r6,a
      000348 A3               [24] 1237 	inc	dptr
      000349 E0               [24] 1238 	movx	a,@dptr
      00034A FF               [12] 1239 	mov	r7,a
      00034B 89 82            [24] 1240 	mov	dpl,r1
      00034D 8E 83            [24] 1241 	mov	dph,r6
      00034F 8F F0            [24] 1242 	mov	b,r7
      000351 E4               [12] 1243 	clr	a
      000352 12r00r00         [24] 1244 	lcall	__gptrput
      000355                       1245 00105$:
                                   1246 ;	../Common/MenuMgr.c:145: ++currentPos;
      000355 90r00rE0         [24] 1247 	mov	dptr,#_RenderActiveMenu_currentPos_65536_72
      000358 E0               [24] 1248 	movx	a,@dptr
      000359 24 01            [12] 1249 	add	a,#0x01
      00035B F0               [24] 1250 	movx	@dptr,a
      00035C A3               [24] 1251 	inc	dptr
      00035D E0               [24] 1252 	movx	a,@dptr
      00035E 34 00            [12] 1253 	addc	a,#0x00
      000360 F0               [24] 1254 	movx	@dptr,a
                                   1255 ;	../Common/MenuMgr.c:147: for (pTemp = MenuDefinitions[i].text; *pTemp; ++pTemp)
      000361 90r00r00         [24] 1256 	mov	dptr,#__mulint_PARM_2
      000364 E5*02            [12] 1257 	mov	a,_RenderActiveMenu_sloc1_1_0
      000366 F0               [24] 1258 	movx	@dptr,a
      000367 E5*03            [12] 1259 	mov	a,(_RenderActiveMenu_sloc1_1_0 + 1)
      000369 A3               [24] 1260 	inc	dptr
      00036A F0               [24] 1261 	movx	@dptr,a
      00036B 90 00 05         [24] 1262 	mov	dptr,#0x0005
      00036E C0 05            [24] 1263 	push	ar5
      000370 C0 04            [24] 1264 	push	ar4
      000372 C0 03            [24] 1265 	push	ar3
      000374 C0 02            [24] 1266 	push	ar2
      000376 12r00r00         [24] 1267 	lcall	__mulint
      000379 AE 82            [24] 1268 	mov	r6,dpl
      00037B AF 83            [24] 1269 	mov	r7,dph
      00037D D0 02            [24] 1270 	pop	ar2
      00037F D0 03            [24] 1271 	pop	ar3
      000381 D0 04            [24] 1272 	pop	ar4
      000383 D0 05            [24] 1273 	pop	ar5
      000385 EE               [12] 1274 	mov	a,r6
      000386 24r00            [12] 1275 	add	a,#_MenuDefinitions
      000388 F5 82            [12] 1276 	mov	dpl,a
      00038A EF               [12] 1277 	mov	a,r7
      00038B 34s00            [12] 1278 	addc	a,#(_MenuDefinitions >> 8)
      00038D F5 83            [12] 1279 	mov	dph,a
      00038F E0               [24] 1280 	movx	a,@dptr
      000390 F9               [12] 1281 	mov	r1,a
      000391 A3               [24] 1282 	inc	dptr
      000392 E0               [24] 1283 	movx	a,@dptr
      000393 FE               [12] 1284 	mov	r6,a
      000394 A3               [24] 1285 	inc	dptr
      000395 E0               [24] 1286 	movx	a,@dptr
      000396 FF               [12] 1287 	mov	r7,a
      000397 90r00rDC         [24] 1288 	mov	dptr,#_RenderActiveMenu_pDisplay_65536_71
      00039A E0               [24] 1289 	movx	a,@dptr
      00039B F5*0A            [12] 1290 	mov	_RenderActiveMenu_sloc5_1_0,a
      00039D A3               [24] 1291 	inc	dptr
      00039E E0               [24] 1292 	movx	a,@dptr
      00039F F5*0B            [12] 1293 	mov	(_RenderActiveMenu_sloc5_1_0 + 1),a
      0003A1 A3               [24] 1294 	inc	dptr
      0003A2 E0               [24] 1295 	movx	a,@dptr
      0003A3 F5*0C            [12] 1296 	mov	(_RenderActiveMenu_sloc5_1_0 + 2),a
      0003A5 90r00rE0         [24] 1297 	mov	dptr,#_RenderActiveMenu_currentPos_65536_72
      0003A8 E0               [24] 1298 	movx	a,@dptr
      0003A9 F5*04            [12] 1299 	mov	_RenderActiveMenu_sloc2_1_0,a
      0003AB A3               [24] 1300 	inc	dptr
      0003AC E0               [24] 1301 	movx	a,@dptr
      0003AD F5*05            [12] 1302 	mov	(_RenderActiveMenu_sloc2_1_0 + 1),a
      0003AF                       1303 00121$:
      0003AF 89 82            [24] 1304 	mov	dpl,r1
      0003B1 8E 83            [24] 1305 	mov	dph,r6
      0003B3 8F F0            [24] 1306 	mov	b,r7
      0003B5 12r00r00         [24] 1307 	lcall	__gptrget
      0003B8 F8               [12] 1308 	mov	r0,a
      0003B9 60 61            [24] 1309 	jz	00141$
                                   1310 ;	../Common/MenuMgr.c:149: COPY_IF_IN_WINDOW(pDisplay, *pTemp, currentPos, windowStart, windowEnd);
      0003BB C3               [12] 1311 	clr	c
      0003BC E5*04            [12] 1312 	mov	a,_RenderActiveMenu_sloc2_1_0
      0003BE 9A               [12] 1313 	subb	a,r2
      0003BF E5*05            [12] 1314 	mov	a,(_RenderActiveMenu_sloc2_1_0 + 1)
      0003C1 64 80            [12] 1315 	xrl	a,#0x80
      0003C3 8B F0            [24] 1316 	mov	b,r3
      0003C5 63 F0 80         [24] 1317 	xrl	b,#0x80
      0003C8 95 F0            [12] 1318 	subb	a,b
      0003CA 40 41            [24] 1319 	jc	00108$
      0003CC E5*04            [12] 1320 	mov	a,_RenderActiveMenu_sloc2_1_0
      0003CE 95*08            [12] 1321 	subb	a,_RenderActiveMenu_sloc4_1_0
      0003D0 E5*05            [12] 1322 	mov	a,(_RenderActiveMenu_sloc2_1_0 + 1)
      0003D2 64 80            [12] 1323 	xrl	a,#0x80
      0003D4 85*09 F0         [24] 1324 	mov	b,(_RenderActiveMenu_sloc4_1_0 + 1)
      0003D7 63 F0 80         [24] 1325 	xrl	b,#0x80
      0003DA 95 F0            [12] 1326 	subb	a,b
      0003DC 50 2F            [24] 1327 	jnc	00108$
      0003DE 85*0A 82         [24] 1328 	mov	dpl,_RenderActiveMenu_sloc5_1_0
      0003E1 85*0B 83         [24] 1329 	mov	dph,(_RenderActiveMenu_sloc5_1_0 + 1)
      0003E4 85*0C F0         [24] 1330 	mov	b,(_RenderActiveMenu_sloc5_1_0 + 2)
      0003E7 E8               [12] 1331 	mov	a,r0
      0003E8 12r00r00         [24] 1332 	lcall	__gptrput
      0003EB A3               [24] 1333 	inc	dptr
      0003EC 85 82*0A         [24] 1334 	mov	_RenderActiveMenu_sloc5_1_0,dpl
      0003EF 85 83*0B         [24] 1335 	mov	(_RenderActiveMenu_sloc5_1_0 + 1),dph
      0003F2 90r00rDC         [24] 1336 	mov	dptr,#_RenderActiveMenu_pDisplay_65536_71
      0003F5 E5*0A            [12] 1337 	mov	a,_RenderActiveMenu_sloc5_1_0
      0003F7 F0               [24] 1338 	movx	@dptr,a
      0003F8 E5*0B            [12] 1339 	mov	a,(_RenderActiveMenu_sloc5_1_0 + 1)
      0003FA A3               [24] 1340 	inc	dptr
      0003FB F0               [24] 1341 	movx	@dptr,a
      0003FC E5*0C            [12] 1342 	mov	a,(_RenderActiveMenu_sloc5_1_0 + 2)
      0003FE A3               [24] 1343 	inc	dptr
      0003FF F0               [24] 1344 	movx	@dptr,a
      000400 85*0A 82         [24] 1345 	mov	dpl,_RenderActiveMenu_sloc5_1_0
      000403 85*0B 83         [24] 1346 	mov	dph,(_RenderActiveMenu_sloc5_1_0 + 1)
      000406 85*0C F0         [24] 1347 	mov	b,(_RenderActiveMenu_sloc5_1_0 + 2)
      000409 E4               [12] 1348 	clr	a
      00040A 12r00r00         [24] 1349 	lcall	__gptrput
      00040D                       1350 00108$:
                                   1351 ;	../Common/MenuMgr.c:150: ++currentPos;
      00040D 05*04            [12] 1352 	inc	_RenderActiveMenu_sloc2_1_0
      00040F E4               [12] 1353 	clr	a
      000410 B5*04 02         [24] 1354 	cjne	a,_RenderActiveMenu_sloc2_1_0,00192$
      000413 05*05            [12] 1355 	inc	(_RenderActiveMenu_sloc2_1_0 + 1)
      000415                       1356 00192$:
                                   1357 ;	../Common/MenuMgr.c:147: for (pTemp = MenuDefinitions[i].text; *pTemp; ++pTemp)
      000415 09               [12] 1358 	inc	r1
      000416 B9 00 96         [24] 1359 	cjne	r1,#0x00,00121$
      000419 0E               [12] 1360 	inc	r6
      00041A 80 93            [24] 1361 	sjmp	00121$
      00041C                       1362 00141$:
      00041C 90r00rDC         [24] 1363 	mov	dptr,#_RenderActiveMenu_pDisplay_65536_71
      00041F E5*0A            [12] 1364 	mov	a,_RenderActiveMenu_sloc5_1_0
      000421 F0               [24] 1365 	movx	@dptr,a
      000422 E5*0B            [12] 1366 	mov	a,(_RenderActiveMenu_sloc5_1_0 + 1)
      000424 A3               [24] 1367 	inc	dptr
      000425 F0               [24] 1368 	movx	@dptr,a
      000426 E5*0C            [12] 1369 	mov	a,(_RenderActiveMenu_sloc5_1_0 + 2)
      000428 A3               [24] 1370 	inc	dptr
      000429 F0               [24] 1371 	movx	@dptr,a
      00042A 90r00rE0         [24] 1372 	mov	dptr,#_RenderActiveMenu_currentPos_65536_72
      00042D E5*04            [12] 1373 	mov	a,_RenderActiveMenu_sloc2_1_0
      00042F F0               [24] 1374 	movx	@dptr,a
      000430 E5*05            [12] 1375 	mov	a,(_RenderActiveMenu_sloc2_1_0 + 1)
      000432 A3               [24] 1376 	inc	dptr
      000433 F0               [24] 1377 	movx	@dptr,a
                                   1378 ;	../Common/MenuMgr.c:153: if (i == MenuController.currentSelectedMenuIndex)
      000434 90r00rCA         [24] 1379 	mov	dptr,#_MenuController
      000437 E0               [24] 1380 	movx	a,@dptr
      000438 7E 00            [12] 1381 	mov	r6,#0x00
      00043A B5*02 0C         [24] 1382 	cjne	a,_RenderActiveMenu_sloc1_1_0,00112$
      00043D EE               [12] 1383 	mov	a,r6
      00043E B5*03 08         [24] 1384 	cjne	a,(_RenderActiveMenu_sloc1_1_0 + 1),00112$
                                   1385 ;	../Common/MenuMgr.c:155: ch = ']';
      000441 90r00rDF         [24] 1386 	mov	dptr,#_RenderActiveMenu_ch_65536_72
      000444 74 5D            [12] 1387 	mov	a,#0x5d
      000446 F0               [24] 1388 	movx	@dptr,a
      000447 80 06            [24] 1389 	sjmp	00113$
      000449                       1390 00112$:
                                   1391 ;	../Common/MenuMgr.c:159: ch = ' ';
      000449 90r00rDF         [24] 1392 	mov	dptr,#_RenderActiveMenu_ch_65536_72
      00044C 74 20            [12] 1393 	mov	a,#0x20
      00044E F0               [24] 1394 	movx	@dptr,a
      00044F                       1395 00113$:
                                   1396 ;	../Common/MenuMgr.c:161: COPY_IF_IN_WINDOW(pDisplay, ch, currentPos, windowStart, windowEnd);
      00044F 90r00rE0         [24] 1397 	mov	dptr,#_RenderActiveMenu_currentPos_65536_72
      000452 E0               [24] 1398 	movx	a,@dptr
      000453 FE               [12] 1399 	mov	r6,a
      000454 A3               [24] 1400 	inc	dptr
      000455 E0               [24] 1401 	movx	a,@dptr
      000456 FF               [12] 1402 	mov	r7,a
      000457 C3               [12] 1403 	clr	c
      000458 EE               [12] 1404 	mov	a,r6
      000459 9A               [12] 1405 	subb	a,r2
      00045A EF               [12] 1406 	mov	a,r7
      00045B 64 80            [12] 1407 	xrl	a,#0x80
      00045D 8B F0            [24] 1408 	mov	b,r3
      00045F 63 F0 80         [24] 1409 	xrl	b,#0x80
      000462 95 F0            [12] 1410 	subb	a,b
      000464 40 4C            [24] 1411 	jc	00115$
      000466 EE               [12] 1412 	mov	a,r6
      000467 95*00            [12] 1413 	subb	a,_RenderActiveMenu_sloc0_1_0
      000469 EF               [12] 1414 	mov	a,r7
      00046A 64 80            [12] 1415 	xrl	a,#0x80
      00046C 85*01 F0         [24] 1416 	mov	b,(_RenderActiveMenu_sloc0_1_0 + 1)
      00046F 63 F0 80         [24] 1417 	xrl	b,#0x80
      000472 95 F0            [12] 1418 	subb	a,b
      000474 50 3C            [24] 1419 	jnc	00115$
      000476 90r00rDC         [24] 1420 	mov	dptr,#_RenderActiveMenu_pDisplay_65536_71
      000479 E0               [24] 1421 	movx	a,@dptr
      00047A F9               [12] 1422 	mov	r1,a
      00047B A3               [24] 1423 	inc	dptr
      00047C E0               [24] 1424 	movx	a,@dptr
      00047D FE               [12] 1425 	mov	r6,a
      00047E A3               [24] 1426 	inc	dptr
      00047F E0               [24] 1427 	movx	a,@dptr
      000480 FF               [12] 1428 	mov	r7,a
      000481 90r00rDF         [24] 1429 	mov	dptr,#_RenderActiveMenu_ch_65536_72
      000484 E0               [24] 1430 	movx	a,@dptr
      000485 F8               [12] 1431 	mov	r0,a
      000486 89 82            [24] 1432 	mov	dpl,r1
      000488 8E 83            [24] 1433 	mov	dph,r6
      00048A 8F F0            [24] 1434 	mov	b,r7
      00048C 12r00r00         [24] 1435 	lcall	__gptrput
      00048F 90r00rDC         [24] 1436 	mov	dptr,#_RenderActiveMenu_pDisplay_65536_71
      000492 74 01            [12] 1437 	mov	a,#0x01
      000494 29               [12] 1438 	add	a,r1
      000495 F0               [24] 1439 	movx	@dptr,a
      000496 E4               [12] 1440 	clr	a
      000497 3E               [12] 1441 	addc	a,r6
      000498 A3               [24] 1442 	inc	dptr
      000499 F0               [24] 1443 	movx	@dptr,a
      00049A EF               [12] 1444 	mov	a,r7
      00049B A3               [24] 1445 	inc	dptr
      00049C F0               [24] 1446 	movx	@dptr,a
      00049D 90r00rDC         [24] 1447 	mov	dptr,#_RenderActiveMenu_pDisplay_65536_71
      0004A0 E0               [24] 1448 	movx	a,@dptr
      0004A1 F9               [12] 1449 	mov	r1,a
      0004A2 A3               [24] 1450 	inc	dptr
      0004A3 E0               [24] 1451 	movx	a,@dptr
      0004A4 FE               [12] 1452 	mov	r6,a
      0004A5 A3               [24] 1453 	inc	dptr
      0004A6 E0               [24] 1454 	movx	a,@dptr
      0004A7 FF               [12] 1455 	mov	r7,a
      0004A8 89 82            [24] 1456 	mov	dpl,r1
      0004AA 8E 83            [24] 1457 	mov	dph,r6
      0004AC 8F F0            [24] 1458 	mov	b,r7
      0004AE E4               [12] 1459 	clr	a
      0004AF 12r00r00         [24] 1460 	lcall	__gptrput
      0004B2                       1461 00115$:
                                   1462 ;	../Common/MenuMgr.c:162: ++currentPos;
      0004B2 90r00rE0         [24] 1463 	mov	dptr,#_RenderActiveMenu_currentPos_65536_72
      0004B5 E0               [24] 1464 	movx	a,@dptr
      0004B6 24 01            [12] 1465 	add	a,#0x01
      0004B8 F0               [24] 1466 	movx	@dptr,a
      0004B9 A3               [24] 1467 	inc	dptr
      0004BA E0               [24] 1468 	movx	a,@dptr
      0004BB 34 00            [12] 1469 	addc	a,#0x00
      0004BD F0               [24] 1470 	movx	@dptr,a
      0004BE                       1471 00125$:
                                   1472 ;	../Common/MenuMgr.c:132: for (i = 0; MenuDefinitions[i].text != 0; ++i)
      0004BE 05*02            [12] 1473 	inc	_RenderActiveMenu_sloc1_1_0
      0004C0 E4               [12] 1474 	clr	a
      0004C1 B5*02 02         [24] 1475 	cjne	a,_RenderActiveMenu_sloc1_1_0,00198$
      0004C4 05*03            [12] 1476 	inc	(_RenderActiveMenu_sloc1_1_0 + 1)
      0004C6                       1477 00198$:
                                   1478 ;	../Common/MenuMgr.c:165: }
      0004C6 02r02r7A         [24] 1479 	ljmp	00124$
                                   1480 ;------------------------------------------------------------
                                   1481 ;Allocation info for local variables in function 'GetMenuItemExtent'
                                   1482 ;------------------------------------------------------------
                                   1483 ;sloc0                     Allocated with name '_GetMenuItemExtent_sloc0_1_0'
                                   1484 ;sloc1                     Allocated with name '_GetMenuItemExtent_sloc1_1_0'
                                   1485 ;sloc2                     Allocated with name '_GetMenuItemExtent_sloc2_1_0'
                                   1486 ;sloc3                     Allocated with name '_GetMenuItemExtent_sloc3_1_0'
                                   1487 ;sloc4                     Allocated with name '_GetMenuItemExtent_sloc4_1_0'
                                   1488 ;sloc5                     Allocated with name '_GetMenuItemExtent_sloc5_1_0'
                                   1489 ;pStartPos                 Allocated with name '_GetMenuItemExtent_PARM_2'
                                   1490 ;pEndPos                   Allocated with name '_GetMenuItemExtent_PARM_3'
                                   1491 ;menuItem                  Allocated with name '_GetMenuItemExtent_menuItem_65536_85'
                                   1492 ;currentParent             Allocated with name '_GetMenuItemExtent_currentParent_65536_86'
                                   1493 ;i                         Allocated with name '_GetMenuItemExtent_i_65536_86'
                                   1494 ;currentPos                Allocated with name '_GetMenuItemExtent_currentPos_65536_86'
                                   1495 ;pTemp                     Allocated with name '_GetMenuItemExtent_pTemp_65536_86'
                                   1496 ;------------------------------------------------------------
                                   1497 ;	../Common/MenuMgr.c:167: void GetMenuItemExtent(int menuItem, int *pStartPos, int *pEndPos)
                                   1498 ;	-----------------------------------------
                                   1499 ;	 function GetMenuItemExtent
                                   1500 ;	-----------------------------------------
      0004C9                       1501 _GetMenuItemExtent:
      0004C9 AF 83            [24] 1502 	mov	r7,dph
      0004CB E5 82            [12] 1503 	mov	a,dpl
      0004CD 90r00rE8         [24] 1504 	mov	dptr,#_GetMenuItemExtent_menuItem_65536_85
      0004D0 F0               [24] 1505 	movx	@dptr,a
      0004D1 EF               [12] 1506 	mov	a,r7
      0004D2 A3               [24] 1507 	inc	dptr
      0004D3 F0               [24] 1508 	movx	@dptr,a
                                   1509 ;	../Common/MenuMgr.c:174: *pStartPos = 0;
      0004D4 90r00rE2         [24] 1510 	mov	dptr,#_GetMenuItemExtent_PARM_2
      0004D7 E0               [24] 1511 	movx	a,@dptr
      0004D8 FD               [12] 1512 	mov	r5,a
      0004D9 A3               [24] 1513 	inc	dptr
      0004DA E0               [24] 1514 	movx	a,@dptr
      0004DB FE               [12] 1515 	mov	r6,a
      0004DC A3               [24] 1516 	inc	dptr
      0004DD E0               [24] 1517 	movx	a,@dptr
      0004DE FF               [12] 1518 	mov	r7,a
      0004DF 8D 82            [24] 1519 	mov	dpl,r5
      0004E1 8E 83            [24] 1520 	mov	dph,r6
      0004E3 8F F0            [24] 1521 	mov	b,r7
      0004E5 E4               [12] 1522 	clr	a
      0004E6 12r00r00         [24] 1523 	lcall	__gptrput
      0004E9 A3               [24] 1524 	inc	dptr
      0004EA 12r00r00         [24] 1525 	lcall	__gptrput
                                   1526 ;	../Common/MenuMgr.c:175: *pEndPos = 0;
      0004ED 90r00rE5         [24] 1527 	mov	dptr,#_GetMenuItemExtent_PARM_3
      0004F0 E0               [24] 1528 	movx	a,@dptr
      0004F1 F5*17            [12] 1529 	mov	_GetMenuItemExtent_sloc5_1_0,a
      0004F3 A3               [24] 1530 	inc	dptr
      0004F4 E0               [24] 1531 	movx	a,@dptr
      0004F5 F5*18            [12] 1532 	mov	(_GetMenuItemExtent_sloc5_1_0 + 1),a
      0004F7 A3               [24] 1533 	inc	dptr
      0004F8 E0               [24] 1534 	movx	a,@dptr
      0004F9 F5*19            [12] 1535 	mov	(_GetMenuItemExtent_sloc5_1_0 + 2),a
      0004FB 85*17 82         [24] 1536 	mov	dpl,_GetMenuItemExtent_sloc5_1_0
      0004FE 85*18 83         [24] 1537 	mov	dph,(_GetMenuItemExtent_sloc5_1_0 + 1)
      000501 85*19 F0         [24] 1538 	mov	b,(_GetMenuItemExtent_sloc5_1_0 + 2)
      000504 E4               [12] 1539 	clr	a
      000505 12r00r00         [24] 1540 	lcall	__gptrput
      000508 A3               [24] 1541 	inc	dptr
      000509 12r00r00         [24] 1542 	lcall	__gptrput
                                   1543 ;	../Common/MenuMgr.c:176: currentPos = 0;
      00050C 90r00rEA         [24] 1544 	mov	dptr,#_GetMenuItemExtent_currentPos_65536_86
      00050F F0               [24] 1545 	movx	@dptr,a
      000510 A3               [24] 1546 	inc	dptr
      000511 F0               [24] 1547 	movx	@dptr,a
                                   1548 ;	../Common/MenuMgr.c:178: currentParent = MenuDefinitions[menuItem].parent;
      000512 90r00rE8         [24] 1549 	mov	dptr,#_GetMenuItemExtent_menuItem_65536_85
      000515 E0               [24] 1550 	movx	a,@dptr
      000516 F5*0D            [12] 1551 	mov	_GetMenuItemExtent_sloc0_1_0,a
      000518 A3               [24] 1552 	inc	dptr
      000519 E0               [24] 1553 	movx	a,@dptr
      00051A F5*0E            [12] 1554 	mov	(_GetMenuItemExtent_sloc0_1_0 + 1),a
      00051C 90r00r00         [24] 1555 	mov	dptr,#__mulint_PARM_2
      00051F E5*0D            [12] 1556 	mov	a,_GetMenuItemExtent_sloc0_1_0
      000521 F0               [24] 1557 	movx	@dptr,a
      000522 E5*0E            [12] 1558 	mov	a,(_GetMenuItemExtent_sloc0_1_0 + 1)
      000524 A3               [24] 1559 	inc	dptr
      000525 F0               [24] 1560 	movx	@dptr,a
      000526 90 00 05         [24] 1561 	mov	dptr,#0x0005
      000529 C0 07            [24] 1562 	push	ar7
      00052B C0 06            [24] 1563 	push	ar6
      00052D C0 05            [24] 1564 	push	ar5
      00052F 12r00r00         [24] 1565 	lcall	__mulint
      000532 A8 82            [24] 1566 	mov	r0,dpl
      000534 A9 83            [24] 1567 	mov	r1,dph
      000536 D0 05            [24] 1568 	pop	ar5
      000538 D0 06            [24] 1569 	pop	ar6
      00053A D0 07            [24] 1570 	pop	ar7
      00053C E8               [12] 1571 	mov	a,r0
      00053D 24r00            [12] 1572 	add	a,#_MenuDefinitions
      00053F F8               [12] 1573 	mov	r0,a
      000540 E9               [12] 1574 	mov	a,r1
      000541 34s00            [12] 1575 	addc	a,#(_MenuDefinitions >> 8)
      000543 F9               [12] 1576 	mov	r1,a
      000544 88 82            [24] 1577 	mov	dpl,r0
      000546 89 83            [24] 1578 	mov	dph,r1
      000548 A3               [24] 1579 	inc	dptr
      000549 A3               [24] 1580 	inc	dptr
      00054A A3               [24] 1581 	inc	dptr
      00054B E0               [24] 1582 	movx	a,@dptr
      00054C F9               [12] 1583 	mov	r1,a
      00054D 89*15            [24] 1584 	mov	_GetMenuItemExtent_sloc4_1_0,r1
      00054F 75*16 00         [24] 1585 	mov	(_GetMenuItemExtent_sloc4_1_0 + 1),#0x00
                                   1586 ;	../Common/MenuMgr.c:180: for (i = 0; MenuDefinitions[i].text != 0; ++i)
      000552 85*0D*0F         [24] 1587 	mov	_GetMenuItemExtent_sloc1_1_0,_GetMenuItemExtent_sloc0_1_0
      000555 85*0E*10         [24] 1588 	mov	(_GetMenuItemExtent_sloc1_1_0 + 1),(_GetMenuItemExtent_sloc0_1_0 + 1)
      000558 E4               [12] 1589 	clr	a
      000559 F5*11            [12] 1590 	mov	_GetMenuItemExtent_sloc2_1_0,a
      00055B F5*12            [12] 1591 	mov	(_GetMenuItemExtent_sloc2_1_0 + 1),a
      00055D                       1592 00113$:
      00055D 90r00r00         [24] 1593 	mov	dptr,#__mulint_PARM_2
      000560 E5*11            [12] 1594 	mov	a,_GetMenuItemExtent_sloc2_1_0
      000562 F0               [24] 1595 	movx	@dptr,a
      000563 E5*12            [12] 1596 	mov	a,(_GetMenuItemExtent_sloc2_1_0 + 1)
      000565 A3               [24] 1597 	inc	dptr
      000566 F0               [24] 1598 	movx	@dptr,a
      000567 90 00 05         [24] 1599 	mov	dptr,#0x0005
      00056A C0 07            [24] 1600 	push	ar7
      00056C C0 06            [24] 1601 	push	ar6
      00056E C0 05            [24] 1602 	push	ar5
      000570 12r00r00         [24] 1603 	lcall	__mulint
      000573 85 82*13         [24] 1604 	mov	_GetMenuItemExtent_sloc3_1_0,dpl
      000576 85 83*14         [24] 1605 	mov	(_GetMenuItemExtent_sloc3_1_0 + 1),dph
      000579 D0 05            [24] 1606 	pop	ar5
      00057B D0 06            [24] 1607 	pop	ar6
      00057D D0 07            [24] 1608 	pop	ar7
      00057F E5*13            [12] 1609 	mov	a,_GetMenuItemExtent_sloc3_1_0
      000581 24r00            [12] 1610 	add	a,#_MenuDefinitions
      000583 F5 82            [12] 1611 	mov	dpl,a
      000585 E5*14            [12] 1612 	mov	a,(_GetMenuItemExtent_sloc3_1_0 + 1)
      000587 34s00            [12] 1613 	addc	a,#(_MenuDefinitions >> 8)
      000589 F5 83            [12] 1614 	mov	dph,a
      00058B E0               [24] 1615 	movx	a,@dptr
      00058C F8               [12] 1616 	mov	r0,a
      00058D A3               [24] 1617 	inc	dptr
      00058E E0               [24] 1618 	movx	a,@dptr
      00058F F9               [12] 1619 	mov	r1,a
      000590 A3               [24] 1620 	inc	dptr
      000591 E0               [24] 1621 	movx	a,@dptr
      000592 E8               [12] 1622 	mov	a,r0
      000593 49               [12] 1623 	orl	a,r1
      000594 70 01            [24] 1624 	jnz	00147$
      000596 22               [24] 1625 	ret
      000597                       1626 00147$:
                                   1627 ;	../Common/MenuMgr.c:182: if (MenuDefinitions[i].parent == currentParent)
      000597 E5*13            [12] 1628 	mov	a,_GetMenuItemExtent_sloc3_1_0
      000599 24r00            [12] 1629 	add	a,#_MenuDefinitions
      00059B FB               [12] 1630 	mov	r3,a
      00059C E5*14            [12] 1631 	mov	a,(_GetMenuItemExtent_sloc3_1_0 + 1)
      00059E 34s00            [12] 1632 	addc	a,#(_MenuDefinitions >> 8)
      0005A0 FC               [12] 1633 	mov	r4,a
      0005A1 8B 82            [24] 1634 	mov	dpl,r3
      0005A3 8C 83            [24] 1635 	mov	dph,r4
      0005A5 A3               [24] 1636 	inc	dptr
      0005A6 A3               [24] 1637 	inc	dptr
      0005A7 A3               [24] 1638 	inc	dptr
      0005A8 E0               [24] 1639 	movx	a,@dptr
      0005A9 FC               [12] 1640 	mov	r4,a
      0005AA 7B 00            [12] 1641 	mov	r3,#0x00
      0005AC B5*15 06         [24] 1642 	cjne	a,_GetMenuItemExtent_sloc4_1_0,00148$
      0005AF EB               [12] 1643 	mov	a,r3
      0005B0 B5*16 02         [24] 1644 	cjne	a,(_GetMenuItemExtent_sloc4_1_0 + 1),00148$
      0005B3 80 03            [24] 1645 	sjmp	00149$
      0005B5                       1646 00148$:
      0005B5 02r06r66         [24] 1647 	ljmp	00114$
      0005B8                       1648 00149$:
                                   1649 ;	../Common/MenuMgr.c:184: if (i == menuItem)
      0005B8 E5*0F            [12] 1650 	mov	a,_GetMenuItemExtent_sloc1_1_0
      0005BA B5*11 1C         [24] 1651 	cjne	a,_GetMenuItemExtent_sloc2_1_0,00102$
      0005BD E5*10            [12] 1652 	mov	a,(_GetMenuItemExtent_sloc1_1_0 + 1)
      0005BF B5*12 17         [24] 1653 	cjne	a,(_GetMenuItemExtent_sloc2_1_0 + 1),00102$
                                   1654 ;	../Common/MenuMgr.c:186: *pStartPos = currentPos;
      0005C2 90r00rEA         [24] 1655 	mov	dptr,#_GetMenuItemExtent_currentPos_65536_86
      0005C5 E0               [24] 1656 	movx	a,@dptr
      0005C6 FB               [12] 1657 	mov	r3,a
      0005C7 A3               [24] 1658 	inc	dptr
      0005C8 E0               [24] 1659 	movx	a,@dptr
      0005C9 FC               [12] 1660 	mov	r4,a
      0005CA 8D 82            [24] 1661 	mov	dpl,r5
      0005CC 8E 83            [24] 1662 	mov	dph,r6
      0005CE 8F F0            [24] 1663 	mov	b,r7
      0005D0 EB               [12] 1664 	mov	a,r3
      0005D1 12r00r00         [24] 1665 	lcall	__gptrput
      0005D4 A3               [24] 1666 	inc	dptr
      0005D5 EC               [12] 1667 	mov	a,r4
      0005D6 12r00r00         [24] 1668 	lcall	__gptrput
      0005D9                       1669 00102$:
                                   1670 ;	../Common/MenuMgr.c:188: currentPos++; 
      0005D9 90r00rEA         [24] 1671 	mov	dptr,#_GetMenuItemExtent_currentPos_65536_86
      0005DC E0               [24] 1672 	movx	a,@dptr
      0005DD 24 01            [12] 1673 	add	a,#0x01
      0005DF F0               [24] 1674 	movx	@dptr,a
      0005E0 A3               [24] 1675 	inc	dptr
      0005E1 E0               [24] 1676 	movx	a,@dptr
      0005E2 34 00            [12] 1677 	addc	a,#0x00
      0005E4 F0               [24] 1678 	movx	@dptr,a
                                   1679 ;	../Common/MenuMgr.c:191: for (pTemp = MenuDefinitions[i].text; *pTemp; ++pTemp)
      0005E5 90r00r00         [24] 1680 	mov	dptr,#__mulint_PARM_2
      0005E8 E5*11            [12] 1681 	mov	a,_GetMenuItemExtent_sloc2_1_0
      0005EA F0               [24] 1682 	movx	@dptr,a
      0005EB E5*12            [12] 1683 	mov	a,(_GetMenuItemExtent_sloc2_1_0 + 1)
      0005ED A3               [24] 1684 	inc	dptr
      0005EE F0               [24] 1685 	movx	@dptr,a
      0005EF 90 00 05         [24] 1686 	mov	dptr,#0x0005
      0005F2 C0 07            [24] 1687 	push	ar7
      0005F4 C0 06            [24] 1688 	push	ar6
      0005F6 C0 05            [24] 1689 	push	ar5
      0005F8 12r00r00         [24] 1690 	lcall	__mulint
      0005FB AB 82            [24] 1691 	mov	r3,dpl
      0005FD AC 83            [24] 1692 	mov	r4,dph
      0005FF D0 05            [24] 1693 	pop	ar5
      000601 D0 06            [24] 1694 	pop	ar6
      000603 D0 07            [24] 1695 	pop	ar7
      000605 EB               [12] 1696 	mov	a,r3
      000606 24r00            [12] 1697 	add	a,#_MenuDefinitions
      000608 F5 82            [12] 1698 	mov	dpl,a
      00060A EC               [12] 1699 	mov	a,r4
      00060B 34s00            [12] 1700 	addc	a,#(_MenuDefinitions >> 8)
      00060D F5 83            [12] 1701 	mov	dph,a
      00060F E0               [24] 1702 	movx	a,@dptr
      000610 FA               [12] 1703 	mov	r2,a
      000611 A3               [24] 1704 	inc	dptr
      000612 E0               [24] 1705 	movx	a,@dptr
      000613 FB               [12] 1706 	mov	r3,a
      000614 A3               [24] 1707 	inc	dptr
      000615 E0               [24] 1708 	movx	a,@dptr
      000616 FC               [12] 1709 	mov	r4,a
      000617 90r00rEA         [24] 1710 	mov	dptr,#_GetMenuItemExtent_currentPos_65536_86
      00061A E0               [24] 1711 	movx	a,@dptr
      00061B F8               [12] 1712 	mov	r0,a
      00061C A3               [24] 1713 	inc	dptr
      00061D E0               [24] 1714 	movx	a,@dptr
      00061E F9               [12] 1715 	mov	r1,a
      00061F                       1716 00110$:
      00061F 8A 82            [24] 1717 	mov	dpl,r2
      000621 8B 83            [24] 1718 	mov	dph,r3
      000623 8C F0            [24] 1719 	mov	b,r4
      000625 12r00r00         [24] 1720 	lcall	__gptrget
      000628 60 0C            [24] 1721 	jz	00124$
                                   1722 ;	../Common/MenuMgr.c:193: currentPos++;
      00062A 08               [12] 1723 	inc	r0
      00062B B8 00 01         [24] 1724 	cjne	r0,#0x00,00153$
      00062E 09               [12] 1725 	inc	r1
      00062F                       1726 00153$:
                                   1727 ;	../Common/MenuMgr.c:191: for (pTemp = MenuDefinitions[i].text; *pTemp; ++pTemp)
      00062F 0A               [12] 1728 	inc	r2
      000630 BA 00 EC         [24] 1729 	cjne	r2,#0x00,00110$
      000633 0B               [12] 1730 	inc	r3
      000634 80 E9            [24] 1731 	sjmp	00110$
      000636                       1732 00124$:
      000636 90r00rEA         [24] 1733 	mov	dptr,#_GetMenuItemExtent_currentPos_65536_86
      000639 E8               [12] 1734 	mov	a,r0
      00063A F0               [24] 1735 	movx	@dptr,a
      00063B E9               [12] 1736 	mov	a,r1
      00063C A3               [24] 1737 	inc	dptr
      00063D F0               [24] 1738 	movx	@dptr,a
                                   1739 ;	../Common/MenuMgr.c:196: if (i == menuItem)
      00063E E5*0D            [12] 1740 	mov	a,_GetMenuItemExtent_sloc0_1_0
      000640 B5*11 17         [24] 1741 	cjne	a,_GetMenuItemExtent_sloc2_1_0,00105$
      000643 E5*0E            [12] 1742 	mov	a,(_GetMenuItemExtent_sloc0_1_0 + 1)
      000645 B5*12 12         [24] 1743 	cjne	a,(_GetMenuItemExtent_sloc2_1_0 + 1),00105$
                                   1744 ;	../Common/MenuMgr.c:198: *pEndPos = currentPos;
      000648 85*17 82         [24] 1745 	mov	dpl,_GetMenuItemExtent_sloc5_1_0
      00064B 85*18 83         [24] 1746 	mov	dph,(_GetMenuItemExtent_sloc5_1_0 + 1)
      00064E 85*19 F0         [24] 1747 	mov	b,(_GetMenuItemExtent_sloc5_1_0 + 2)
      000651 E8               [12] 1748 	mov	a,r0
      000652 12r00r00         [24] 1749 	lcall	__gptrput
      000655 A3               [24] 1750 	inc	dptr
      000656 E9               [12] 1751 	mov	a,r1
      000657 12r00r00         [24] 1752 	lcall	__gptrput
      00065A                       1753 00105$:
                                   1754 ;	../Common/MenuMgr.c:200: currentPos++;
      00065A 90r00rEA         [24] 1755 	mov	dptr,#_GetMenuItemExtent_currentPos_65536_86
      00065D E0               [24] 1756 	movx	a,@dptr
      00065E 24 01            [12] 1757 	add	a,#0x01
      000660 F0               [24] 1758 	movx	@dptr,a
      000661 A3               [24] 1759 	inc	dptr
      000662 E0               [24] 1760 	movx	a,@dptr
      000663 34 00            [12] 1761 	addc	a,#0x00
      000665 F0               [24] 1762 	movx	@dptr,a
      000666                       1763 00114$:
                                   1764 ;	../Common/MenuMgr.c:180: for (i = 0; MenuDefinitions[i].text != 0; ++i)
      000666 05*11            [12] 1765 	inc	_GetMenuItemExtent_sloc2_1_0
      000668 E4               [12] 1766 	clr	a
      000669 B5*11 02         [24] 1767 	cjne	a,_GetMenuItemExtent_sloc2_1_0,00157$
      00066C 05*12            [12] 1768 	inc	(_GetMenuItemExtent_sloc2_1_0 + 1)
      00066E                       1769 00157$:
                                   1770 ;	../Common/MenuMgr.c:203: }
      00066E 02r05r5D         [24] 1771 	ljmp	00113$
                                   1772 ;------------------------------------------------------------
                                   1773 ;Allocation info for local variables in function 'RenderMenuOnBuffer'
                                   1774 ;------------------------------------------------------------
                                   1775 ;sloc0                     Allocated with name '_RenderMenuOnBuffer_sloc0_1_0'
                                   1776 ;maxLength                 Allocated with name '_RenderMenuOnBuffer_PARM_2'
                                   1777 ;pBuffer                   Allocated with name '_RenderMenuOnBuffer_pBuffer_65536_94'
                                   1778 ;startPos                  Allocated with name '_RenderMenuOnBuffer_startPos_131072_96'
                                   1779 ;endPos                    Allocated with name '_RenderMenuOnBuffer_endPos_131072_96'
                                   1780 ;------------------------------------------------------------
                                   1781 ;	../Common/MenuMgr.c:205: void RenderMenuOnBuffer(char *pBuffer, int maxLength)
                                   1782 ;	-----------------------------------------
                                   1783 ;	 function RenderMenuOnBuffer
                                   1784 ;	-----------------------------------------
      000671                       1785 _RenderMenuOnBuffer:
      000671 AF F0            [24] 1786 	mov	r7,b
      000673 AE 83            [24] 1787 	mov	r6,dph
      000675 E5 82            [12] 1788 	mov	a,dpl
      000677 90r00rEE         [24] 1789 	mov	dptr,#_RenderMenuOnBuffer_pBuffer_65536_94
      00067A F0               [24] 1790 	movx	@dptr,a
      00067B EE               [12] 1791 	mov	a,r6
      00067C A3               [24] 1792 	inc	dptr
      00067D F0               [24] 1793 	movx	@dptr,a
      00067E EF               [12] 1794 	mov	a,r7
      00067F A3               [24] 1795 	inc	dptr
      000680 F0               [24] 1796 	movx	@dptr,a
                                   1797 ;	../Common/MenuMgr.c:207: *pBuffer = 0;
      000681 90r00rEE         [24] 1798 	mov	dptr,#_RenderMenuOnBuffer_pBuffer_65536_94
      000684 E0               [24] 1799 	movx	a,@dptr
      000685 FD               [12] 1800 	mov	r5,a
      000686 A3               [24] 1801 	inc	dptr
      000687 E0               [24] 1802 	movx	a,@dptr
      000688 FE               [12] 1803 	mov	r6,a
      000689 A3               [24] 1804 	inc	dptr
      00068A E0               [24] 1805 	movx	a,@dptr
      00068B FF               [12] 1806 	mov	r7,a
      00068C 8D 82            [24] 1807 	mov	dpl,r5
      00068E 8E 83            [24] 1808 	mov	dph,r6
      000690 8F F0            [24] 1809 	mov	b,r7
      000692 E4               [12] 1810 	clr	a
      000693 12r00r00         [24] 1811 	lcall	__gptrput
                                   1812 ;	../Common/MenuMgr.c:215: GetMenuItemExtent(MenuController.currentSelectedMenuIndex, &startPos, &endPos);
      000696 90r00rCA         [24] 1813 	mov	dptr,#_MenuController
      000699 E0               [24] 1814 	movx	a,@dptr
      00069A FF               [12] 1815 	mov	r7,a
      00069B 7E 00            [12] 1816 	mov	r6,#0x00
      00069D 90r00rE2         [24] 1817 	mov	dptr,#_GetMenuItemExtent_PARM_2
      0006A0 74rF1            [12] 1818 	mov	a,#_RenderMenuOnBuffer_startPos_131072_96
      0006A2 F0               [24] 1819 	movx	@dptr,a
      0006A3 74s00            [12] 1820 	mov	a,#(_RenderMenuOnBuffer_startPos_131072_96 >> 8)
      0006A5 A3               [24] 1821 	inc	dptr
      0006A6 F0               [24] 1822 	movx	@dptr,a
      0006A7 E4               [12] 1823 	clr	a
      0006A8 A3               [24] 1824 	inc	dptr
      0006A9 F0               [24] 1825 	movx	@dptr,a
      0006AA 90r00rE5         [24] 1826 	mov	dptr,#_GetMenuItemExtent_PARM_3
      0006AD 74rF3            [12] 1827 	mov	a,#_RenderMenuOnBuffer_endPos_131072_96
      0006AF F0               [24] 1828 	movx	@dptr,a
      0006B0 74s00            [12] 1829 	mov	a,#(_RenderMenuOnBuffer_endPos_131072_96 >> 8)
      0006B2 A3               [24] 1830 	inc	dptr
      0006B3 F0               [24] 1831 	movx	@dptr,a
      0006B4 E4               [12] 1832 	clr	a
      0006B5 A3               [24] 1833 	inc	dptr
      0006B6 F0               [24] 1834 	movx	@dptr,a
      0006B7 8F 82            [24] 1835 	mov	dpl,r7
      0006B9 8E 83            [24] 1836 	mov	dph,r6
      0006BB 12r04rC9         [24] 1837 	lcall	_GetMenuItemExtent
                                   1838 ;	../Common/MenuMgr.c:219: if (startPos < MenuController.scrollPos)
      0006BE 90r00rCF         [24] 1839 	mov	dptr,#(_MenuController + 0x0005)
      0006C1 E0               [24] 1840 	movx	a,@dptr
      0006C2 FF               [12] 1841 	mov	r7,a
      0006C3 90r00rF1         [24] 1842 	mov	dptr,#_RenderMenuOnBuffer_startPos_131072_96
      0006C6 E0               [24] 1843 	movx	a,@dptr
      0006C7 FD               [12] 1844 	mov	r5,a
      0006C8 A3               [24] 1845 	inc	dptr
      0006C9 E0               [24] 1846 	movx	a,@dptr
      0006CA FE               [12] 1847 	mov	r6,a
      0006CB 8F 04            [24] 1848 	mov	ar4,r7
      0006CD 7F 00            [12] 1849 	mov	r7,#0x00
      0006CF C3               [12] 1850 	clr	c
      0006D0 ED               [12] 1851 	mov	a,r5
      0006D1 9C               [12] 1852 	subb	a,r4
      0006D2 EE               [12] 1853 	mov	a,r6
      0006D3 64 80            [12] 1854 	xrl	a,#0x80
      0006D5 8F F0            [24] 1855 	mov	b,r7
      0006D7 63 F0 80         [24] 1856 	xrl	b,#0x80
      0006DA 95 F0            [12] 1857 	subb	a,b
      0006DC 50 07            [24] 1858 	jnc	00104$
                                   1859 ;	../Common/MenuMgr.c:221: MenuController.scrollPos = startPos;
      0006DE 90r00rCF         [24] 1860 	mov	dptr,#(_MenuController + 0x0005)
      0006E1 ED               [12] 1861 	mov	a,r5
      0006E2 F0               [24] 1862 	movx	@dptr,a
      0006E3 80 2E            [24] 1863 	sjmp	00105$
      0006E5                       1864 00104$:
                                   1865 ;	../Common/MenuMgr.c:223: else if (endPos > MenuController.scrollPos + maxLength)
      0006E5 90r00rEC         [24] 1866 	mov	dptr,#_RenderMenuOnBuffer_PARM_2
      0006E8 E0               [24] 1867 	movx	a,@dptr
      0006E9 FD               [12] 1868 	mov	r5,a
      0006EA A3               [24] 1869 	inc	dptr
      0006EB E0               [24] 1870 	movx	a,@dptr
      0006EC FE               [12] 1871 	mov	r6,a
      0006ED ED               [12] 1872 	mov	a,r5
      0006EE 2C               [12] 1873 	add	a,r4
      0006EF FC               [12] 1874 	mov	r4,a
      0006F0 EE               [12] 1875 	mov	a,r6
      0006F1 3F               [12] 1876 	addc	a,r7
      0006F2 FF               [12] 1877 	mov	r7,a
      0006F3 90r00rF3         [24] 1878 	mov	dptr,#_RenderMenuOnBuffer_endPos_131072_96
      0006F6 E0               [24] 1879 	movx	a,@dptr
      0006F7 FA               [12] 1880 	mov	r2,a
      0006F8 A3               [24] 1881 	inc	dptr
      0006F9 E0               [24] 1882 	movx	a,@dptr
      0006FA FB               [12] 1883 	mov	r3,a
      0006FB C3               [12] 1884 	clr	c
      0006FC EC               [12] 1885 	mov	a,r4
      0006FD 9A               [12] 1886 	subb	a,r2
      0006FE EF               [12] 1887 	mov	a,r7
      0006FF 64 80            [12] 1888 	xrl	a,#0x80
      000701 8B F0            [24] 1889 	mov	b,r3
      000703 63 F0 80         [24] 1890 	xrl	b,#0x80
      000706 95 F0            [12] 1891 	subb	a,b
      000708 50 09            [24] 1892 	jnc	00105$
                                   1893 ;	../Common/MenuMgr.c:225: MenuController.scrollPos = endPos - maxLength + 1;
      00070A EA               [12] 1894 	mov	a,r2
      00070B C3               [12] 1895 	clr	c
      00070C 9D               [12] 1896 	subb	a,r5
      00070D 04               [12] 1897 	inc	a
      00070E FF               [12] 1898 	mov	r7,a
      00070F 90r00rCF         [24] 1899 	mov	dptr,#(_MenuController + 0x0005)
      000712 F0               [24] 1900 	movx	@dptr,a
      000713                       1901 00105$:
                                   1902 ;	../Common/MenuMgr.c:228: RenderActiveMenu(pBuffer, MenuController.scrollPos, MenuController.scrollPos + maxLength);
      000713 90r00rEE         [24] 1903 	mov	dptr,#_RenderMenuOnBuffer_pBuffer_65536_94
      000716 E0               [24] 1904 	movx	a,@dptr
      000717 FD               [12] 1905 	mov	r5,a
      000718 A3               [24] 1906 	inc	dptr
      000719 E0               [24] 1907 	movx	a,@dptr
      00071A FE               [12] 1908 	mov	r6,a
      00071B A3               [24] 1909 	inc	dptr
      00071C E0               [24] 1910 	movx	a,@dptr
      00071D FF               [12] 1911 	mov	r7,a
      00071E 90r00rCF         [24] 1912 	mov	dptr,#(_MenuController + 0x0005)
      000721 E0               [24] 1913 	movx	a,@dptr
      000722 FC               [12] 1914 	mov	r4,a
      000723 7B 00            [12] 1915 	mov	r3,#0x00
      000725 90r00rCF         [24] 1916 	mov	dptr,#(_MenuController + 0x0005)
      000728 E0               [24] 1917 	movx	a,@dptr
      000729 FA               [12] 1918 	mov	r2,a
      00072A 8A*1A            [24] 1919 	mov	_RenderMenuOnBuffer_sloc0_1_0,r2
                                   1920 ;	1-genFromRTrack replaced	mov	(_RenderMenuOnBuffer_sloc0_1_0 + 1),#0x00
      00072C 8B*1B            [24] 1921 	mov	(_RenderMenuOnBuffer_sloc0_1_0 + 1),r3
      00072E 90r00rEC         [24] 1922 	mov	dptr,#_RenderMenuOnBuffer_PARM_2
      000731 E0               [24] 1923 	movx	a,@dptr
      000732 F8               [12] 1924 	mov	r0,a
      000733 A3               [24] 1925 	inc	dptr
      000734 E0               [24] 1926 	movx	a,@dptr
      000735 FA               [12] 1927 	mov	r2,a
      000736 E8               [12] 1928 	mov	a,r0
      000737 25*1A            [12] 1929 	add	a,_RenderMenuOnBuffer_sloc0_1_0
      000739 F8               [12] 1930 	mov	r0,a
      00073A EA               [12] 1931 	mov	a,r2
      00073B 35*1B            [12] 1932 	addc	a,(_RenderMenuOnBuffer_sloc0_1_0 + 1)
      00073D FA               [12] 1933 	mov	r2,a
      00073E 90r00rD8         [24] 1934 	mov	dptr,#_RenderActiveMenu_PARM_2
      000741 EC               [12] 1935 	mov	a,r4
      000742 F0               [24] 1936 	movx	@dptr,a
      000743 EB               [12] 1937 	mov	a,r3
      000744 A3               [24] 1938 	inc	dptr
      000745 F0               [24] 1939 	movx	@dptr,a
      000746 90r00rDA         [24] 1940 	mov	dptr,#_RenderActiveMenu_PARM_3
      000749 E8               [12] 1941 	mov	a,r0
      00074A F0               [24] 1942 	movx	@dptr,a
      00074B EA               [12] 1943 	mov	a,r2
      00074C A3               [24] 1944 	inc	dptr
      00074D F0               [24] 1945 	movx	@dptr,a
      00074E 8D 82            [24] 1946 	mov	dpl,r5
      000750 8E 83            [24] 1947 	mov	dph,r6
      000752 8F F0            [24] 1948 	mov	b,r7
                                   1949 ;	../Common/MenuMgr.c:230: }
      000754 02r02r28         [24] 1950 	ljmp	_RenderActiveMenu
                                   1951 ;------------------------------------------------------------
                                   1952 ;Allocation info for local variables in function 'IsParentMenu'
                                   1953 ;------------------------------------------------------------
                                   1954 ;sloc0                     Allocated with name '_IsParentMenu_sloc0_1_0'
                                   1955 ;i                         Allocated with name '_IsParentMenu_i_65536_99'
                                   1956 ;------------------------------------------------------------
                                   1957 ;	../Common/MenuMgr.c:232: int IsParentMenu()
                                   1958 ;	-----------------------------------------
                                   1959 ;	 function IsParentMenu
                                   1960 ;	-----------------------------------------
      000757                       1961 _IsParentMenu:
                                   1962 ;	../Common/MenuMgr.c:235: for (i = 0; MenuDefinitions[i].text != 0; ++i)
      000757 90r00rCA         [24] 1963 	mov	dptr,#_MenuController
      00075A E0               [24] 1964 	movx	a,@dptr
      00075B FF               [12] 1965 	mov	r7,a
      00075C 75 F0 05         [24] 1966 	mov	b,#0x05
      00075F A4               [48] 1967 	mul	ab
      000760 F5*1C            [12] 1968 	mov	_IsParentMenu_sloc0_1_0,a
      000762 85 F0*1D         [24] 1969 	mov	(_IsParentMenu_sloc0_1_0 + 1),b
      000765 7C 00            [12] 1970 	mov	r4,#0x00
      000767 7D 00            [12] 1971 	mov	r5,#0x00
      000769                       1972 00105$:
      000769 90r00r00         [24] 1973 	mov	dptr,#__mulint_PARM_2
      00076C EC               [12] 1974 	mov	a,r4
      00076D F0               [24] 1975 	movx	@dptr,a
      00076E ED               [12] 1976 	mov	a,r5
      00076F A3               [24] 1977 	inc	dptr
      000770 F0               [24] 1978 	movx	@dptr,a
      000771 90 00 05         [24] 1979 	mov	dptr,#0x0005
      000774 C0 05            [24] 1980 	push	ar5
      000776 C0 04            [24] 1981 	push	ar4
      000778 12r00r00         [24] 1982 	lcall	__mulint
      00077B AA 82            [24] 1983 	mov	r2,dpl
      00077D AB 83            [24] 1984 	mov	r3,dph
      00077F D0 04            [24] 1985 	pop	ar4
      000781 D0 05            [24] 1986 	pop	ar5
      000783 EA               [12] 1987 	mov	a,r2
      000784 24r00            [12] 1988 	add	a,#_MenuDefinitions
      000786 F5 82            [12] 1989 	mov	dpl,a
      000788 EB               [12] 1990 	mov	a,r3
      000789 34s00            [12] 1991 	addc	a,#(_MenuDefinitions >> 8)
      00078B F5 83            [12] 1992 	mov	dph,a
      00078D E0               [24] 1993 	movx	a,@dptr
      00078E F8               [12] 1994 	mov	r0,a
      00078F A3               [24] 1995 	inc	dptr
      000790 E0               [24] 1996 	movx	a,@dptr
      000791 F9               [12] 1997 	mov	r1,a
      000792 A3               [24] 1998 	inc	dptr
      000793 E0               [24] 1999 	movx	a,@dptr
      000794 E8               [12] 2000 	mov	a,r0
      000795 49               [12] 2001 	orl	a,r1
      000796 60 34            [24] 2002 	jz	00103$
                                   2003 ;	../Common/MenuMgr.c:237: if (MenuDefinitions[i].parent == MenuDefinitions[MenuController.currentSelectedMenuIndex].id)
      000798 EA               [12] 2004 	mov	a,r2
      000799 24r00            [12] 2005 	add	a,#_MenuDefinitions
      00079B FA               [12] 2006 	mov	r2,a
      00079C EB               [12] 2007 	mov	a,r3
      00079D 34s00            [12] 2008 	addc	a,#(_MenuDefinitions >> 8)
      00079F FB               [12] 2009 	mov	r3,a
      0007A0 8A 82            [24] 2010 	mov	dpl,r2
      0007A2 8B 83            [24] 2011 	mov	dph,r3
      0007A4 A3               [24] 2012 	inc	dptr
      0007A5 A3               [24] 2013 	inc	dptr
      0007A6 A3               [24] 2014 	inc	dptr
      0007A7 E0               [24] 2015 	movx	a,@dptr
      0007A8 FF               [12] 2016 	mov	r7,a
      0007A9 E5*1C            [12] 2017 	mov	a,_IsParentMenu_sloc0_1_0
      0007AB 24r00            [12] 2018 	add	a,#_MenuDefinitions
      0007AD FB               [12] 2019 	mov	r3,a
      0007AE E5*1D            [12] 2020 	mov	a,(_IsParentMenu_sloc0_1_0 + 1)
      0007B0 34s00            [12] 2021 	addc	a,#(_MenuDefinitions >> 8)
      0007B2 FE               [12] 2022 	mov	r6,a
      0007B3 8B 82            [24] 2023 	mov	dpl,r3
      0007B5 8E 83            [24] 2024 	mov	dph,r6
      0007B7 A3               [24] 2025 	inc	dptr
      0007B8 A3               [24] 2026 	inc	dptr
      0007B9 A3               [24] 2027 	inc	dptr
      0007BA A3               [24] 2028 	inc	dptr
      0007BB E0               [24] 2029 	movx	a,@dptr
      0007BC FE               [12] 2030 	mov	r6,a
      0007BD EF               [12] 2031 	mov	a,r7
      0007BE B5 06 04         [24] 2032 	cjne	a,ar6,00106$
                                   2033 ;	../Common/MenuMgr.c:239: return 1;
      0007C1 90 00 01         [24] 2034 	mov	dptr,#0x0001
      0007C4 22               [24] 2035 	ret
      0007C5                       2036 00106$:
                                   2037 ;	../Common/MenuMgr.c:235: for (i = 0; MenuDefinitions[i].text != 0; ++i)
      0007C5 0C               [12] 2038 	inc	r4
      0007C6 BC 00 A0         [24] 2039 	cjne	r4,#0x00,00105$
      0007C9 0D               [12] 2040 	inc	r5
      0007CA 80 9D            [24] 2041 	sjmp	00105$
      0007CC                       2042 00103$:
                                   2043 ;	../Common/MenuMgr.c:242: return 0;
      0007CC 90 00 00         [24] 2044 	mov	dptr,#0x0000
                                   2045 ;	../Common/MenuMgr.c:243: }
      0007CF 22               [24] 2046 	ret
                                   2047 ;------------------------------------------------------------
                                   2048 ;Allocation info for local variables in function 'IsGoBack'
                                   2049 ;------------------------------------------------------------
                                   2050 ;	../Common/MenuMgr.c:245: int IsGoBack()
                                   2051 ;	-----------------------------------------
                                   2052 ;	 function IsGoBack
                                   2053 ;	-----------------------------------------
      0007D0                       2054 _IsGoBack:
                                   2055 ;	../Common/MenuMgr.c:247: return MenuDefinitions[MenuController.currentSelectedMenuIndex].id == MENU_END_SENTINEL;
      0007D0 90r00rCA         [24] 2056 	mov	dptr,#_MenuController
      0007D3 E0               [24] 2057 	movx	a,@dptr
      0007D4 75 F0 05         [24] 2058 	mov	b,#0x05
      0007D7 A4               [48] 2059 	mul	ab
      0007D8 24r00            [12] 2060 	add	a,#_MenuDefinitions
      0007DA FE               [12] 2061 	mov	r6,a
      0007DB 74s00            [12] 2062 	mov	a,#(_MenuDefinitions >> 8)
      0007DD 35 F0            [12] 2063 	addc	a,b
      0007DF FF               [12] 2064 	mov	r7,a
      0007E0 8E 82            [24] 2065 	mov	dpl,r6
      0007E2 8F 83            [24] 2066 	mov	dph,r7
      0007E4 A3               [24] 2067 	inc	dptr
      0007E5 A3               [24] 2068 	inc	dptr
      0007E6 A3               [24] 2069 	inc	dptr
      0007E7 A3               [24] 2070 	inc	dptr
      0007E8 E0               [24] 2071 	movx	a,@dptr
      0007E9 FF               [12] 2072 	mov	r7,a
      0007EA BF 01 03         [24] 2073 	cjne	r7,#0x01,00103$
      0007ED EF               [12] 2074 	mov	a,r7
      0007EE 80 01            [24] 2075 	sjmp	00104$
      0007F0                       2076 00103$:
      0007F0 E4               [12] 2077 	clr	a
      0007F1                       2078 00104$:
      0007F1 FF               [12] 2079 	mov	r7,a
      0007F2 7E 00            [12] 2080 	mov	r6,#0x00
      0007F4 8F 82            [24] 2081 	mov	dpl,r7
      0007F6 8E 83            [24] 2082 	mov	dph,r6
                                   2083 ;	../Common/MenuMgr.c:248: }
      0007F8 22               [24] 2084 	ret
                                   2085 ;------------------------------------------------------------
                                   2086 ;Allocation info for local variables in function 'GoSubMenu'
                                   2087 ;------------------------------------------------------------
                                   2088 ;i                         Allocated with name '_GoSubMenu_i_65536_104'
                                   2089 ;------------------------------------------------------------
                                   2090 ;	../Common/MenuMgr.c:250: void GoSubMenu()
                                   2091 ;	-----------------------------------------
                                   2092 ;	 function GoSubMenu
                                   2093 ;	-----------------------------------------
      0007F9                       2094 _GoSubMenu:
                                   2095 ;	../Common/MenuMgr.c:253: for (i = 0; MenuDefinitions[i].text != 0; ++i)
      0007F9 7E 00            [12] 2096 	mov	r6,#0x00
      0007FB 7F 00            [12] 2097 	mov	r7,#0x00
      0007FD                       2098 00105$:
      0007FD 90r00r00         [24] 2099 	mov	dptr,#__mulint_PARM_2
      000800 EE               [12] 2100 	mov	a,r6
      000801 F0               [24] 2101 	movx	@dptr,a
      000802 EF               [12] 2102 	mov	a,r7
      000803 A3               [24] 2103 	inc	dptr
      000804 F0               [24] 2104 	movx	@dptr,a
      000805 90 00 05         [24] 2105 	mov	dptr,#0x0005
      000808 C0 07            [24] 2106 	push	ar7
      00080A C0 06            [24] 2107 	push	ar6
      00080C 12r00r00         [24] 2108 	lcall	__mulint
      00080F AC 82            [24] 2109 	mov	r4,dpl
      000811 AD 83            [24] 2110 	mov	r5,dph
      000813 D0 06            [24] 2111 	pop	ar6
      000815 D0 07            [24] 2112 	pop	ar7
      000817 EC               [12] 2113 	mov	a,r4
      000818 24r00            [12] 2114 	add	a,#_MenuDefinitions
      00081A F5 82            [12] 2115 	mov	dpl,a
      00081C ED               [12] 2116 	mov	a,r5
      00081D 34s00            [12] 2117 	addc	a,#(_MenuDefinitions >> 8)
      00081F F5 83            [12] 2118 	mov	dph,a
      000821 E0               [24] 2119 	movx	a,@dptr
      000822 F9               [12] 2120 	mov	r1,a
      000823 A3               [24] 2121 	inc	dptr
      000824 E0               [24] 2122 	movx	a,@dptr
      000825 FA               [12] 2123 	mov	r2,a
      000826 A3               [24] 2124 	inc	dptr
      000827 E0               [24] 2125 	movx	a,@dptr
      000828 E9               [12] 2126 	mov	a,r1
      000829 4A               [12] 2127 	orl	a,r2
      00082A 70 01            [24] 2128 	jnz	00121$
      00082C 22               [24] 2129 	ret
      00082D                       2130 00121$:
                                   2131 ;	../Common/MenuMgr.c:255: if (MenuDefinitions[i].parent == MenuDefinitions[MenuController.currentSelectedMenuIndex].id)
      00082D EC               [12] 2132 	mov	a,r4
      00082E 24r00            [12] 2133 	add	a,#_MenuDefinitions
      000830 FC               [12] 2134 	mov	r4,a
      000831 ED               [12] 2135 	mov	a,r5
      000832 34s00            [12] 2136 	addc	a,#(_MenuDefinitions >> 8)
      000834 FD               [12] 2137 	mov	r5,a
      000835 8C 82            [24] 2138 	mov	dpl,r4
      000837 8D 83            [24] 2139 	mov	dph,r5
      000839 A3               [24] 2140 	inc	dptr
      00083A A3               [24] 2141 	inc	dptr
      00083B A3               [24] 2142 	inc	dptr
      00083C E0               [24] 2143 	movx	a,@dptr
      00083D FD               [12] 2144 	mov	r5,a
      00083E 90r00rCA         [24] 2145 	mov	dptr,#_MenuController
      000841 E0               [24] 2146 	movx	a,@dptr
      000842 75 F0 05         [24] 2147 	mov	b,#0x05
      000845 A4               [48] 2148 	mul	ab
      000846 24r00            [12] 2149 	add	a,#_MenuDefinitions
      000848 FB               [12] 2150 	mov	r3,a
      000849 74s00            [12] 2151 	mov	a,#(_MenuDefinitions >> 8)
      00084B 35 F0            [12] 2152 	addc	a,b
      00084D FC               [12] 2153 	mov	r4,a
      00084E 8B 82            [24] 2154 	mov	dpl,r3
      000850 8C 83            [24] 2155 	mov	dph,r4
      000852 A3               [24] 2156 	inc	dptr
      000853 A3               [24] 2157 	inc	dptr
      000854 A3               [24] 2158 	inc	dptr
      000855 A3               [24] 2159 	inc	dptr
      000856 E0               [24] 2160 	movx	a,@dptr
      000857 FC               [12] 2161 	mov	r4,a
      000858 ED               [12] 2162 	mov	a,r5
      000859 B5 04 65         [24] 2163 	cjne	a,ar4,00106$
                                   2164 ;	../Common/MenuMgr.c:257: HandleMenuCommand(MenuDefinitions[MenuController.currentSelectedMenuIndex].id, MENU_SUBMENUENTER);
      00085C 7D 00            [12] 2165 	mov	r5,#0x00
      00085E 90r00r00         [24] 2166 	mov	dptr,#_HandleMenuCommand_PARM_2
      000861 74 03            [12] 2167 	mov	a,#0x03
      000863 F0               [24] 2168 	movx	@dptr,a
      000864 E4               [12] 2169 	clr	a
      000865 A3               [24] 2170 	inc	dptr
      000866 F0               [24] 2171 	movx	@dptr,a
      000867 8C 82            [24] 2172 	mov	dpl,r4
      000869 8D 83            [24] 2173 	mov	dph,r5
      00086B C0 07            [24] 2174 	push	ar7
      00086D C0 06            [24] 2175 	push	ar6
      00086F 12r00r00         [24] 2176 	lcall	_HandleMenuCommand
      000872 D0 06            [24] 2177 	pop	ar6
      000874 D0 07            [24] 2178 	pop	ar7
                                   2179 ;	../Common/MenuMgr.c:259: MenuController.navStack[MenuController.navStackPtr++] = MenuController.currentSelectedMenuIndex;
      000876 90r00rCE         [24] 2180 	mov	dptr,#(_MenuController + 0x0004)
      000879 E0               [24] 2181 	movx	a,@dptr
      00087A FD               [12] 2182 	mov	r5,a
      00087B 04               [12] 2183 	inc	a
      00087C 90r00rCE         [24] 2184 	mov	dptr,#(_MenuController + 0x0004)
      00087F F0               [24] 2185 	movx	@dptr,a
      000880 ED               [12] 2186 	mov	a,r5
      000881 24rCB            [12] 2187 	add	a,#(_MenuController + 0x0001)
      000883 FD               [12] 2188 	mov	r5,a
      000884 E4               [12] 2189 	clr	a
      000885 34s00            [12] 2190 	addc	a,#((_MenuController + 0x0001) >> 8)
      000887 FC               [12] 2191 	mov	r4,a
      000888 90r00rCA         [24] 2192 	mov	dptr,#_MenuController
      00088B E0               [24] 2193 	movx	a,@dptr
      00088C 8D 82            [24] 2194 	mov	dpl,r5
      00088E 8C 83            [24] 2195 	mov	dph,r4
      000890 F0               [24] 2196 	movx	@dptr,a
                                   2197 ;	../Common/MenuMgr.c:260: MenuController.currentSelectedMenuIndex = i;
      000891 8E 05            [24] 2198 	mov	ar5,r6
      000893 90r00rCA         [24] 2199 	mov	dptr,#_MenuController
      000896 ED               [12] 2200 	mov	a,r5
      000897 F0               [24] 2201 	movx	@dptr,a
                                   2202 ;	../Common/MenuMgr.c:261: HandleMenuCommand(MenuDefinitions[MenuController.currentSelectedMenuIndex].id, MENU_HOVERED);
      000898 ED               [12] 2203 	mov	a,r5
      000899 75 F0 05         [24] 2204 	mov	b,#0x05
      00089C A4               [48] 2205 	mul	ab
      00089D 24r00            [12] 2206 	add	a,#_MenuDefinitions
      00089F FC               [12] 2207 	mov	r4,a
      0008A0 74s00            [12] 2208 	mov	a,#(_MenuDefinitions >> 8)
      0008A2 35 F0            [12] 2209 	addc	a,b
      0008A4 FD               [12] 2210 	mov	r5,a
      0008A5 8C 82            [24] 2211 	mov	dpl,r4
      0008A7 8D 83            [24] 2212 	mov	dph,r5
      0008A9 A3               [24] 2213 	inc	dptr
      0008AA A3               [24] 2214 	inc	dptr
      0008AB A3               [24] 2215 	inc	dptr
      0008AC A3               [24] 2216 	inc	dptr
      0008AD E0               [24] 2217 	movx	a,@dptr
      0008AE FD               [12] 2218 	mov	r5,a
      0008AF 7C 00            [12] 2219 	mov	r4,#0x00
      0008B1 90r00r00         [24] 2220 	mov	dptr,#_HandleMenuCommand_PARM_2
      0008B4 74 01            [12] 2221 	mov	a,#0x01
      0008B6 F0               [24] 2222 	movx	@dptr,a
      0008B7 E4               [12] 2223 	clr	a
      0008B8 A3               [24] 2224 	inc	dptr
      0008B9 F0               [24] 2225 	movx	@dptr,a
      0008BA 8D 82            [24] 2226 	mov	dpl,r5
      0008BC 8C 83            [24] 2227 	mov	dph,r4
                                   2228 ;	../Common/MenuMgr.c:262: break;
      0008BE 02r00r00         [24] 2229 	ljmp	_HandleMenuCommand
      0008C1                       2230 00106$:
                                   2231 ;	../Common/MenuMgr.c:253: for (i = 0; MenuDefinitions[i].text != 0; ++i)
      0008C1 0E               [12] 2232 	inc	r6
      0008C2 BE 00 01         [24] 2233 	cjne	r6,#0x00,00124$
      0008C5 0F               [12] 2234 	inc	r7
      0008C6                       2235 00124$:
                                   2236 ;	../Common/MenuMgr.c:265: }
      0008C6 02r07rFD         [24] 2237 	ljmp	00105$
                                   2238 ;------------------------------------------------------------
                                   2239 ;Allocation info for local variables in function 'GoRight'
                                   2240 ;------------------------------------------------------------
                                   2241 ;sloc0                     Allocated with name '_GoRight_sloc0_1_0'
                                   2242 ;i                         Allocated with name '_GoRight_i_65536_108'
                                   2243 ;currentParent             Allocated with name '_GoRight_currentParent_65536_108'
                                   2244 ;------------------------------------------------------------
                                   2245 ;	../Common/MenuMgr.c:267: void GoRight()
                                   2246 ;	-----------------------------------------
                                   2247 ;	 function GoRight
                                   2248 ;	-----------------------------------------
      0008C9                       2249 _GoRight:
                                   2250 ;	../Common/MenuMgr.c:272: currentParent = MenuDefinitions[MenuController.currentSelectedMenuIndex].parent;
      0008C9 90r00rCA         [24] 2251 	mov	dptr,#_MenuController
      0008CC E0               [24] 2252 	movx	a,@dptr
      0008CD FF               [12] 2253 	mov	r7,a
      0008CE 75 F0 05         [24] 2254 	mov	b,#0x05
      0008D1 A4               [48] 2255 	mul	ab
      0008D2 24r00            [12] 2256 	add	a,#_MenuDefinitions
      0008D4 FD               [12] 2257 	mov	r5,a
      0008D5 74s00            [12] 2258 	mov	a,#(_MenuDefinitions >> 8)
      0008D7 35 F0            [12] 2259 	addc	a,b
      0008D9 FE               [12] 2260 	mov	r6,a
      0008DA 8D 82            [24] 2261 	mov	dpl,r5
      0008DC 8E 83            [24] 2262 	mov	dph,r6
      0008DE A3               [24] 2263 	inc	dptr
      0008DF A3               [24] 2264 	inc	dptr
      0008E0 A3               [24] 2265 	inc	dptr
      0008E1 E0               [24] 2266 	movx	a,@dptr
      0008E2 FE               [12] 2267 	mov	r6,a
      0008E3 8E*1E            [24] 2268 	mov	_GoRight_sloc0_1_0,r6
      0008E5 75*1F 00         [24] 2269 	mov	(_GoRight_sloc0_1_0 + 1),#0x00
                                   2270 ;	../Common/MenuMgr.c:273: i = MenuController.currentSelectedMenuIndex + 1;
      0008E8 7C 00            [12] 2271 	mov	r4,#0x00
      0008EA 0F               [12] 2272 	inc	r7
      0008EB BF 00 01         [24] 2273 	cjne	r7,#0x00,00121$
      0008EE 0C               [12] 2274 	inc	r4
      0008EF                       2275 00121$:
                                   2276 ;	../Common/MenuMgr.c:274: while (MenuDefinitions[i].text != 0)
      0008EF                       2277 00104$:
      0008EF 90r00r00         [24] 2278 	mov	dptr,#__mulint_PARM_2
      0008F2 EF               [12] 2279 	mov	a,r7
      0008F3 F0               [24] 2280 	movx	@dptr,a
      0008F4 EC               [12] 2281 	mov	a,r4
      0008F5 A3               [24] 2282 	inc	dptr
      0008F6 F0               [24] 2283 	movx	@dptr,a
      0008F7 90 00 05         [24] 2284 	mov	dptr,#0x0005
      0008FA C0 07            [24] 2285 	push	ar7
      0008FC C0 04            [24] 2286 	push	ar4
      0008FE 12r00r00         [24] 2287 	lcall	__mulint
      000901 AA 82            [24] 2288 	mov	r2,dpl
      000903 AB 83            [24] 2289 	mov	r3,dph
      000905 D0 04            [24] 2290 	pop	ar4
      000907 D0 07            [24] 2291 	pop	ar7
      000909 EA               [12] 2292 	mov	a,r2
      00090A 24r00            [12] 2293 	add	a,#_MenuDefinitions
      00090C F5 82            [12] 2294 	mov	dpl,a
      00090E EB               [12] 2295 	mov	a,r3
      00090F 34s00            [12] 2296 	addc	a,#(_MenuDefinitions >> 8)
      000911 F5 83            [12] 2297 	mov	dph,a
      000913 E0               [24] 2298 	movx	a,@dptr
      000914 F8               [12] 2299 	mov	r0,a
      000915 A3               [24] 2300 	inc	dptr
      000916 E0               [24] 2301 	movx	a,@dptr
      000917 F9               [12] 2302 	mov	r1,a
      000918 A3               [24] 2303 	inc	dptr
      000919 E0               [24] 2304 	movx	a,@dptr
      00091A E8               [12] 2305 	mov	a,r0
      00091B 49               [12] 2306 	orl	a,r1
      00091C 60 52            [24] 2307 	jz	00107$
                                   2308 ;	../Common/MenuMgr.c:276: if (MenuDefinitions[i].parent == currentParent)
      00091E EA               [12] 2309 	mov	a,r2
      00091F 24r00            [12] 2310 	add	a,#_MenuDefinitions
      000921 FA               [12] 2311 	mov	r2,a
      000922 EB               [12] 2312 	mov	a,r3
      000923 34s00            [12] 2313 	addc	a,#(_MenuDefinitions >> 8)
      000925 FB               [12] 2314 	mov	r3,a
      000926 8A 82            [24] 2315 	mov	dpl,r2
      000928 8B 83            [24] 2316 	mov	dph,r3
      00092A A3               [24] 2317 	inc	dptr
      00092B A3               [24] 2318 	inc	dptr
      00092C A3               [24] 2319 	inc	dptr
      00092D E0               [24] 2320 	movx	a,@dptr
      00092E FE               [12] 2321 	mov	r6,a
      00092F 7D 00            [12] 2322 	mov	r5,#0x00
      000931 B5*1E 34         [24] 2323 	cjne	a,_GoRight_sloc0_1_0,00102$
      000934 ED               [12] 2324 	mov	a,r5
      000935 B5*1F 30         [24] 2325 	cjne	a,(_GoRight_sloc0_1_0 + 1),00102$
                                   2326 ;	../Common/MenuMgr.c:278: MenuController.currentSelectedMenuIndex = i;
      000938 8F 06            [24] 2327 	mov	ar6,r7
      00093A 90r00rCA         [24] 2328 	mov	dptr,#_MenuController
      00093D EE               [12] 2329 	mov	a,r6
      00093E F0               [24] 2330 	movx	@dptr,a
                                   2331 ;	../Common/MenuMgr.c:279: HandleMenuCommand(MenuDefinitions[MenuController.currentSelectedMenuIndex].id, MENU_HOVERED);
      00093F EE               [12] 2332 	mov	a,r6
      000940 75 F0 05         [24] 2333 	mov	b,#0x05
      000943 A4               [48] 2334 	mul	ab
      000944 24r00            [12] 2335 	add	a,#_MenuDefinitions
      000946 FD               [12] 2336 	mov	r5,a
      000947 74s00            [12] 2337 	mov	a,#(_MenuDefinitions >> 8)
      000949 35 F0            [12] 2338 	addc	a,b
      00094B FE               [12] 2339 	mov	r6,a
      00094C 8D 82            [24] 2340 	mov	dpl,r5
      00094E 8E 83            [24] 2341 	mov	dph,r6
      000950 A3               [24] 2342 	inc	dptr
      000951 A3               [24] 2343 	inc	dptr
      000952 A3               [24] 2344 	inc	dptr
      000953 A3               [24] 2345 	inc	dptr
      000954 E0               [24] 2346 	movx	a,@dptr
      000955 FE               [12] 2347 	mov	r6,a
      000956 7D 00            [12] 2348 	mov	r5,#0x00
      000958 90r00r00         [24] 2349 	mov	dptr,#_HandleMenuCommand_PARM_2
      00095B 74 01            [12] 2350 	mov	a,#0x01
      00095D F0               [24] 2351 	movx	@dptr,a
      00095E E4               [12] 2352 	clr	a
      00095F A3               [24] 2353 	inc	dptr
      000960 F0               [24] 2354 	movx	@dptr,a
      000961 8E 82            [24] 2355 	mov	dpl,r6
      000963 8D 83            [24] 2356 	mov	dph,r5
                                   2357 ;	../Common/MenuMgr.c:280: break;
      000965 02r00r00         [24] 2358 	ljmp	_HandleMenuCommand
      000968                       2359 00102$:
                                   2360 ;	../Common/MenuMgr.c:284: i++;
      000968 0F               [12] 2361 	inc	r7
      000969 BF 00 01         [24] 2362 	cjne	r7,#0x00,00125$
      00096C 0C               [12] 2363 	inc	r4
      00096D                       2364 00125$:
      00096D 02r08rEF         [24] 2365 	ljmp	00104$
      000970                       2366 00107$:
                                   2367 ;	../Common/MenuMgr.c:288: }
      000970 22               [24] 2368 	ret
                                   2369 ;------------------------------------------------------------
                                   2370 ;Allocation info for local variables in function 'GoLeft'
                                   2371 ;------------------------------------------------------------
                                   2372 ;i                         Allocated with name '_GoLeft_i_65536_112'
                                   2373 ;currentParent             Allocated with name '_GoLeft_currentParent_65536_112'
                                   2374 ;------------------------------------------------------------
                                   2375 ;	../Common/MenuMgr.c:290: void GoLeft()
                                   2376 ;	-----------------------------------------
                                   2377 ;	 function GoLeft
                                   2378 ;	-----------------------------------------
      000971                       2379 _GoLeft:
                                   2380 ;	../Common/MenuMgr.c:295: currentParent = MenuDefinitions[MenuController.currentSelectedMenuIndex].parent;
      000971 90r00rCA         [24] 2381 	mov	dptr,#_MenuController
      000974 E0               [24] 2382 	movx	a,@dptr
      000975 FF               [12] 2383 	mov	r7,a
      000976 75 F0 05         [24] 2384 	mov	b,#0x05
      000979 A4               [48] 2385 	mul	ab
      00097A 24r00            [12] 2386 	add	a,#_MenuDefinitions
      00097C FD               [12] 2387 	mov	r5,a
      00097D 74s00            [12] 2388 	mov	a,#(_MenuDefinitions >> 8)
      00097F 35 F0            [12] 2389 	addc	a,b
      000981 FE               [12] 2390 	mov	r6,a
      000982 8D 82            [24] 2391 	mov	dpl,r5
      000984 8E 83            [24] 2392 	mov	dph,r6
      000986 A3               [24] 2393 	inc	dptr
      000987 A3               [24] 2394 	inc	dptr
      000988 A3               [24] 2395 	inc	dptr
      000989 E0               [24] 2396 	movx	a,@dptr
      00098A FD               [12] 2397 	mov	r5,a
      00098B 7E 00            [12] 2398 	mov	r6,#0x00
                                   2399 ;	../Common/MenuMgr.c:296: i = MenuController.currentSelectedMenuIndex - 1;
      00098D 7C 00            [12] 2400 	mov	r4,#0x00
      00098F 1F               [12] 2401 	dec	r7
      000990 BF FF 01         [24] 2402 	cjne	r7,#0xff,00121$
      000993 1C               [12] 2403 	dec	r4
      000994                       2404 00121$:
                                   2405 ;	../Common/MenuMgr.c:297: while (i >= 0)
      000994                       2406 00104$:
      000994 EC               [12] 2407 	mov	a,r4
      000995 30 E7 01         [24] 2408 	jnb	acc.7,00122$
      000998 22               [24] 2409 	ret
      000999                       2410 00122$:
                                   2411 ;	../Common/MenuMgr.c:299: if (MenuDefinitions[i].parent == currentParent)
      000999 90r00r00         [24] 2412 	mov	dptr,#__mulint_PARM_2
      00099C EF               [12] 2413 	mov	a,r7
      00099D F0               [24] 2414 	movx	@dptr,a
      00099E EC               [12] 2415 	mov	a,r4
      00099F A3               [24] 2416 	inc	dptr
      0009A0 F0               [24] 2417 	movx	@dptr,a
      0009A1 90 00 05         [24] 2418 	mov	dptr,#0x0005
      0009A4 C0 07            [24] 2419 	push	ar7
      0009A6 C0 06            [24] 2420 	push	ar6
      0009A8 C0 05            [24] 2421 	push	ar5
      0009AA C0 04            [24] 2422 	push	ar4
      0009AC 12r00r00         [24] 2423 	lcall	__mulint
      0009AF AA 82            [24] 2424 	mov	r2,dpl
      0009B1 AB 83            [24] 2425 	mov	r3,dph
      0009B3 D0 04            [24] 2426 	pop	ar4
      0009B5 D0 05            [24] 2427 	pop	ar5
      0009B7 D0 06            [24] 2428 	pop	ar6
      0009B9 D0 07            [24] 2429 	pop	ar7
      0009BB EA               [12] 2430 	mov	a,r2
      0009BC 24r00            [12] 2431 	add	a,#_MenuDefinitions
      0009BE FA               [12] 2432 	mov	r2,a
      0009BF EB               [12] 2433 	mov	a,r3
      0009C0 34s00            [12] 2434 	addc	a,#(_MenuDefinitions >> 8)
      0009C2 FB               [12] 2435 	mov	r3,a
      0009C3 8A 82            [24] 2436 	mov	dpl,r2
      0009C5 8B 83            [24] 2437 	mov	dph,r3
      0009C7 A3               [24] 2438 	inc	dptr
      0009C8 A3               [24] 2439 	inc	dptr
      0009C9 A3               [24] 2440 	inc	dptr
      0009CA E0               [24] 2441 	movx	a,@dptr
      0009CB FB               [12] 2442 	mov	r3,a
      0009CC 7A 00            [12] 2443 	mov	r2,#0x00
      0009CE B5 05 34         [24] 2444 	cjne	a,ar5,00102$
      0009D1 EA               [12] 2445 	mov	a,r2
      0009D2 B5 06 30         [24] 2446 	cjne	a,ar6,00102$
                                   2447 ;	../Common/MenuMgr.c:301: MenuController.currentSelectedMenuIndex = i;
      0009D5 8F 03            [24] 2448 	mov	ar3,r7
      0009D7 90r00rCA         [24] 2449 	mov	dptr,#_MenuController
      0009DA EB               [12] 2450 	mov	a,r3
      0009DB F0               [24] 2451 	movx	@dptr,a
                                   2452 ;	../Common/MenuMgr.c:302: HandleMenuCommand(MenuDefinitions[MenuController.currentSelectedMenuIndex].id, MENU_HOVERED);
      0009DC EB               [12] 2453 	mov	a,r3
      0009DD 75 F0 05         [24] 2454 	mov	b,#0x05
      0009E0 A4               [48] 2455 	mul	ab
      0009E1 24r00            [12] 2456 	add	a,#_MenuDefinitions
      0009E3 FA               [12] 2457 	mov	r2,a
      0009E4 74s00            [12] 2458 	mov	a,#(_MenuDefinitions >> 8)
      0009E6 35 F0            [12] 2459 	addc	a,b
      0009E8 FB               [12] 2460 	mov	r3,a
      0009E9 8A 82            [24] 2461 	mov	dpl,r2
      0009EB 8B 83            [24] 2462 	mov	dph,r3
      0009ED A3               [24] 2463 	inc	dptr
      0009EE A3               [24] 2464 	inc	dptr
      0009EF A3               [24] 2465 	inc	dptr
      0009F0 A3               [24] 2466 	inc	dptr
      0009F1 E0               [24] 2467 	movx	a,@dptr
      0009F2 FB               [12] 2468 	mov	r3,a
      0009F3 7A 00            [12] 2469 	mov	r2,#0x00
      0009F5 90r00r00         [24] 2470 	mov	dptr,#_HandleMenuCommand_PARM_2
      0009F8 74 01            [12] 2471 	mov	a,#0x01
      0009FA F0               [24] 2472 	movx	@dptr,a
      0009FB E4               [12] 2473 	clr	a
      0009FC A3               [24] 2474 	inc	dptr
      0009FD F0               [24] 2475 	movx	@dptr,a
      0009FE 8B 82            [24] 2476 	mov	dpl,r3
      000A00 8A 83            [24] 2477 	mov	dph,r2
                                   2478 ;	../Common/MenuMgr.c:303: break;
      000A02 02r00r00         [24] 2479 	ljmp	_HandleMenuCommand
      000A05                       2480 00102$:
                                   2481 ;	../Common/MenuMgr.c:307: i--;
      000A05 1F               [12] 2482 	dec	r7
      000A06 BF FF 01         [24] 2483 	cjne	r7,#0xff,00125$
      000A09 1C               [12] 2484 	dec	r4
      000A0A                       2485 00125$:
                                   2486 ;	../Common/MenuMgr.c:311: }
      000A0A 02r09r94         [24] 2487 	ljmp	00104$
                                   2488 ;------------------------------------------------------------
                                   2489 ;Allocation info for local variables in function 'GoBackUp'
                                   2490 ;------------------------------------------------------------
                                   2491 ;	../Common/MenuMgr.c:313: void GoBackUp()
                                   2492 ;	-----------------------------------------
                                   2493 ;	 function GoBackUp
                                   2494 ;	-----------------------------------------
      000A0D                       2495 _GoBackUp:
                                   2496 ;	../Common/MenuMgr.c:315: MenuController.currentSelectedMenuIndex = 0;
      000A0D 90r00rCA         [24] 2497 	mov	dptr,#_MenuController
      000A10 E4               [12] 2498 	clr	a
      000A11 F0               [24] 2499 	movx	@dptr,a
                                   2500 ;	../Common/MenuMgr.c:317: if (MenuController.navStackPtr > 0)
      000A12 90r00rCE         [24] 2501 	mov	dptr,#(_MenuController + 0x0004)
      000A15 E0               [24] 2502 	movx	a,@dptr
      000A16 FF               [12] 2503 	mov	r7,a
      000A17 60 6B            [24] 2504 	jz	00103$
                                   2505 ;	../Common/MenuMgr.c:319: MenuController.currentSelectedMenuIndex = MenuController.navStack[--MenuController.navStackPtr];
      000A19 1F               [12] 2506 	dec	r7
      000A1A 90r00rCE         [24] 2507 	mov	dptr,#(_MenuController + 0x0004)
      000A1D EF               [12] 2508 	mov	a,r7
      000A1E F0               [24] 2509 	movx	@dptr,a
      000A1F EF               [12] 2510 	mov	a,r7
      000A20 24rCB            [12] 2511 	add	a,#(_MenuController + 0x0001)
      000A22 F5 82            [12] 2512 	mov	dpl,a
      000A24 E4               [12] 2513 	clr	a
      000A25 34s00            [12] 2514 	addc	a,#((_MenuController + 0x0001) >> 8)
      000A27 F5 83            [12] 2515 	mov	dph,a
      000A29 E0               [24] 2516 	movx	a,@dptr
      000A2A FF               [12] 2517 	mov	r7,a
      000A2B 90r00rCA         [24] 2518 	mov	dptr,#_MenuController
      000A2E F0               [24] 2519 	movx	@dptr,a
                                   2520 ;	../Common/MenuMgr.c:320: HandleMenuCommand(MenuDefinitions[MenuController.currentSelectedMenuIndex].id, MENU_SUBMENUEXIT);
      000A2F EF               [12] 2521 	mov	a,r7
      000A30 75 F0 05         [24] 2522 	mov	b,#0x05
      000A33 A4               [48] 2523 	mul	ab
      000A34 24r00            [12] 2524 	add	a,#_MenuDefinitions
      000A36 FE               [12] 2525 	mov	r6,a
      000A37 74s00            [12] 2526 	mov	a,#(_MenuDefinitions >> 8)
      000A39 35 F0            [12] 2527 	addc	a,b
      000A3B FF               [12] 2528 	mov	r7,a
      000A3C 8E 82            [24] 2529 	mov	dpl,r6
      000A3E 8F 83            [24] 2530 	mov	dph,r7
      000A40 A3               [24] 2531 	inc	dptr
      000A41 A3               [24] 2532 	inc	dptr
      000A42 A3               [24] 2533 	inc	dptr
      000A43 A3               [24] 2534 	inc	dptr
      000A44 E0               [24] 2535 	movx	a,@dptr
      000A45 FF               [12] 2536 	mov	r7,a
      000A46 7E 00            [12] 2537 	mov	r6,#0x00
      000A48 90r00r00         [24] 2538 	mov	dptr,#_HandleMenuCommand_PARM_2
      000A4B 74 04            [12] 2539 	mov	a,#0x04
      000A4D F0               [24] 2540 	movx	@dptr,a
      000A4E E4               [12] 2541 	clr	a
      000A4F A3               [24] 2542 	inc	dptr
      000A50 F0               [24] 2543 	movx	@dptr,a
      000A51 8F 82            [24] 2544 	mov	dpl,r7
      000A53 8E 83            [24] 2545 	mov	dph,r6
      000A55 12r00r00         [24] 2546 	lcall	_HandleMenuCommand
                                   2547 ;	../Common/MenuMgr.c:321: HandleMenuCommand(MenuDefinitions[MenuController.currentSelectedMenuIndex].id, MENU_HOVERED);
      000A58 90r00rCA         [24] 2548 	mov	dptr,#_MenuController
      000A5B E0               [24] 2549 	movx	a,@dptr
      000A5C 75 F0 05         [24] 2550 	mov	b,#0x05
      000A5F A4               [48] 2551 	mul	ab
      000A60 24r00            [12] 2552 	add	a,#_MenuDefinitions
      000A62 FE               [12] 2553 	mov	r6,a
      000A63 74s00            [12] 2554 	mov	a,#(_MenuDefinitions >> 8)
      000A65 35 F0            [12] 2555 	addc	a,b
      000A67 FF               [12] 2556 	mov	r7,a
      000A68 8E 82            [24] 2557 	mov	dpl,r6
      000A6A 8F 83            [24] 2558 	mov	dph,r7
      000A6C A3               [24] 2559 	inc	dptr
      000A6D A3               [24] 2560 	inc	dptr
      000A6E A3               [24] 2561 	inc	dptr
      000A6F A3               [24] 2562 	inc	dptr
      000A70 E0               [24] 2563 	movx	a,@dptr
      000A71 FF               [12] 2564 	mov	r7,a
      000A72 7E 00            [12] 2565 	mov	r6,#0x00
      000A74 90r00r00         [24] 2566 	mov	dptr,#_HandleMenuCommand_PARM_2
      000A77 74 01            [12] 2567 	mov	a,#0x01
      000A79 F0               [24] 2568 	movx	@dptr,a
      000A7A E4               [12] 2569 	clr	a
      000A7B A3               [24] 2570 	inc	dptr
      000A7C F0               [24] 2571 	movx	@dptr,a
      000A7D 8F 82            [24] 2572 	mov	dpl,r7
      000A7F 8E 83            [24] 2573 	mov	dph,r6
                                   2574 ;	../Common/MenuMgr.c:323: }
      000A81 02r00r00         [24] 2575 	ljmp	_HandleMenuCommand
      000A84                       2576 00103$:
      000A84 22               [24] 2577 	ret
                                   2578 	.area CSEG    (CODE)
                                   2579 	.area CONST   (CODE)
                                   2580 	.area CONST   (CODE)
      000000                       2581 ___str_0:
      000000 4D 65 6E 75 20 69 74  2582 	.ascii "Menu item count"
             65 6D 20 63 6F 75 6E
             74
      00000F 00                    2583 	.db 0x00
                                   2584 	.area CSEG    (CODE)
                                   2585 	.area XINIT   (CODE)
                                   2586 	.area CABS    (ABS,CODE)
